x1,x2,x3,y
5.762666285,5.118405927,8.896356311,-2.308942143
3.168196614,7.079837614,8.809889686,0.5316625535
7.875180632,1.654087246,9.91386265,-0.1394167156
2.695476443,1.974103674,9.583550571,-1.4929967
1.730210605,2.849168986,2.588056224,-0.4458666036
9.675419087,7.81307628,6.203032971,0.1118960597
6.953759362,9.343691966,5.247442141,1.530436057
9.128618852,7.042522285,6.089010161,0.6015261662
5.428907736,3.273879925,4.966413102,-0.363317276
8.178004665,4.461672682,4.298983266,-1.343449001
1.052890935,2.622280015,7.238295988,1.107201085
2.093974056,3.1293257,2.376031436,1.046927746
9.39157976,7.130365784,9.494889806,-1.152568161
9.943810466,8.597732433,6.406557378,-0.9000737757
4.453070728,6.950745443,6.979908705,-0.05948438897
9.885144879,9.513568233,5.100642898,-0.6225983361
3.244266851,5.813566776,8.522141536,0.06749599245
4.378174645,4.565166543,1.250430969,1.993702648
8.867822645,6.736642692,5.054739783,-0.6301077454
2.963564693,6.250584441,5.315344204,0.6876887716
6.012995461,8.495935192,1.495133364,0.9802141614
8.268543167,4.821437443,8.816895648,-1.12136535
3.233649077,3.614536343,1.511560416,-0.04743936243
1.970534439,5.395842344,2.370589637,-0.2243075931
9.897800661,9.330990102,6.935746222,-1.181381335
2.450021341,1.947031225,6.467806798,-0.3979922943
4.694551981,5.447738912,3.748394426,-0.8555214838
1.389560885,8.565759072,2.741709801,-0.6440160325
2.210664255,7.101219789,9.983588102,1.6043704
8.708430603,1.867623447,4.059084709,0.965270387
7.41370972,2.241719192,3.959515386,0.4390597897
3.743970282,1.169456632,2.766976418,0.2528145195
7.940550246,6.298643686,9.164172877,1.798348987
2.632595666,6.934002686,8.346204642,2.107052991
7.219109028,2.766798613,4.74163561,-0.7608261473
3.195660592,4.669169145,8.970054023,0.3562253199
2.639092274,3.131621159,9.489347736,-0.2918157943
7.612815654,5.372673771,3.787262968,-1.195161147
4.772998744,2.098065076,9.61390688,0.6173455409
6.361701389,5.832278737,8.452025676,-0.3989193659
1.773346413,4.769624865,5.153954309,-2.123888867
3.164835104,6.021182027,4.02413909,-1.488798064
4.683068671,3.954187546,4.055936742,-1.304823079
2.659095442,7.685144304,3.52514228,1.053370334
1.743592899,3.534362479,5.588027374,-1.011641224
4.266898228,8.617457501,6.8282107,-0.6970210755
9.161812727,9.405233183,1.92191355,-0.5604499319
6.493191858,7.812581299,5.609360168,-0.8595889724
8.064818518,8.585059882,3.748504865,-1.37309933
8.826504611,3.975561808,2.025531297,-1.521605446
2.285971402,3.467016256,2.035471823,-1.666458247
4.326652549,1.210816872,2.724046482,2.567721729
1.233888956,5.208609906,6.736140175,1.224922026
8.965279357,8.18147989,9.326274837,-0.1136502642
1.657382749,5.671306283,5.364329328,0.6341869985
9.596531276,9.245636516,8.70460812,-0.4266539852
2.490226639,6.423387122,2.432834751,-1.272048958
3.173824003,5.228673564,1.838072135,0.02833445188
8.698295897,5.622436673,9.864799661,0.2502372965
1.792386569,6.957709398,9.307532199,-1.04487164
9.552290123,2.006251266,3.372148832,0.03450882986
4.026933639,5.010961837,1.447608316,-0.5327010752
8.037064562,7.325159005,2.517536942,0.857472086
4.244628844,2.228086426,3.748721126,-1.273972797
8.306740065,6.318752302,8.033796867,-0.6665566068
2.162590029,7.959413641,1.05906686,0.2744982668
3.281759363,9.06411213,9.759845004,-0.3659532343
1.94444826,6.817896416,5.980598236,0.8259722648
7.952084393,3.99552793,1.824722604,0.2566752
1.400409949,3.464703793,6.758908178,1.299587353
2.261591236,5.488813817,5.401233951,1.127229449
6.705135978,6.205426633,3.355893199,0.1906586251
4.868380561,9.099047336,5.487534451,0.3229046472
2.532245939,7.385071808,8.042156367,0.302024629
4.39109641,3.48543282,3.006701076,0.08545218835
2.911450426,2.309622467,2.066218632,-1.480974808
5.820314692,7.653421313,9.375206016,-1.235551509
9.520766869,6.156277112,9.015679864,-0.2391161601
3.989370523,7.974602455,2.963599894,0.8851187243
9.701134385,3.529474523,3.236073099,1.536115412
