A,B,y
9.052295137e-19,5.042085991e-21,1.359753088e+15
5.617488858e-19,5.431894972e-21,8.269560347e+14
6.773287877e-19,6.573854915e-21,1.006139435e+15
8.00592729e-19,2.296224592e-21,1.202087892e+15
7.256268246e-19,4.071142602e-21,1.082494599e+15
8.2584378e-19,2.89647483e-21,1.229036302e+15
6.756911397e-19,4.610163115e-21,1.022515154e+15
9.070906108e-19,9.103772513e-21,1.350312376e+15
8.587561548e-19,9.02267607e-21,1.26706654e+15
8.098867483e-19,7.675976136e-21,1.211346439e+15
5.418848191e-19,5.074015692e-21,7.967511999e+14
9.056357112e-19,8.973558077e-21,1.357413841e+15
9.506439175e-19,4.662586976e-21,1.421621624e+15
5.535186519e-19,4.057187226e-21,8.163108609e+14
6.487441834e-19,9.547604144e-21,9.721288738e+14
9.189237325e-19,8.495057434e-21,1.386913566e+15
5.236537136e-19,4.448626522e-21,8.007383411e+14
9.521778361e-19,8.921710568e-21,1.442757847e+15
5.772976942e-19,6.065480563e-21,8.347272424e+14
6.624365888e-19,6.491943774e-21,9.837294532e+14
6.31528336e-19,7.034719685e-21,9.601125983e+14
5.332911875e-19,8.454409661e-21,7.896543443e+14
6.987485951e-19,6.2067481e-21,1.048919981e+15
6.098446318e-19,8.030512274e-21,9.149719035e+14
9.675273518e-19,1.615289296e-21,1.466392955e+15
8.832916413e-19,7.329766831e-21,1.320929341e+15
9.786589168e-19,8.10704294e-21,1.467483135e+15
6.141258586e-19,8.172333421e-21,9.367645928e+14
9.75748668e-19,7.150163798e-21,1.45518472e+15
7.763796605e-19,2.346369834e-21,1.167931383e+15
6.889292903e-19,4.716945506e-21,1.039382419e+15
8.529142011e-19,5.102077391e-21,1.297794718e+15
9.450853158e-19,2.364838834e-21,1.429548179e+15
5.099041184e-19,6.930819836e-21,7.435227902e+14
5.401259245e-19,6.033043064e-21,8.271371396e+14
5.421872888e-19,4.298703859e-21,8.224955769e+14
6.630417556e-19,2.202627692e-21,1.010902995e+15
7.713291754e-19,9.462455616e-21,1.156567254e+15
7.18354455e-19,6.356633055e-21,1.062459711e+15
7.179658373e-19,5.015492582e-21,1.081153105e+15
5.596145681e-19,8.063151576e-21,8.266542527e+14
6.537192789e-19,3.917960807e-21,9.799204752e+14
8.009534423e-19,4.654339378e-21,1.201496619e+15
5.551589505e-19,5.26684252e-21,8.325010052e+14
8.589659839e-19,7.377008928e-21,1.288141573e+15
5.067595617e-19,4.727002954e-21,7.590261448e+14
9.004954367e-19,7.36776998e-21,1.345902435e+15
7.424086335e-19,6.763711192e-21,1.116691305e+15
5.944370016e-19,5.406713224e-21,8.899318066e+14
7.524081536e-19,4.489164782e-21,1.135318248e+15
5.719406395e-19,1.587908711e-21,8.58448721e+14
9.516055898e-19,2.438882442e-21,1.438184069e+15
9.66772215e-19,6.045822371e-21,1.454668759e+15
8.512008042e-19,2.260007148e-21,1.26277263e+15
8.904949886e-19,6.60767279e-21,1.343905879e+15
7.132530842e-19,9.992771974e-21,1.047400936e+15
6.552753994e-19,2.67055433e-21,9.835318177e+14
6.41614343e-19,8.493246895e-21,9.709003455e+14
9.228979119e-19,3.723355165e-21,1.387136478e+15
7.526488026e-19,7.179871454e-21,1.130916891e+15
9.334992495e-19,1.211753049e-21,1.404133977e+15
8.784851088e-19,2.856584221e-21,1.309827236e+15
5.445767521e-19,8.443721365e-21,8.200801019e+14
8.434113563e-19,5.515934129e-21,1.250810226e+15
9.311855456e-19,5.725959529e-21,1.391948568e+15
8.632423423e-19,8.878959653e-21,1.297781676e+15
7.246153788e-19,8.444228942e-21,1.1021959e+15
6.962150634e-19,5.302135066e-21,1.037110256e+15
7.284697853e-19,7.136413607e-21,1.100559833e+15
7.093508745e-19,5.550980408e-21,1.054927601e+15
9.677925547e-19,3.006570485e-21,1.441589586e+15
8.605005294e-19,5.160964366e-21,1.299205647e+15
7.309411837e-19,1.655858419e-21,1.097135505e+15
6.03729495e-19,8.887970487e-21,9.04723091e+14
8.632985535e-19,1.136276272e-21,1.291927976e+15
6.651540324e-19,6.629425127e-21,9.802593467e+14
7.523024962e-19,8.986699966e-21,1.112110926e+15
7.946114512e-19,1.346099777e-21,1.202043822e+15
7.37914515e-19,7.142870795e-21,1.115771612e+15
9.70268231e-19,6.594391542e-21,1.450066999e+15
6.535282018e-19,5.610442807e-21,9.888234973e+14
8.025545184e-19,4.624140831e-21,1.204312324e+15
7.464602546e-19,2.784478101e-21,1.120500061e+15
7.857855697e-19,1.785334049e-21,1.194700694e+15
7.590837407e-19,4.858875685e-21,1.111630593e+15
9.78247144e-19,2.446710776e-21,1.472402555e+15
6.275095606e-19,8.894720095e-21,9.301863707e+14
8.326274751e-19,3.156537399e-21,1.218766347e+15
7.016906745e-19,9.566492984e-21,1.047221782e+15
5.705276259e-19,2.54047259e-21,8.598396026e+14
9.542820355e-19,1.653508636e-21,1.430283939e+15
8.639753185e-19,1.256452571e-21,1.286171786e+15
8.9457187e-19,5.14711e-21,1.352989306e+15
7.025432985e-19,8.572169811e-21,1.042951783e+15
9.378117368e-19,6.04007169e-21,1.400881953e+15
6.325472643e-19,2.466820364e-21,9.502259516e+14
9.057166945e-19,6.527447613e-21,1.347099233e+15
8.721195488e-19,7.564060361e-21,1.316001199e+15
9.058478496e-19,8.377759187e-21,1.346284932e+15
6.905790983e-19,3.75606674e-21,1.01389303e+15
5.5933496e-19,3.961218356e-21,8.506085325e+14
9.13091262e-19,8.814178854e-21,1.36473903e+15
8.405156491e-19,5.985630799e-21,1.268444773e+15
6.046766515e-19,1.902438594e-21,9.195505848e+14
7.163648758e-19,2.353050897e-21,1.065947291e+15
7.238544564e-19,4.644464136e-21,1.079902689e+15
9.914028957e-19,8.635965883e-21,1.486855819e+15
6.175601763e-19,1.987827146e-21,9.221512098e+14
5.108106638e-19,9.829428909e-21,7.544789006e+14
6.522178904e-19,4.668988235e-21,9.997330001e+14
9.034188429e-19,7.431642666e-21,1.35031669e+15
5.61902596e-19,4.184836205e-21,8.458185962e+14
6.016469429e-19,1.463752368e-21,9.181233464e+14
7.741377701e-19,7.983761714e-21,1.16448663e+15
8.68114811e-19,2.875648507e-21,1.308604572e+15
5.993058598e-19,4.205915686e-21,9.033290489e+14
9.667069658e-19,3.136396375e-21,1.447013568e+15
7.31808054e-19,1.305092631e-21,1.084446302e+15
7.721190275e-19,8.203468893e-21,1.166321885e+15
9.289769854e-19,3.980310897e-21,1.38972574e+15
7.641040284e-19,2.118415451e-21,1.145496162e+15
8.8492686e-19,9.183715735e-21,1.322477582e+15
5.91252868e-19,2.871063441e-21,8.93037724e+14
7.489887728e-19,2.243254601e-21,1.130927554e+15
6.528761381e-19,8.000686401e-21,9.66629331e+14
6.060917505e-19,5.605093804e-21,9.037283758e+14
5.779556978e-19,9.365862035e-21,8.613003446e+14
7.178847325e-19,4.087355567e-21,1.060664084e+15
8.924251638e-19,7.634593702e-21,1.32732132e+15
5.436108742e-19,4.140390129e-21,8.200272438e+14
9.802319604e-19,9.118322582e-21,1.453531509e+15
7.215244132e-19,3.1919312e-21,1.094403456e+15
9.5095384e-19,8.600084062e-21,1.410674299e+15
7.905761863e-19,5.795624181e-21,1.186813347e+15
8.269416927e-19,8.339910587e-21,1.211418756e+15
9.072647121e-19,3.148139811e-21,1.336683687e+15
8.784863757e-19,1.695653175e-21,1.322776856e+15
6.707370362e-19,9.716216114e-21,1.006839907e+15
9.726516752e-19,9.449628373e-21,1.461341865e+15
8.308887972e-19,8.482759613e-21,1.246461591e+15
6.323841578e-19,1.534944836e-21,9.46509986e+14
5.533574724e-19,6.885555252e-21,8.131650612e+14
7.245102964e-19,9.912419862e-21,1.094028406e+15
8.618031491e-19,1.170283222e-21,1.290246372e+15
9.082094029e-19,7.238554402e-21,1.370180392e+15
9.127802757e-19,5.258514625e-21,1.364124999e+15
7.735748192e-19,2.401671405e-21,1.16769324e+15
8.08874061e-19,4.335079897e-21,1.212229596e+15
7.935089918e-19,3.950469588e-21,1.189453181e+15
8.442556106e-19,6.188922539e-21,1.255777889e+15
6.389366267e-19,3.671658144e-21,9.695829041e+14
6.032279917e-19,9.053215636e-21,9.047252518e+14
9.154731261e-19,1.546751295e-21,1.386904236e+15
7.885345092e-19,4.121991888e-21,1.181838913e+15
7.951563478e-19,8.412705646e-21,1.189204034e+15
9.460177583e-19,2.873238479e-21,1.395066805e+15
6.172945679e-19,9.257958381e-21,9.276632435e+14
7.649138084e-19,5.306345546e-21,1.149016081e+15
8.532142665e-19,1.991510993e-21,1.265429268e+15
5.34388032e-19,4.387844782e-21,8.034957346e+14
7.79281015e-19,6.824478272e-21,1.18098197e+15
5.903615662e-19,1.297333765e-21,8.788589947e+14
7.341889808e-19,1.501007392e-21,1.107685699e+15
8.842302502e-19,6.184698711e-21,1.317581082e+15
6.523413372e-19,2.827293347e-21,9.855256136e+14
7.489653049e-19,9.265590789e-21,1.118942393e+15
9.0304598e-19,9.577010546e-21,1.362977121e+15
6.132883544e-19,3.645783417e-21,9.026277417e+14
8.888156322e-19,3.461203547e-21,1.340708988e+15
8.104035792e-19,5.170078099e-21,1.228129709e+15
5.593511152e-19,2.863110731e-21,8.428288173e+14
5.496898145e-19,5.258196222e-21,8.412700179e+14
6.936572964e-19,8.52956173e-21,1.024963767e+15
7.755649398e-19,9.056231466e-21,1.159850016e+15
5.062085919e-19,2.308450056e-21,7.605140165e+14
6.29896716e-19,6.234396857e-21,9.556637313e+14
7.576644658e-19,9.839694192e-21,1.14264452e+15
8.855885935e-19,9.87512886e-21,1.318994597e+15
9.193672643e-19,1.505403423e-21,1.38734631e+15
9.247596236e-19,4.072927169e-21,1.394280155e+15
8.324501946e-19,2.817348475e-21,1.253151127e+15
6.919653757e-19,5.494307713e-21,1.029106988e+15
8.022644809e-19,8.225682059e-21,1.18737758e+15
7.655991386e-19,5.599085472e-21,1.157737824e+15
6.265719333e-19,1.34762673e-21,9.464462908e+14
5.84104435e-19,7.670693711e-21,8.598397288e+14
8.733747456e-19,1.018774919e-21,1.298717798e+15
6.602716318e-19,3.139565656e-21,9.896814486e+14
9.515418783e-19,3.475642389e-21,1.436100479e+15
5.001987147e-19,5.239516244e-21,7.394249098e+14
8.916586848e-19,5.472806734e-21,1.335064581e+15
9.511576286e-19,3.211305771e-21,1.447649798e+15
8.600887464e-19,4.03918355e-21,1.271594037e+15
6.950224731e-19,3.604185025e-21,1.030510506e+15
7.672719237e-19,2.496310776e-21,1.154153166e+15
9.976224492e-19,7.147345815e-21,1.486620742e+15
6.089762206e-19,1.610715545e-21,9.248740814e+14
9.427423164e-19,5.726944233e-21,1.410918904e+15
6.827801719e-19,9.546268674e-21,1.026148922e+15
9.855867056e-19,5.451355092e-21,1.460161442e+15
7.501975383e-19,3.170719746e-21,1.138839445e+15
8.19637423e-19,6.140685266e-21,1.235938313e+15
5.936298616e-19,8.802639862e-21,8.989699874e+14
9.029292131e-19,6.812162968e-21,1.359861179e+15
7.364301837e-19,4.98481559e-21,1.097537303e+15
8.713450986e-19,5.58652487e-21,1.321075368e+15
8.090141214e-19,1.158567236e-21,1.248045169e+15
8.981661138e-19,3.61546002e-21,1.337853535e+15
8.969046758e-19,7.575900134e-21,1.348737035e+15
8.603160668e-19,6.087942998e-21,1.264367922e+15
5.628624751e-19,2.979819614e-21,8.289713199e+14
5.027374522e-19,4.25177837e-21,7.581961353e+14
6.170883447e-19,3.560313706e-21,9.134173164e+14
5.979556481e-19,4.732280384e-21,8.943094796e+14
5.836482424e-19,3.467624489e-21,8.880565245e+14
7.024925316e-19,4.122533618e-21,1.048236815e+15
5.126153101e-19,8.658262332e-21,7.584420298e+14
6.332411493e-19,2.113735349e-21,9.508968225e+14
9.896346735e-19,5.821364008e-21,1.493327722e+15
7.909582295e-19,4.619297488e-21,1.175949157e+15
5.56645324e-19,9.853255031e-21,8.203855883e+14
9.245082053e-19,1.585280253e-21,1.38215935e+15
9.09599565e-19,6.093660979e-21,1.365902852e+15
6.383680781e-19,1.518058905e-21,9.62634567e+14
6.763750937e-19,2.942594368e-21,1.0235034e+15
9.703625346e-19,7.871912628e-21,1.455880257e+15
6.721659203e-19,6.391058252e-21,9.972052961e+14
9.35558299e-19,3.166527487e-21,1.374424783e+15
8.540911842e-19,1.090074396e-21,1.262698385e+15
5.335177807e-19,6.598629588e-21,7.909795443e+14
6.368421787e-19,1.853698175e-21,9.635576597e+14
7.102464791e-19,6.467889004e-21,1.076060377e+15
9.566881539e-19,5.345900032e-21,1.439767402e+15
7.868150391e-19,2.08484132e-21,1.209987121e+15
6.967808253e-19,9.613898545e-21,1.040294136e+15
9.561036494e-19,4.86850798e-21,1.447244298e+15
5.697769704e-19,4.205943311e-21,8.464496612e+14
9.340885989e-19,9.858943681e-21,1.390241457e+15
7.325180211e-19,5.447807763e-21,1.108034315e+15
5.609169276e-19,2.115956784e-21,8.208992088e+14
9.531268189e-19,3.690664033e-21,1.43561031e+15
7.543812061e-19,1.215730616e-21,1.131613925e+15
9.839408232e-19,7.898033269e-21,1.48268162e+15
9.452260231e-19,2.431877618e-21,1.416711366e+15
7.092057266e-19,8.659049606e-21,1.060696985e+15
7.943781355e-19,9.475742757e-21,1.174733449e+15
5.235855167e-19,2.342255484e-21,7.986820087e+14
7.832859679e-19,7.62540174e-21,1.165858622e+15
9.028636528e-19,3.477401631e-21,1.373469666e+15
5.052168152e-19,5.904641978e-21,7.405285376e+14
8.398322281e-19,4.660207391e-21,1.268972889e+15
8.823717204e-19,5.22392444e-21,1.350953002e+15
5.477835391e-19,7.028886649e-21,8.38702557e+14
9.827776056e-19,2.508211469e-21,1.477946185e+15
7.664326515e-19,1.2344514e-21,1.15529096e+15
9.571184224e-19,8.567388618e-21,1.442120159e+15
9.107469045e-19,9.763804268e-21,1.353951287e+15
7.822559793e-19,5.964310586e-21,1.164024491e+15
6.492696489e-19,7.835358858e-21,9.730533707e+14
6.336607418e-19,7.447669558e-21,9.390797318e+14
6.389842916e-19,2.404134989e-21,9.750849252e+14
8.085311171e-19,6.823385878e-21,1.211750721e+15
8.666633834e-19,3.307460903e-21,1.315275713e+15
6.226494298e-19,7.107448915e-21,9.197015347e+14
5.096946264e-19,3.439770028e-21,7.558105241e+14
5.679600478e-19,1.36858212e-21,8.735538296e+14
9.523689978e-19,4.765237134e-21,1.437870789e+15
7.667143409e-19,6.303013319e-21,1.153782381e+15
5.1065294e-19,5.522794652e-21,7.518494085e+14
5.846828242e-19,6.181180854e-21,8.819037441e+14
9.16863104e-19,9.292025423e-21,1.360512491e+15
5.852216514e-19,3.557491211e-21,8.957617751e+14
5.886302355e-19,1.682917667e-21,8.860708993e+14
7.785863989e-19,2.876078415e-21,1.181521965e+15
8.012350545e-19,4.331276364e-21,1.197387567e+15
8.149218086e-19,9.877895987e-21,1.21852585e+15
8.126680007e-19,7.837610281e-21,1.20941918e+15
9.321273706e-19,9.701248045e-21,1.400197892e+15
9.990384038e-19,8.470008746e-21,1.510085083e+15
5.125975773e-19,7.059975823e-21,7.511120803e+14
7.177539315e-19,9.079517558e-21,1.088122545e+15
5.451226277e-19,8.631781081e-21,8.11221994e+14
8.051129054e-19,8.067454499e-21,1.187968351e+15
5.932729123e-19,8.305622225e-21,8.529040763e+14
6.51140574e-19,7.589540531e-21,9.775894741e+14
8.284517555e-19,4.222430029e-21,1.218590972e+15
5.381288885e-19,3.506404153e-21,7.940690946e+14
5.731920602e-19,1.104702061e-21,8.631752311e+14
8.004993053e-19,1.766156426e-21,1.204097405e+15
9.882657266e-19,4.769338279e-21,1.494058427e+15
5.983689566e-19,1.0647758e-21,9.225173338e+14
5.991936244e-19,7.507756035e-21,9.032294208e+14
7.093147574e-19,7.962470832e-21,1.052508838e+15
5.434739791e-19,7.814973295e-21,8.123394435e+14
6.492308592e-19,3.84622465e-21,9.625893858e+14
8.663388586e-19,8.346466396e-21,1.280312123e+15
8.652959999e-19,8.270311369e-21,1.306277503e+15
9.620714328e-19,4.526378179e-21,1.440565374e+15
8.59596672e-19,1.060498899e-21,1.288850279e+15
5.46242224e-19,4.035162545e-21,8.133728835e+14
9.523375217e-19,6.977340065e-21,1.42002093e+15
6.350028243e-19,6.079804459e-21,9.307152412e+14
5.132512641e-19,8.544054482e-21,7.747983773e+14
7.930672255e-19,7.589458238e-21,1.19290173e+15
8.489400366e-19,7.422175366e-21,1.269551199e+15
9.51938129e-19,6.271806884e-21,1.427706875e+15
5.726351118e-19,1.745836478e-21,8.536587027e+14
5.600596208e-19,9.905844986e-21,8.352685243e+14
6.95845273e-19,5.198952205e-21,1.042406928e+15
7.404509661e-19,6.670511422e-21,1.115290629e+15
9.188735351e-19,1.194312003e-21,1.362564491e+15
6.722732865e-19,9.160913458e-21,1.000045901e+15
7.383452074e-19,8.09831947e-21,1.094650877e+15
7.625954643e-19,7.465121784e-21,1.149953401e+15
7.395795609e-19,2.12478426e-21,1.111057108e+15
6.586672904e-19,6.782145978e-21,9.986325841e+14
7.757792248e-19,9.312787429e-21,1.170480346e+15
6.466590393e-19,9.386661525e-21,9.559151211e+14
9.241714079e-19,6.754257729e-21,1.381441739e+15
5.180181737e-19,7.775579823e-21,7.806648008e+14
5.693914926e-19,4.686842847e-21,8.536079733e+14
6.478403954e-19,1.348463604e-21,9.532067571e+14
5.194822357e-19,4.903946486e-21,7.817853032e+14
6.282716251e-19,5.638669829e-21,9.326031612e+14
5.448948891e-19,4.968356179e-21,8.032749038e+14
5.153765184e-19,5.981860815e-21,7.911216516e+14
7.170119787e-19,7.789745365e-21,1.066646663e+15
5.013808646e-19,6.815588152e-21,7.440305743e+14
8.019901787e-19,6.300658115e-21,1.200139208e+15
7.597953291e-19,6.024332686e-21,1.126685014e+15
6.5389379e-19,1.85558581e-21,9.82462008e+14
8.556150913e-19,7.29382742e-21,1.278143043e+15
5.871308157e-19,1.991436909e-21,8.783176802e+14
5.687860679e-19,8.431967291e-21,8.723600269e+14
8.280653837e-19,7.158540432e-21,1.245325329e+15
6.330352269e-19,9.396659422e-21,9.515588107e+14
9.021050804e-19,8.677272107e-21,1.34122864e+15
5.633066002e-19,2.187758421e-21,8.500576544e+14
5.98014945e-19,3.425776207e-21,8.904992727e+14
6.476416103e-19,9.574725216e-21,9.554050192e+14
8.620883781e-19,7.418243222e-21,1.29273589e+15
5.649151611e-19,2.471684687e-21,8.445383029e+14
7.389235989e-19,1.252178196e-21,1.091916575e+15
9.047931554e-19,6.461921362e-21,1.366753556e+15
6.672477577e-19,3.941972098e-21,1.008029368e+15
5.895938306e-19,2.871902353e-21,8.935031994e+14
6.893543516e-19,1.518098221e-21,1.006078073e+15
6.252736261e-19,2.329172503e-21,9.239000478e+14
5.585046926e-19,1.860199815e-21,8.369451305e+14
8.193786404e-19,2.69498464e-21,1.236087551e+15
6.3989887e-19,3.286346982e-21,9.463601683e+14
5.991634184e-19,1.243116073e-21,8.995276023e+14
5.614576369e-19,6.12938814e-21,8.263575477e+14
9.790777664e-19,5.19961749e-21,1.463432957e+15
7.990252684e-19,8.76949123e-21,1.184636219e+15
5.556158722e-19,2.666063043e-21,8.363062425e+14
5.86704455e-19,5.966787725e-21,8.844492241e+14
9.401610693e-19,1.478529645e-21,1.396033882e+15
8.761115891e-19,3.091039613e-21,1.325084879e+15
6.934934301e-19,2.271920512e-21,1.023451804e+15
9.529319852e-19,6.007099269e-21,1.423982677e+15
8.502226706e-19,5.960154452e-21,1.282063837e+15
6.295044936e-19,7.9479521e-21,9.286596616e+14
9.359694271e-19,6.688924261e-21,1.397391573e+15
5.555396538e-19,6.195778733e-21,8.275436294e+14
8.22319489e-19,5.868601286e-21,1.236383019e+15
7.56561149e-19,5.182500809e-21,1.115175327e+15
8.412423632e-19,4.244861802e-21,1.254658921e+15
9.00511391e-19,7.054274187e-21,1.331133595e+15
5.203972097e-19,1.471555774e-21,7.677350989e+14
8.86210413e-19,5.405309598e-21,1.332073117e+15
8.039830758e-19,2.703223358e-21,1.215235164e+15
8.17263248e-19,3.433567782e-21,1.219223174e+15
9.796813267e-19,6.758030854e-21,1.460032427e+15
9.097332037e-19,3.450834948e-21,1.356404749e+15
8.206126063e-19,3.829422188e-21,1.226277347e+15
8.955696441e-19,2.495592383e-21,1.333435106e+15
5.907878035e-19,2.835790219e-21,8.866290091e+14
8.88672346e-19,6.151708516e-21,1.341982313e+15
9.856482692e-19,2.094551878e-21,1.475171115e+15
6.704679264e-19,9.256040828e-21,9.728808975e+14
9.222093132e-19,5.89553397e-21,1.376497101e+15
9.488885401e-19,4.500049375e-21,1.432945353e+15
7.619549732e-19,3.542796286e-21,1.147661636e+15
6.235096328e-19,5.980639799e-21,9.39394135e+14
6.284845377e-19,3.719234573e-21,9.514951702e+14
6.727768139e-19,8.988717356e-21,1.006695847e+15
9.324066808e-19,7.953936353e-21,1.41286153e+15
5.008478823e-19,8.409466406e-21,7.122739451e+14
8.282660544e-19,6.139796575e-21,1.257647882e+15
5.42336683e-19,1.358021913e-21,8.342194993e+14
9.837188592e-19,7.878144868e-21,1.468703427e+15
5.762530889e-19,1.140204388e-21,8.646413464e+14
6.34093208e-19,5.908682277e-21,9.423948946e+14
5.584560696e-19,3.100883572e-21,8.287767023e+14
6.961984218e-19,7.529942898e-21,1.005031042e+15
8.203354874e-19,7.212527436e-21,1.219053197e+15
6.864964997e-19,2.447766198e-21,1.010891366e+15
9.325578903e-19,3.358957128e-21,1.402189445e+15
8.230730527e-19,6.365260733e-21,1.249208822e+15
