me,el,n,y
9.3461654760000005e-31,1.5748282629999999e-19,5.4377890989999997,-7.1685996730000002e-20
9.1968840550000002e-31,1.5565531880000001e-19,4.1831465449999996,-1.1284827520000001e-19
9.1378697739999993e-31,1.6386863010000001e-19,3.1790309290000001,-2.3440635659999999e-19
9.2806323960000006e-31,1.635043086e-19,4.6395155069999996,-1.1536988810000001e-19
9.0315213930000005e-31,1.632254677e-19,5.4214973520000003,-7.6878743540000003e-20
9.1608037580000007e-31,1.5917625100000001e-19,2.2789726890000002,-4.0934017739999999e-19
9.3462349350000004e-31,1.57714785e-19,3.7220284910000001,-1.5125659170000001e-19
9.013522343e-31,1.6079377570000001e-19,4.251790486,-1.2469028369999999e-19
9.2401082740000005e-31,1.5924824400000001e-19,1.8621958999999999,-6.2415799529999996e-19
9.392720514e-31,1.636364401e-19,5.389054926,-8.503828931e-20
9.1592162260000003e-31,1.6212191059999999e-19,1.5656107109999999,-9.3450657019999993e-19
9.4315367100000001e-31,1.5501438579999999e-19,2.228860225,-3.9966064019999999e-19
9.0787349460000002e-31,1.638422313e-19,3.3335845220000002,-2.167915167e-19
9.2700059590000007e-31,1.643088603e-19,3.9273427179999998,-1.5922204500000001e-19
9.0146263760000009e-31,1.6029575239999999e-19,4.1253522519999999,-1.305978999e-19
9.2718921979999993e-31,1.64506683e-19,3.1443305439999998,-2.5045772139999999e-19
9.4584733869999996e-31,1.6256373500000001e-19,3.1559141839999998,-2.421211391e-19
9.1617190979999997e-31,1.619222338e-19,4.3570664350000001,-1.1879703210000001e-19
9.3500379619999997e-31,1.6360847379999999e-19,3.27049485,-2.2556305099999998e-19
9.3462042520000006e-31,1.565136707e-19,3.7195069080000001,-1.4300021670000001e-19
9.2464402189999997e-31,1.5826424249999999e-19,3.8008374969999998,-1.424497752e-19
9.1201860569999994e-31,1.6372045219999999e-19,2.4004378740000001,-4.16064921e-19
9.0104845309999996e-31,1.6187728039999999e-19,3.049627895,-2.4310081870000001e-19
9.3060272520000005e-31,1.637922543e-19,2.6204973109999998,-3.531435236e-19
9.161800165e-31,1.6115393479999999e-19,4.7279169440000004,-1.0453658960000001e-19
9.1705965790000007e-31,1.5666270770000001e-19,1.7886573109999999,-6.2730185870000003e-19
9.1181042910000002e-31,1.558946698e-19,1.720720496,-6.6378054480000002e-19
9.4647115299999997e-31,1.576033045e-19,4.0621667490000002,-1.273719658e-19
9.2025996439999998e-31,1.6015268149999999e-19,5.1074250499999998,-8.435155955e-20
9.4129708840000003e-31,1.585420579e-19,4.5384918870000002,-1.044544097e-19
9.3167976809999999e-31,1.5901058750000001e-19,5.2697061100000004,-7.8098357090000001e-20
9.3795643469999995e-31,1.5629440149999999e-19,3.1577921459999998,-2.04144369e-19
9.3879160499999992e-31,1.559763695e-19,4.3905207060000002,-1.0545548409999999e-19
9.0480833980000008e-31,1.5871913059999999e-19,2.7400684019999999,-2.7824102970000001e-19
9.1110312590000005e-31,1.5834702639999999e-19,3.9763336420000002,-1.320778322e-19
9.2148238840000006e-31,1.624297945e-19,5.0032260160000002,-9.1893046559999995e-20
9.1113177080000002e-31,1.6361600789999999e-19,5.2682789760000004,-8.5307653479999994e-20
9.1274159730000008e-31,1.59763451e-19,4.2967891849999997,-1.164637547e-19
9.0077357620000008e-31,1.5561381210000001e-19,4.9648412889999998,-7.8371289979999997e-20
9.3702212590000003e-31,1.5851447899999999e-19,5.0655529010000002,-8.7782557780000001e-20
9.4592937740000007e-31,1.6405381860000001e-19,2.469467351,-4.0887271349999998e-19
9.1206931170000004e-31,1.5809085890000001e-19,3.9934103369999998,-1.3148166890000001e-19
9.2192562929999994e-31,1.62217911e-19,4.0823191249999997,-1.4208991360000001e-19
9.2830934160000001e-31,1.6027618230000001e-19,5.0016769959999996,-8.3893316370000002e-20
9.3307142089999996e-31,1.555385967e-19,2.37996294,-3.4790694290000002e-19
9.0500335900000001e-31,1.5652552330000001e-19,3.1536773070000002,-1.9783322899999999e-19
9.2172540120000005e-31,1.6063421659999999e-19,5.2259937379999997,-8.1939574839999995e-20
9.4924836079999998e-31,1.6027595319999999e-19,2.95695694,-2.5912406099999999e-19
9.4098511879999996e-31,1.5829694709999999e-19,5.3121360690000001,-7.6386212579999994e-20
9.0939589170000002e-31,1.594479346e-19,4.7774412320000001,-9.2923458169999995e-20
9.4853580799999992e-31,1.6239703010000001e-19,2.0626587930000002,-5.6358505220000003e-19
9.2047716579999998e-31,1.55144475e-19,4.2407463129999998,-1.072276921e-19
9.0984433230000007e-31,1.6394463790000001e-19,4.6099737120000004,-1.1255903540000001e-19
9.2005502519999998e-31,1.609570448e-19,3.6485710949999999,-1.725267988e-19
9.2347877700000007e-31,1.606490421e-19,1.839946165,-6.5825345110000004e-19
9.1903286100000008e-31,1.6208671300000001e-19,4.2947081970000003,-1.2663162019999999e-19
9.2681536300000006e-31,1.592927715e-19,1.4349925750000001,-1.050682797e-18
9.1728944939999994e-31,1.637344963e-19,5.5090689670000001,-7.764615032e-20
9.4692081580000001e-31,1.606504027e-19,3.2810014889999999,-2.1029203410000001e-19
9.3624060659999998e-31,1.5533952750000001e-19,2.7782044319999999,-2.5525781169999999e-19
9.3588479259999997e-31,1.644478889e-19,2.1488888899999998,-5.3696789190000002e-19
9.0337241109999992e-31,1.62365656e-19,3.6803033570000001,-1.6480578870000001e-19
9.4932299320000008e-31,1.5672098930000001e-19,2.960361496,-2.34006411e-19
9.0934508220000005e-31,1.6096737960000001e-19,1.9915164889999999,-5.5936149460000001e-19
9.2795427300000007e-31,1.5777609069999999e-19,3.1798348000000001,-2.066856319e-19
9.3886162660000004e-31,1.5509443820000001e-19,2.9694095460000001,-2.213332444e-19
9.0796220539999995e-31,1.5937212219999999e-19,1.80547141,-6.5476794640000002e-19
9.3783155029999992e-31,1.591492986e-19,3.8232914070000001,-1.4968184350000001e-19
9.1155519800000006e-31,1.560295316e-19,3.242839537,-1.8753440389999999e-19
9.4662539770000006e-31,1.6439271079999999e-19,5.5239227150000003,-8.1393878550000004e-20
9.2005076570000004e-31,1.583537273e-19,4.3848727390000004,-1.1097274669999999e-19
9.215320681e-31,1.6315288700000001e-19,2.9876665500000001,-2.6255211400000001e-19
9.20215085e-31,1.598562257e-19,2.1842824049999998,-4.6102968540000002e-19
9.0759120719999999e-31,1.5738205870000001e-19,4.4407072870000004,-1.030328564e-19
9.2380745719999998e-31,1.6478334949999999e-19,3.6736928440000001,-1.8257975040000001e-19
9.1631956170000004e-31,1.6443134539999999e-19,4.1474329460000003,-1.402774533e-19
9.4276903629999994e-31,1.6043128620000001e-19,2.892845415,-2.7196923099999998e-19
9.3104709469999994e-31,1.58765405e-19,4.7956178950000004,-9.6439791159999995e-20
9.175884005e-31,1.5635945270000001e-19,3.3542784000000001,-1.750835438e-19
9.003706053e-31,1.600887658e-19,5.2493499769999996,-7.618811647e-20
9.3645662639999995e-31,1.61089514e-19,1.687132761,-8.0730197719999999e-19
9.415877387e-31,1.5804326049999999e-19,2.2352487490000001,-4.2827943770000001e-19
9.1256658090000005e-31,1.553809313e-19,3.9340131380000001,-1.2858754570000001e-19
9.3990167090000005e-31,1.6379442929999999e-19,3.2769652150000002,-2.2845327299999998e-19
9.1506164689999999e-31,1.6334584999999999e-19,4.6165031560000003,-1.1057687460000001e-19
9.4982010619999998e-31,1.5645110409999999e-19,2.7926410509999999,-2.6767437079999998e-19
9.3469290429999995e-31,1.5784266440000001e-19,2.5297663859999999,-3.3237929240000002e-19
9.4761630640000005e-31,1.5804699549999999e-19,3.4301386030000001,-1.80946253e-19
9.4639459859999997e-31,1.649345846e-19,2.9271168269999999,-2.978569909e-19
9.3654369730000006e-31,1.606145073e-19,2.3174207330000001,-4.2203115970000002e-19
9.3869963340000007e-31,1.648212977e-19,4.4254447189999997,-1.261634384e-19
9.3585683380000002e-31,1.603496621e-19,3.1237865399999998,-2.292404457e-19
9.0724338109999993e-31,1.5819352890000001e-19,3.4092054150000002,-1.7841491789999999e-19
9.2624569460000006e-31,1.556832729e-19,2.2120280239999999,-4.0023637230000001e-19
9.0613660050000008e-31,1.634867796e-19,2.784646425,-3.0121190700000002e-19
9.2880389270000005e-31,1.6065254339999999e-19,3.7408095229999998,-1.5974396520000001e-19
9.3097069559999999e-31,1.574228194e-19,3.4193765140000001,-1.768476969e-19
9.0791393749999995e-31,1.5881723529999999e-19,2.6435839520000002,-2.9950398180000001e-19
9.3104019120000001e-31,1.5563983399999999e-19,3.5455477169999998,-1.5569900240000001e-19
9.0790633909999996e-31,1.584536205e-19,2.3106720310000002,-3.8870358680000001e-19
9.2387453810000005e-31,1.6444046459999999e-19,4.725845004,-1.0891043140000001e-19
9.1769866250000008e-31,1.6167217180000001e-19,3.0334448009999999,-2.4554478389999998e-19
9.2259681119999994e-31,1.638732776e-19,3.256395361,-2.2994901869999998e-19
9.3960959880000007e-31,1.5802933140000001e-19,3.451818587,-1.790075805e-19
9.3708552910000009e-31,1.58872995e-19,4.5652439940000002,-1.023142002e-19
9.1792866720000006e-31,1.6064282329999999e-19,1.7404926940000001,-7.3162244979999998e-19
9.0748391209999992e-31,1.6209549999999999e-19,2.5782690640000001,-3.419773515e-19
9.2450044569999997e-31,1.5839719569999999e-19,2.518520305,-3.3500119940000002e-19
9.4831005930000001e-31,1.55011558e-19,1.8227899359999999,-5.9809785869999996e-19
9.1744763900000006e-31,1.568274508e-19,3.0658805930000002,-2.1417658899999999e-19
9.3505930010000002e-31,1.615428683e-19,2.3377322789999999,-4.23377507e-19
9.4145124150000005e-31,1.6343072619999999e-19,2.624195625,-3.5650839669999998e-19
9.1462772699999995e-31,1.5816916639999999e-19,5.4503261800000002,-7.0534900579999997e-20
9.0234840050000006e-31,1.5992975200000001e-19,2.0640134840000002,-5.0053272290000002e-19
9.2571615649999999e-31,1.6490710870000001e-19,4.5756823049999999,-1.158251953e-19
9.3852835580000005e-31,1.630549863e-19,1.4490380949999999,-1.147102805e-18
9.3412385239999991e-31,1.6412543e-19,1.693264511,-8.5585721810000004e-19
9.3941292760000004e-31,1.5963612670000001e-19,3.1294160070000001,-2.2430710230000001e-19
9.4882273219999992e-31,1.5963168129999999e-19,4.5661468980000004,-1.068712421e-19
9.1337372790000002e-31,1.5994101350000001e-19,1.882954912,-6.1378937530000003e-19
9.4748995210000004e-31,1.5798907840000001e-19,1.5017785969999999,-9.5034029629999995e-19
9.0724217530000001e-31,1.5750884500000001e-19,3.7435250139999998,-1.432305908e-19
9.4153282930000008e-31,1.597949745e-19,2.744403412,-2.9490027590000001e-19
9.4465578899999995e-31,1.5984552959999999e-19,2.4008472269999999,-3.8869373080000001e-19
9.3553016630000004e-31,1.5696147379999999e-19,1.7086480660000001,-7.0775134580000001e-19
9.2352557859999993e-31,1.6457413899999999e-19,4.1087692130000004,-1.4672172160000001e-19
9.3173016290000008e-31,1.5787263330000001e-19,3.246556268,-1.987556706e-19
9.0511986579999997e-31,1.5872898049999999e-19,3.6840215110000001,-1.5179648079999999e-19
9.1049001430000006e-31,1.5637718559999999e-19,3.5774040519999999,-1.533652494e-19
9.2800460549999998e-31,1.570849753e-19,2.5197597919999999,-3.2637786490000002e-19
9.4441904280000005e-31,1.575951552e-19,3.5502928109999998,-1.6686008360000001e-19
9.4441367389999996e-31,1.6313363229999999e-19,2.5100996539999998,-3.893013343e-19
9.0752865729999998e-31,1.646121546e-19,4.2042921460000002,-1.376249552e-19
9.3314528869999995e-31,1.6151432229999999e-19,5.0505591909999996,-9.0326260649999997e-20
9.2981276219999993e-31,1.626708676e-19,5.3351518789999997,-8.0671068050000002e-20
9.3359724809999994e-31,1.5593965349999999e-19,4.0945953749999999,-1.19651517e-19
9.192702543e-31,1.5717327300000001e-19,2.7963232819999999,-2.620939795e-19
9.4687846929999995e-31,1.600304803e-19,3.1463523439999999,-2.2723785770000001e-19
9.1074751180000002e-31,1.61875683e-19,3.3060352580000001,-2.110119052e-19
9.0734240209999997e-31,1.639570641e-19,4.4984449360000003,-1.1751994369999999e-19
9.1104203530000007e-31,1.6369422159999999e-19,5.0704088350000003,-9.286085604e-20
9.046200834e-31,1.626254982e-19,3.3490764909999999,-2.0319440859999999e-19
9.2160214470000005e-31,1.6316431260000001e-19,4.8300504240000004,-1.011113885e-19
9.3913302899999996e-31,1.6155834509999999e-19,3.3797489330000001,-2.04533714e-19
9.011487196e-31,1.6062318910000001e-19,2.926459141,-2.5299754470000002e-19
9.4890043010000003e-31,1.5789707169999999e-19,4.5610620839999996,-1.0205641159999999e-19
9.2315762559999992e-31,1.6256442310000001e-19,3.4403081449999999,-1.961334945e-19
9.1074384920000006e-31,1.590724805e-19,2.9884140509999999,-2.3423353189999998e-19
9.1110127129999998e-31,1.634464588e-19,4.6260947180000001,-1.100317487e-19
9.0569609329999999e-31,1.589276147e-19,5.4610579750000001,-7.2492147980000005e-20
9.1933573409999994e-31,1.6145444620000001e-19,4.2887084580000003,-1.2086336350000001e-19
9.4108056969999999e-31,1.5938915560000001e-19,2.4144041860000001,-3.7452016130000001e-19
9.1971176769999999e-31,1.5761133599999999e-19,5.115287006,-8.0317912240000004e-20
9.347427039e-31,1.640844829e-19,3.7034590089999999,-1.8211085020000001e-19
9.0250886420000002e-31,1.5993091049999999e-19,3.3898659699999998,-1.857739296e-19
9.316822796e-31,1.630687978e-19,4.2609133669999997,-1.319601783e-19
9.2380309650000003e-31,1.634691401e-19,4.8957396839999996,-1.019403011e-19
9.1060518210000004e-31,1.6022010919999999e-19,3.7435015410000001,-1.568444287e-19
9.0142780660000001e-31,1.5706361939999999e-19,1.744480174,-6.5307281449999996e-19
9.3229874899999995e-31,1.6490670189999999e-19,4.5454356689999997,-1.2152236790000001e-19
9.4006145030000009e-31,1.5602789480000001e-19,3.84442394,-1.365308666e-19
9.2606775459999995e-31,1.6001894159999999e-19,5.3425151260000003,-7.9052169819999996e-20
9.1212561140000002e-31,1.635956212e-19,5.1977726630000003,-8.7498018620000004e-20
9.127970049e-31,1.568069015e-19,4.3230434290000002,-1.070925865e-19
9.4778570830000005e-31,1.632020977e-19,3.4460065050000002,-2.038900585e-19
9.0102598680000006e-31,1.634369279e-19,3.6618477129999998,-1.7224241619999999e-19
9.1483497890000001e-31,1.6113352990000001e-19,1.5098757759999999,-9.8291194900000006e-19
9.4775700800000003e-31,1.5591362710000001e-19,2.8473879659999999,-2.478811771e-19
9.2685673909999994e-31,1.6449604920000001e-19,5.2144098339999996,-8.5446445949999999e-20
9.3654096160000002e-31,1.5541764289999999e-19,2.5438163029999998,-3.0554793369999999e-19
9.0907241999999997e-31,1.6184587220000001e-19,5.071371482,-8.6792794929999997e-20
9.2621809170000006e-31,1.565484413e-19,3.9486980479999998,-1.304354486e-19
9.0921969710000002e-31,1.5637559669999999e-19,3.9762622009999999,-1.2283165450000001e-19
9.0869198669999998e-31,1.5952604579999999e-19,4.3541452100000004,-1.1383591960000001e-19
9.4571842910000007e-31,1.57596878e-19,1.814519046,-6.4357103080000004e-19
9.4961781280000008e-31,1.621197675e-19,3.5632445380000002,-1.891606119e-19
9.1748431930000005e-31,1.5610376950000001e-19,3.8153801399999998,-1.320134994e-19
9.0032552269999996e-31,1.573407216e-19,3.8321555429999998,-1.3554029240000001e-19
9.4383369989999992e-31,1.5768494890000001e-19,3.4853166519999998,-1.6921322810000001e-19
9.4955968249999994e-31,1.6261126649999999e-19,1.705024893,-8.2777684060000005e-19
9.4792961790000006e-31,1.5670845960000001e-19,4.7871884500000004,-8.8867044469999997e-20
9.4245215849999993e-31,1.57027501e-19,2.50330575,-3.3327477289999998e-19
9.020377891e-31,1.6052113139999999e-19,5.3914840560000004,-7.4581000739999994e-20
9.1214242180000004e-31,1.6081250379999999e-19,3.1379173389999999,-2.2432649169999998e-19
9.3769722639999994e-31,1.5527809359999999e-19,4.6743464460000004,-8.9316160310000001e-20
9.4337843670000005e-31,1.5862970050000001e-19,2.3001838530000001,-4.1231167750000001e-19
9.4870673200000005e-31,1.5953578340000001e-19,5.07502035,-8.7478817989999995e-20
9.2266770450000007e-31,1.5656497930000001e-19,1.593847142,-7.9044800880000004e-19
9.4491590519999999e-31,1.6380141819999999e-19,2.1870856299999999,-5.1654270860000002e-19
9.1369532849999995e-31,1.5769346960000001e-19,3.7652281680000002,-1.446582075e-19
9.3073888559999993e-31,1.6327800040000001e-19,2.4536821450000001,-3.997733089e-19
9.4267918829999994e-31,1.635326215e-19,4.9337875840000001,-9.9496311770000003e-20
9.0512304589999992e-31,1.6052550410000001e-19,4.2845894380000002,-1.207676328e-19
9.1416076880000004e-31,1.599843765e-19,3.3283007659999999,-1.9734028070000001e-19
9.0335898580000002e-31,1.6247149349999999e-19,2.5223239999999998,-3.6033200130000001e-19
9.087654975e-31,1.582286892e-19,2.178078459,-4.3730952830000004e-19
9.2680118240000002e-31,1.644328343e-19,3.2305212280000002,-2.3742779280000001e-19
9.0638926780000009e-31,1.5985500479999999e-19,3.3738099259999998,-1.9030505489999999e-19
9.2533976869999993e-31,1.5560656560000001e-19,3.6043978069999998,-1.5503337390000001e-19
9.2951886099999994e-31,1.6292516209999999e-19,4.2319358850000004,-1.3218723399999999e-19
9.2115949559999996e-31,1.567613182e-19,4.4905976509999999,-9.8009851930000002e-20
9.0416534470000008e-31,1.5832000770000001e-19,3.2148629139999998,-1.9844962079999999e-19
9.4379842719999993e-31,1.644683785e-19,4.0289521260000001,-1.5316516160000001e-19
9.2616400989999998e-31,1.5687513270000001e-19,2.039808083,-4.8841588469999998e-19
9.0391096760000006e-31,1.639211122e-19,5.6243825740000002,-7.5434936370000002e-20
9.3538002609999998e-31,1.5856808849999999e-19,5.3514577780000003,-7.1553837709999998e-20
9.3924249580000003e-31,1.5777253490000001e-19,3.139308287,-2.1464360189999999e-19
9.0507290660000001e-31,1.606840877e-19,5.3713656289999996,-7.4568480129999995e-20
9.0315520250000002e-31,1.6097511159999999e-19,4.8467081140000001,-9.4447038720000004e-20
9.3243732070000006e-31,1.6177942199999999e-19,3.380905528,-2.0095005580000001e-19
9.2019283149999992e-31,1.638457295e-19,3.9027819909999999,-1.56701943e-19
9.1086409559999992e-31,1.570876787e-19,4.5613711849999996,-9.2995472639999997e-20
9.0043962330000005e-31,1.5544200870000001e-19,1.897788939,-5.2977123129999999e-19
9.3431724430000007e-31,1.6012324960000001e-19,3.2829185820000002,-2.084447161e-19
9.4808206879999992e-31,1.6366164869999999e-19,1.886691876,-6.9334057970000004e-19
9.4978117139999996e-31,1.620571069e-19,4.1778599420000004,-1.3608754259999999e-19
9.0242045750000001e-31,1.6042517469999999e-19,4.9478302840000001,-8.9308489190000002e-20
9.1087338779999998e-31,1.6367417470000001e-19,4.5188529229999999,-1.1705852560000001e-19
9.0056467670000003e-31,1.6252456279999999e-19,5.2354121769999997,-8.2549648800000002e-20
9.4074356500000004e-31,1.621034299e-19,5.570226838,-7.3629277470000005e-20
9.2423037190000002e-31,1.5595550600000001e-19,1.994521067,-5.0029575690000004e-19
9.4812763090000003e-31,1.553318542e-19,1.9442198669999999,-5.2858722840000002e-19
9.3212214620000006e-31,1.570424533e-19,3.7220762089999999,-1.4891103020000001e-19
9.3459450539999999e-31,1.5680922540000001e-19,3.0095525630000002,-2.237919698e-19
9.3922569680000004e-31,1.6070660889999999e-19,5.4729772710000004,-7.4296197580000002e-20
9.0694720760000003e-31,1.5857870510000001e-19,5.0847281200000003,-7.8554619759999996e-20
9.3702042679999998e-31,1.6177316110000001e-19,5.3433612830000001,-8.2274621840000003e-20
9.3719673410000001e-31,1.587170869e-19,4.7372956589999999,-9.691662898e-20
9.3510126879999994e-31,1.5782405170000001e-19,4.9984804589999996,-8.6433942449999996e-20
9.0342520769999994e-31,1.578184553e-19,5.4624718909999999,-6.7638645140000003e-20
9.4376294009999998e-31,1.6021326520000001e-19,1.441112707,-1.0851510500000001e-18
9.3325558129999992e-31,1.554738732e-19,1.766196356,-6.3590894600000003e-19
9.2046691459999995e-31,1.570087654e-19,3.5892461550000001,-1.5778758560000001e-19
9.2183949949999992e-31,1.588703896e-19,5.0659900929999999,-8.5591726730000001e-20
9.1928050579999999e-31,1.5600638079999999e-19,4.805722566,-8.1756613670000003e-20
9.0505174870000002e-31,1.6254276819999999e-19,1.57161537,-9.3134117890000002e-19
9.3814082199999992e-31,1.5562986989999999e-19,2.3296839280000001,-3.7234777889999999e-19
9.3637421319999996e-31,1.611209134e-19,4.7374811069999998,-1.060825181e-19
9.3345686299999997e-31,1.6134820179999999e-19,2.48072728,-3.7339134830000002e-19
9.0690060150000005e-31,1.583439156e-19,1.9139820999999999,-5.6508782850000001e-19
9.4661696319999998e-31,1.645346609e-19,1.5651107420000001,-1.028183458e-18
9.0063872610000002e-31,1.5578926279999999e-19,1.8134731630000001,-5.8505838469999997e-19
9.417515686e-31,1.630736845e-19,3.449594576,-2.0245494599999999e-19
9.2388338809999991e-31,1.5659159040000001e-19,2.8899414000000001,-2.4202718060000002e-19
9.2609297689999996e-31,1.60019893e-19,3.5765765420000002,-1.745027411e-19
9.2685022139999994e-31,1.6119314130000001e-19,4.5291148210000003,-1.1037873170000001e-19
9.0054818059999996e-31,1.614522247e-19,1.960115045,-5.8092049239999996e-19
9.3986681399999996e-31,1.6392218899999999e-19,4.3638839520000001,-1.279552644e-19
9.0558779330000002e-31,1.6256472709999999e-19,3.7473393229999998,-1.610602839e-19
9.3940108739999999e-31,1.599050045e-19,3.0924678819999998,-2.3224697439999999e-19
9.4422483839999995e-31,1.604036921e-19,5.1394782640000001,-8.9305286609999994e-20
9.1199531440000002e-31,1.5512916249999999e-19,5.0371308140000002,-7.8030100830000006e-20
9.4560480239999992e-31,1.607038471e-19,3.4397292249999998,-1.940043727e-19
9.4286999429999997e-31,1.648536348e-19,4.1136098130000001,-1.48398911e-19
9.349126221e-31,1.5549731120000001e-19,5.4868489990000002,-6.6830436519999994e-20
9.2701782259999994e-31,1.6114957159999999e-19,2.1359064440000002,-5.0086332159999999e-19
9.4412602449999996e-31,1.604154507e-19,1.8218981249999999,-6.8294599410000001e-19
9.3744100189999993e-31,1.611159981e-19,2.0474892429999998,-5.4375001040000003e-19
9.2070507480000003e-31,1.6453890340000001e-19,3.0681137540000001,-2.5966277459999999e-19
9.0257796889999992e-31,1.5520910050000001e-19,2.165565371,-4.0423336699999999e-19
