I,R,y
0.35120323990000002,12.797440399999999,4.5008976589999996
1.482455799,23.491511150000001,34.771074679999998
0.1312869646,40.694206399999999,5.3585453129999996
1.5618698230000001,45.638689409999998,72.119856690000006
0.64824316380000002,23.639143019999999,15.30918011
1.9152630909999999,12.69417984,24.282486460000001
0.89540965309999998,28.34630095,25.27795021
0.38020218439999998,27.919574239999999,10.64370398
1.4841746760000001,19.535420810000002,28.934419519999999
0.40240271719999998,13.58342212,5.4500564630000001
0.68978705819999997,34.991168569999999,24.0965898
1.947311794,6.5333233640000001,12.66453123
1.8686727729999999,43.728958609999999,81.453256199999998
1.5183780419999999,5.5992702699999999,8.4749156509999999
0.48322498679999998,12.18406081,5.8576174390000002
1.6453150860000001,36.818387829999999,60.390448790000001
1.5259334959999999,39.573970869999997,60.773217019999997
0.7181346435,21.29200423,15.324907980000001
0.27135275380000001,27.963248449999998,7.5331619999999999
0.73172014919999995,33.96938025,24.849029590000001
1.108759906,21.735420260000001,23.90602986
0.21971920859999999,35.543436219999997,7.8529826590000003
0.094941834150000001,37.368146899999999,3.5556140709999999
0.20140742140000001,41.514872490000002,8.3981234029999996
0.73829958890000003,25.620644949999999,18.935833280000001
0.67010525080000005,22.57171958,15.069716469999999
0.80215231629999995,24.13881713,19.322262670000001
0.74956781819999996,34.769762550000003,26.11669633
1.087527277,12.77946876,13.986142859999999
1.754039396,9.2833010639999998,16.313634480000001
1.089190002,36.921541879999999,40.098180560000003
0.4240956421,42.087999709999998,17.882794480000001
1.199994944,20.58903746,24.61076796
0.27269179939999999,22.994464090000001,6.2750082980000004
0.1383315212,45.001736600000001,6.2353405940000002
1.564232686,8.4740660909999992,13.283883879999999
1.1114204809999999,23.509570329999999,26.044798010000001
1.0056241850000001,23.011790349999998,23.292749300000001
1.3499751630000001,30.516975970000001,41.133491669999998
0.4543531965,23.241779569999999,10.52588239
0.64839886710000005,12.738450240000001,8.2934899350000002
0.19573448039999999,45.842225939999999,8.9873455369999995
1.8129082649999999,24.820169310000001,45.150079900000001
1.5734160610000001,42.603085720000003,66.676824010000004
0.81387608550000001,45.073729020000002,36.619885289999999
1.277184965,20.578785190000001,26.37489515
0.74037353689999996,34.633382130000001,25.425388959999999
0.092663006589999999,15.44201623,1.4416674220000001
0.87306303789999995,30.398902960000001,26.631099809999998
1.891209707,6.0270050030000002,11.411059460000001
1.7923352930000001,20.202370680000001,36.087312529999998
0.70184055850000004,43.35404758,30.565836999999998
0.23510754649999999,7.8540438269999999,1.846049761
0.50172950699999996,43.84747557,21.977467260000001
0.2975258247,35.323410529999997,10.473841520000001
1.662271949,41.24597309,68.92583612
0.33243758919999999,41.821567440000003,13.88647347
1.827299,28.385537679999999,52.009780579999997
0.83949365070000004,8.4905134669999995,7.1161090480000002
0.051877121370000001,17.16712631,0.88615818099999999
0.059904511629999997,40.124787929999997,2.4176465079999998
1.3781990740000001,33.820672260000002,46.430081440000002
0.39788677259999999,32.844508150000003,13.16841999
1.4545956689999999,10.0955064,14.60974064
1.240627954,32.716838539999998,40.198757749999999
0.27686230220000002,24.527059609999998,6.804268328
1.3672028270000001,42.96889814,58.859032460000002
1.293649356,44.936848150000003,57.731419979999998
1.810389464,34.606300869999998,62.477407200000002
0.99394997760000003,29.449781250000001,29.331852479999998
1.101355455,6.6460100500000001,7.3541154979999996
0.3883020083,21.020635609999999,8.1496525240000004
1.2606471480000001,40.800683810000002,51.264220690000002
1.4904903089999999,36.083628410000003,53.519354679999999
0.38848495750000001,25.10673663,9.7788541840000001
1.890468346,17.562615650000001,33.199458700000001
0.43868242010000003,29.653641260000001,12.93097015
1.4886329650000001,21.772076219999999,32.409981379999998
1.4570278160000001,39.587946189999997,57.487633260000003
1.5741100720000001,26.031330000000001,41.43561716
1.5142282090000001,42.090223100000003,63.954730050000002
0.33534367209999999,13.65831901,4.5453629529999997
0.20373075960000001,41.792395829999997,8.4624237369999999
1.476370017,29.43916827,43.401670780000003
1.9416276910000001,29.017280100000001,56.483136309999999
0.1014519892,8.444547687,0.85923326570000003
0.65474833899999996,27.580731310000001,18.007213660000001
1.997094814,32.51206913,64.892783719999997
0.3892360258,10.175363150000001,3.9580170909999999
0.60424034559999995,27.658761989999999,16.722604789999998
0.83227139059999999,10.37323992,8.6719469730000007
0.92358912469999999,22.109611900000001,20.36311491
1.3900889700000001,24.46180318,34.17994556
0.37593669169999999,22.281389440000002,8.3474597779999993
0.69380281109999997,7.4678807589999998,5.1905113319999998
0.75592734500000003,19.712590179999999,14.86690348
0.22595545610000001,39.52064421,8.9023398910000004
0.68764577989999998,6.0176998289999997,4.1570409369999997
0.3843569328,34.90564114,13.50231941
1.333738793,12.464630209999999,16.598765969999999
1.9324345780000001,22.27336111,43.035425089999997
0.88266148060000005,13.48039625,11.81767758
1.8166126060000001,36.796044940000002,66.518583239999998
1.7454886080000001,21.644524579999999,37.753041949999997
1.717475144,39.66439029,68.4702628
0.35963563770000001,31.110991070000001,11.242496940000001
1.6401307359999999,16.890253950000002,27.682588750000001
1.13226296,31.438498589999998,35.537191559999997
0.2835920596,43.83884656,12.510432700000001
1.3942704909999999,22.479742359999999,31.32477385
0.29429475309999997,15.730892109999999,4.6385956090000002
1.5839192689999999,20.559133769999999,32.513182350000001
1.0487425859999999,25.210176529999998,26.36781972
0.90718729340000004,27.341848540000001,24.809310660000001
1.467552714,18.531688599999999,27.235729150000001
1.066298086,11.26359723,12.05649985
1.177509879,17.726859210000001,20.78785169
0.74394238560000003,26.330868939999998,19.642182340000002
1.171322194,27.478511040000001,32.161115000000002
0.93891270360000001,23.116897890000001,21.826530219999999
0.45694564729999998,11.44800622,5.2197924000000002
1.3071102320000001,19.804678760000002,25.832086889999999
0.60802710240000002,34.064171209999998,20.545759400000001
0.58216666819999996,37.905364329999998,22.059817550000002
0.30070072850000001,8.2511082479999995,2.4873258790000001
0.1254266289,35.589160659999997,4.4561714449999998
1.1876767029999999,30.298271669999998,36.043713179999997
1.4768114910000001,29.127799549999999,43.03568327
1.8952229279999999,25.54612397,48.317739830000001
1.6441267230000001,19.187768049999999,31.55366274
0.10707683680000001,26.951955290000001,2.8983110289999998
0.35789193800000002,25.078894819999999,8.9360376860000006
1.0022204589999999,30.163273660000002,30.385886559999999
1.61582409,18.460453399999999,29.969078110000002
1.9423979570000001,36.941263360000001,71.605807729999995
1.0789249460000001,36.355335060000002,39.426616889999998
0.4158508621,35.67217608,14.798213710000001
0.66664823129999995,21.950793619999999,14.622780909999999
1.3546081830000001,14.96741888,20.30766208
1.1845103050000001,31.758790609999998,37.52853872
0.56061002299999996,31.884618280000002,17.977715100000001
1.9042542200000001,45.202505719999998,86.051720669999995
1.497246715,6.2216494429999996,9.3357578490000002
0.56687414260000002,34.187869620000001,19.450967089999999
0.57921830500000004,31.416857360000002,18.083509360000001
1.8316202580000001,17.857654549999999,32.673338960000002
0.21850548110000001,10.284589759999999,2.226826226
1.0188747010000001,28.378586540000001,28.87420384
1.07547492,45.020777799999998,48.025055680000001
1.5162714269999999,42.76370395,64.799149979999996
1.6068529970000001,35.4419836,56.810623700000001
1.0939617450000001,19.650772570000001,21.61465583
1.0639443500000001,38.22181741,40.88635464
0.52172409080000004,34.757439599999998,18.109652239999999
1.151755222,37.042855250000002,42.502866070000003
1.9702167820000001,22.19941609,43.739961909999998
0.70158640090000002,11.92215322,8.3324187090000006
0.1281999526,24.515996959999999,3.1192944319999998
0.22344123060000001,38.286210410000002,8.5867840050000002
0.46487302990000001,37.62996527,17.528442179999999
0.275232906,20.944478310000001,5.7720330009999996
0.47752425840000001,30.71674947,14.624984530000001
0.65215697910000003,17.150066540000001,11.132626439999999
0.9595884562,41.868546819999999,40.291067650000002
1.6422157630000001,19.543480070000001,31.941605580000001
1.2883164760000001,44.568135439999999,57.426510180000001
1.2193193929999999,14.083236019999999,17.166337720000001
0.38251191680000002,45.368814309999998,17.436752519999999
1.760977011,14.90326507,26.118412039999999
1.6700787699999999,29.333892259999999,48.952850300000001
1.57899251,7.3883856129999996,11.711436839999999
1.317394371,36.989750710000003,48.353202250000002
0.23285770929999999,28.59382141,6.5992427960000004
1.6168299129999999,7.9609837319999999,12.882291309999999
0.28576142630000001,27.68815051,7.8867283940000004
1.782016839,16.7086066,29.680617890000001
1.634056975,33.70343072,55.099333209999998
1.5821986320000001,43.04572572,68.507496509999996
1.7406271740000001,10.980277060000001,18.930347250000001
1.933110128,22.771276109999999,43.88048964
0.93754402579999996,38.998677010000002,36.546509149999999
0.33317324479999999,8.6363092530000003,2.8855118869999998
1.236078775,38.869394800000002,47.800432069999999
1.9342197720000001,26.13407261,50.39902524
0.40382424909999998,43.723730889999999,17.59003191
1.983312741,10.01005123,19.96002944
0.44842121150000003,30.030363569999999,13.396645469999999
0.73772207759999997,35.100774059999999,25.847284890000001
0.99135400259999995,20.097359310000002,19.798938929999998
1.7329228059999999,19.126023249999999,33.182255810000001
0.21022061780000001,29.563041309999999,6.2037734369999997
1.3562702449999999,38.881770039999999,52.904360359999998
1.1303551169999999,45.999225539999998,51.86216581
0.86471241710000002,21.520545299999998,18.814377619999998
1.108402042,22.865245949999998,25.439053739999999
0.96250694680000004,40.697484340000003,39.146742949999997
1.629307987,8.3456122340000007,13.570626539999999
0.075784842160000004,42.628612650000001,3.223582349
0.18208338120000001,40.574110439999998,7.4311315770000004
1.145892482,42.527852189999997,48.665573850000001
0.6643156026,25.254220159999999,16.74196495
0.2162747793,13.57261651,2.9346761950000002
1.8911111389999999,36.466555130000003,68.678917100000007
1.1843447620000001,38.909815829999999,46.055832379999998
0.15691253390000001,29.169840709999999,4.6029362989999996
1.3930745099999999,40.246582650000001,56.049718120000001
1.0725020970000001,33.660627419999997,36.305226210000001
1.6088569639999999,40.455039810000002,65.691300440000006
0.26915283449999999,39.918502770000003,10.712469889999999
1.198364523,44.965289060000003,53.86146454
1.0467978090000001,34.951683099999997,36.521893120000001
0.71849125800000002,28.049612549999999,20.231747819999999
1.990116244,19.236682739999999,38.607795869999997
1.872774382,42.744316159999997,79.669824270000007
1.5268474139999999,32.580625650000002,49.938569119999997
1.0907605739999999,46.224202869999999,50.308591530000001
0.097134038549999996,14.60841598,1.42808512
0.99957715380000001,16.33519437,16.30436147
1.032343357,42.06941759,43.479794030000001
0.53855665340000003,22.011870680000001,11.85577514
0.7856704551,26.98409612,21.05744031
1.305142588,39.55625268,51.774994339999999
0.90703501630000005,46.05192606,41.61808293
0.40869079860000002,8.9628852279999993,3.651483029
1.0420687230000001,43.788565650000002,45.585025039999998
0.16935591699999999,16.401693959999999,2.7763024760000001
1.7082350719999999,9.0119666410000008,15.41934114
1.457219837,16.233739960000001,23.570186240000002
0.36240746369999999,9.5946681189999996,3.4668311090000001
1.0756483640000001,5.8419197729999999,6.2400432380000002
0.92703394979999998,40.153323380000003,37.20018821
1.4947552850000001,5.9676840689999997,8.9089589629999999
0.34009890729999998,36.985492110000003,12.545203559999999
1.0121133870000001,43.798063040000002,44.724195379999998
1.2788317810000001,9.4232013319999997,12.0579736
1.143633267,14.57578157,16.669792449999999
0.59228957780000002,6.1293692020000003,3.6575181240000001
1.220451897,27.372368949999998,33.706128720000002
0.65245463869999998,16.792460340000002,10.969777819999999
1.914943294,6.9960158979999996,13.4231433
0.44475044349999998,30.068050270000001,13.36058929
0.65248884789999995,10.22874987,6.7071073190000003
0.46626920059999999,16.18719424,7.6373674429999996
0.16564314760000001,24.670282239999999,4.1229725100000003
1.0146299940000001,7.5227554879999996,7.6040239080000003
0.93676296800000003,16.715301310000001,15.641294
0.068683841499999995,32.532740490000002,2.232040971
0.12506727740000001,7.1796899410000004,0.89651891780000004
1.00040774,18.426816370000001,18.288370239999999
1.1871859899999999,35.186049539999999,41.873537980000002
1.630627346,32.511938430000001,53.351581230000001
1.1302036280000001,36.280284129999998,41.039757659999999
0.87976189839999996,19.024183499999999,16.760130319999998
0.61172151370000005,32.116497750000001,19.58210266
1.5439172750000001,15.27849338,23.729591920000001
1.5970658360000001,8.3415433320000005,13.39395676
0.062907233120000003,18.937561599999999,1.1894230729999999
1.237302796,16.044444840000001,19.97832915
1.0052500900000001,42.390403579999997,42.571217730000001
0.081171649119999995,23.56684182,1.9057021510000001
