eps,mu,y
4.0082274570000001e-11,1.2616283870000001e-06,140466811.90000001
7.3347576440000006e-11,1.2228979939999999e-06,105533607
2.809323347e-11,1.2362471659999999e-06,170245914.30000001
4.786933771e-11,1.2296566399999999e-06,131088712.5
5.4468818060000001e-11,1.2864592409999999e-06,119401130.7
6.4843803730000006e-11,1.249070535e-06,111527570.7
7.5547807379999995e-11,1.2129089090000001e-06,104324760.40000001
2.738588393e-11,1.2637680899999999e-06,170059773.5
6.8576240669999996e-11,1.2350336690000001e-06,108496532.09999999
2.8204879350000001e-11,1.2854209100000001e-06,164855636.69999999
4.4825397750000003e-11,1.2290462290000001e-06,134665274.80000001
4.3255323050000001e-11,1.2717350400000001e-06,134198066.8
3.0654667439999997e-11,1.22885027e-06,162979681.30000001
4.5142510629999999e-11,1.287583451e-06,130573027
7.3834293200000002e-11,1.266443402e-06,103350167.2
4.0078305989999997e-11,1.221204097e-06,142210128.30000001
5.1502076239999998e-11,1.2150019019999999e-06,127070745.2
5.9729933970000005e-11,1.2696123060000001e-06,115385103.2
7.9590037989999996e-11,1.269230752e-06,99201957.209999993
4.7896121069999998e-11,1.2383894419999999e-06,130525658.2
4.6227544580000003e-11,1.259425269e-06,131088824.3
7.5776407980000004e-11,1.2218145220000001e-06,104173614.2
7.323234209e-11,1.282088986e-06,103471905.3
4.0975950910000002e-11,1.263117622e-06,139099232.5
6.1581111079999995e-11,1.254475952e-06,113794594.90000001
7.1894361570000002e-11,1.272285614e-06,104236260.09999999
5.5001272220000001e-11,1.230414984e-06,121016864.59999999
4.7037792270000003e-11,1.288281434e-06,128500977.40000001
2.9406559939999999e-11,1.254796569e-06,165440213
5.8816925810000006e-11,1.242730412e-06,117149552.8
6.9660148170000004e-11,1.2536789290000001e-06,106206977.40000001
4.7764705970000002e-11,1.292660475e-06,127802948.5
2.4400215829999999e-11,1.245064501e-06,181580338.40000001
3.2034376060000002e-11,1.2333772109999999e-06,157911423.19999999
3.5969050279999998e-11,1.250202704e-06,150297824.5
4.6106931939999998e-11,1.2299612710000001e-06,133671092.40000001
3.9100947369999998e-11,1.2141316200000001e-06,145477163.80000001
3.8957786709999999e-11,1.2478907989999999e-06,143430519.30000001
2.7861507209999999e-11,1.209749883e-06,172824328.40000001
3.3063504039999999e-11,1.250049029e-06,156768395.90000001
3.3563391480000002e-11,1.259926034e-06,154250896.30000001
7.0002409840000004e-11,1.2573700970000001e-06,106169497.09999999
6.5750186330000006e-11,1.2244276e-06,111511099.7
4.4322381499999997e-11,1.2905051489999999e-06,132310191.3
2.764737752e-11,1.2402588370000001e-06,171163873.09999999
5.6281057780000002e-11,1.246420954e-06,119257852.7
3.6988798900000001e-11,1.2687625090000001e-06,146455062.80000001
6.5770981649999999e-11,1.2343930410000001e-06,110861305.2
6.3617459500000006e-11,1.242760008e-06,112289609.09999999
5.2546146350000002e-11,1.284538347e-06,120771186.59999999
6.8260673810000006e-11,1.2307067850000001e-06,109624413.09999999
4.9524860349999997e-11,1.2233908790000001e-06,129339193.8
5.8291828859999994e-11,1.256828825e-06,116620711.5
7.6207428840000002e-11,1.238841797e-06,102851993.90000001
2.4534635989999999e-11,1.2728301700000001e-06,179144293.30000001
3.2724838690000003e-11,1.2433032490000001e-06,155776545.19999999
6.8361427190000001e-11,1.2501821900000001e-06,108902319.2
2.9082161069999999e-11,1.2504395270000001e-06,165740538.59999999
4.0755317329999997e-11,1.2151654520000001e-06,143124829.5
6.8251057900000003e-11,1.2812007250000001e-06,106893352.40000001
7.3823469869999994e-11,1.288195463e-06,102127553.3
7.6611578389999995e-11,1.259630563e-06,102377478.7
3.6358659960000001e-11,1.2704577700000001e-06,146625088.80000001
5.0895831789999998e-11,1.2422629819999999e-06,125606578.90000001
6.3063634299999994e-11,1.217773699e-06,113508876.8
7.0916706450000003e-11,1.268655023e-06,105156618.40000001
7.2783477610000004e-11,1.2443279290000001e-06,104960096.7
2.490187529e-11,1.2830379139999999e-06,175741737.19999999
2.5990252729999998e-11,1.2612347419999999e-06,175224545.19999999
5.5643526099999998e-11,1.2637915050000001e-06,119665227.2
3.0557981689999997e-11,1.2584956390000001e-06,161481076
5.8363821739999997e-11,1.242161647e-06,116617651.59999999
7.0568395849999998e-11,1.2400473609999999e-06,107083140.2
7.3215562109999994e-11,1.25019828e-06,104191694.8
3.8840735860000001e-11,1.2645863049999999e-06,142133088.09999999
4.1538993289999997e-11,1.212868938e-06,141314816.69999999
2.5344392189999999e-11,1.276059438e-06,174722892.80000001
7.4378280710000005e-11,1.2134913460000001e-06,105908749.5
4.5807257760000003e-11,1.2297236869999999e-06,132923195.40000001
4.6124452450000001e-11,1.2618999029999999e-06,130523811.2
7.4566450450000005e-11,1.233906395e-06,103762683.7
2.7825479280000001e-11,1.2827594659999999e-06,167819963.19999999
2.2829404930000002e-11,1.2248843639999999e-06,189593128.69999999
2.2617182270000001e-11,1.2117742419999999e-06,189739375.30000001
6.1073450539999999e-11,1.2756594370000001e-06,113276352.90000001
4.2128644780000001e-11,1.2366665800000001e-06,138658898.30000001
6.1253262109999994e-11,1.220344643e-06,115363475.2
7.7782117130000005e-11,1.2850983729999999e-06,100064197.5
4.521558451e-11,1.2805046740000001e-06,132057875.09999999
5.4860814050000001e-11,1.269070572e-06,120075832.59999999
6.9169818420000003e-11,1.2348735609999999e-06,107355088.90000001
3.9367730609999997e-11,1.2837112370000001e-06,141036779
4.0652509549999999e-11,1.25089487e-06,140245845.80000001
4.8874278610000003e-11,1.2478234329999999e-06,127875202
5.2222274800000003e-11,1.229508106e-06,123998778
4.5880362880000001e-11,1.262686019e-06,131720986.3
6.0663861999999994e-11,1.280546858e-06,112866462.7
5.8015147520000003e-11,1.2592425129999999e-06,117607343.8
5.4850298699999998e-11,1.2122196769999999e-06,121987407.8
7.2879732830000004e-11,1.28509213e-06,103787544.2
4.9215184880000002e-11,1.236300167e-06,129082408.7
5.0126507449999998e-11,1.2222308509999999e-06,128316055.59999999
3.7749953989999998e-11,1.2360069610000001e-06,145475849
2.504673853e-11,1.2867823000000001e-06,176829464.90000001
7.2367503699999995e-11,1.214862514e-06,107246457.59999999
6.821485442e-11,1.235029422e-06,108749322.2
6.2477266910000002e-11,1.241454757e-06,113845878
7.0372533440000006e-11,1.2663965000000001e-06,106162981.5
6.8810499829999996e-11,1.2642987449999999e-06,107428679.8
3.6058753069999998e-11,1.2600883090000001e-06,149141613.90000001
5.1621666250000002e-11,1.271699046e-06,123201006.40000001
5.3120615859999998e-11,1.2654041760000001e-06,121725827.5
6.7456323669999994e-11,1.279296717e-06,107717500.59999999
6.1391460779999998e-11,1.270788535e-06,112814297.59999999
4.4152292620000002e-11,1.283610774e-06,133054681.09999999
6.9780368839999995e-11,1.208410066e-06,109104890.5
3.0545287479999998e-11,1.242830681e-06,163226985.90000001
3.8942154530000002e-11,1.211604005e-06,145445854.69999999
4.4068516799999999e-11,1.216460976e-06,136389939.30000001
3.4514106779999999e-11,1.217986438e-06,153150784.59999999
3.0309140769999999e-11,1.2866577880000001e-06,159726415
3.1399490770000001e-11,1.275289783e-06,158670445.80000001
2.9624699600000002e-11,1.2778524590000001e-06,162962215.90000001
2.140175165e-11,1.2318917169999999e-06,195029487.40000001
3.4829099170000002e-11,1.245366318e-06,151705288.09999999
3.1504188590000002e-11,1.2693329010000001e-06,159148537.40000001
6.498308343e-11,1.252967276e-06,110407816.40000001
6.4686247649999996e-11,1.2169118109999999e-06,113089468.09999999
6.3302171059999995e-11,1.241377376e-06,112178537
3.9903457710000001e-11,1.2486229640000001e-06,142392368
6.7415061370000005e-11,1.2348396770000001e-06,110503890.5
2.7591657850000001e-11,1.2843537210000001e-06,168126971.59999999
4.6683831010000002e-11,1.26434608e-06,129815077.2
4.066925122e-11,1.242743595e-06,140644881
3.8329128439999998e-11,1.2369199189999999e-06,144232221.09999999
3.6151284549999999e-11,1.224176885e-06,150243280.09999999
5.2446304169999997e-11,1.2393293889999999e-06,124084573.09999999
5.2418707909999999e-11,1.2825461809999999e-06,122312411.59999999
2.2375258190000001e-11,1.2177117369999999e-06,191254047.30000001
3.0545506260000002e-11,1.2533961800000001e-06,161003969.69999999
2.9259928119999998e-11,1.2433773890000001e-06,166923298.80000001
7.6999847599999995e-11,1.2102293159999999e-06,103677876.3
2.082365557e-11,1.256385045e-06,195375284.09999999
7.5443592549999995e-11,1.240867333e-06,103720890.5
5.7964039480000002e-11,1.2072406729999999e-06,119194299.5
7.0498296890000005e-11,1.2079709899999999e-06,107368647.59999999
5.4337764389999999e-11,1.2486522279999999e-06,120843227.09999999
6.6429546420000006e-11,1.2348053979999999e-06,109410191.8
2.2244996969999999e-11,1.208816472e-06,191221075.30000001
5.698607146e-11,1.270574912e-06,117669365.59999999
2.0922758129999999e-11,1.2834194940000001e-06,193443940.30000001
3.4339095200000002e-11,1.287611404e-06,150477679.90000001
3.8415118980000002e-11,1.2180689520000001e-06,145627121.19999999
4.6289913419999997e-11,1.2403406619999999e-06,132560404.8
7.5714942640000005e-11,1.2348544180000001e-06,102990558.7
5.7697779309999999e-11,1.2911649590000001e-06,116935404.09999999
3.0432485270000003e-11,1.262977982e-06,161765868.40000001
5.7892064939999998e-11,1.2824031359999999e-06,115881391.2
7.241967581e-11,1.2557423009999999e-06,104836540.59999999
7.3226851570000001e-11,1.273697981e-06,102944389.3
6.0517992149999994e-11,1.2688182709999999e-06,114615812.8
6.7113449100000005e-11,1.2576736999999999e-06,108788129.3
3.5092181030000003e-11,1.2538744040000001e-06,152003300.09999999
5.4634982640000002e-11,1.22041792e-06,123635262.8
2.6532060369999999e-11,1.2654684349999999e-06,173637466.5
7.605139183e-11,1.2141262869999999e-06,104409205.3
2.1731041599999999e-11,1.2395897099999999e-06,193409864.59999999
7.4012029010000006e-11,1.2696621430000001e-06,102780078.59999999
3.4049976079999998e-11,1.2856393910000001e-06,150804793.30000001
6.2363344039999995e-11,1.284646565e-06,111095893.2
3.0712959080000003e-11,1.2471383099999999e-06,161228671.59999999
4.9565926129999999e-11,1.2887449890000001e-06,125252497
2.5227968770000001e-11,1.207261104e-06,181997199
3.5098247200000003e-11,1.2122324140000001e-06,153775264.59999999
5.82089777e-11,1.257249256e-06,117202992.59999999
3.2255679550000002e-11,1.2586762650000001e-06,157014783.40000001
5.4879220589999998e-11,1.2617493919999999e-06,119381734.8
2.1278203980000001e-11,1.2248626129999999e-06,195478458.80000001
6.4866911539999994e-11,1.285984408e-06,109831831.8
5.8872624190000002e-11,1.286032904e-06,114784526
6.2780186679999997e-11,1.208066551e-06,114575105.3
7.4120537100000001e-11,1.251786858e-06,103508222.90000001
7.1338297809999995e-11,1.2624680030000001e-06,106205407.7
6.9466645309999999e-11,1.2153657599999999e-06,108106019.90000001
2.0204373870000001e-11,1.2674571050000001e-06,197591941
2.206921492e-11,1.234733773e-06,191088818.59999999
6.1778699019999997e-11,1.2543096230000001e-06,113514023.5
7.041913273e-11,1.2270903930000001e-06,107346004.5
3.3219999620000002e-11,1.2646711940000001e-06,154911785.59999999
3.6760914230000001e-11,1.2503676380000001e-06,147360980.5
7.9038085400000006e-11,1.247307753e-06,101226886.5
6.9624716289999994e-11,1.2843064000000001e-06,105987081.5
4.8826226580000001e-11,1.2458996120000001e-06,127741059.40000001
2.2532509009999999e-11,1.250065698e-06,188841030.59999999
3.3749483280000003e-11,1.2086017490000001e-06,156516679.40000001
4.1751269e-11,1.252082789e-06,137961542.80000001
4.9985360759999999e-11,1.2110366690000001e-06,128623265.8
5.5234520619999998e-11,1.2389396109999999e-06,120606932.3
3.4649011210000002e-11,1.2392266290000001e-06,152613470.30000001
3.0025430779999998e-11,1.2678934559999999e-06,162024305.40000001
4.3385255900000003e-11,1.212341865e-06,136811171.69999999
4.5207051410000002e-11,1.2265157009999999e-06,134114580.8
2.9703890099999998e-11,1.25092318e-06,162946013.59999999
3.8152002179999998e-11,1.290770108e-06,142520482.69999999
5.0666438569999998e-11,1.249249347e-06,125973117.7
4.0852612390000002e-11,1.272985349e-06,138133555.19999999
7.4610405719999999e-11,1.243956956e-06,103454570.90000001
7.3661631689999996e-11,1.251393292e-06,104769218
7.2787031629999999e-11,1.289148571e-06,103052532.8
3.5106238580000003e-11,1.2155477199999999e-06,152448047.80000001
3.3301061729999999e-11,1.2321493670000001e-06,156550622.19999999
6.7489336039999994e-11,1.2318538500000001e-06,109551357.09999999
3.420133492e-11,1.2086725229999999e-06,154217029.59999999
6.3637094150000004e-11,1.245431168e-06,112490261
3.1006592359999997e-11,1.2703723430000001e-06,159766498
4.7488785350000001e-11,1.2086174240000001e-06,131819172.3
3.8630849680000003e-11,1.2497311939999999e-06,144265914.40000001
5.2020809930000003e-11,1.2447662110000001e-06,125163490
7.2654116830000006e-11,1.290393542e-06,103609890.5
5.8687774479999998e-11,1.2893246519999999e-06,114885172.40000001
3.2966602340000002e-11,1.2137863359999999e-06,157728305.5
3.0323828169999999e-11,1.269331164e-06,159773365.80000001
4.7180235819999999e-11,1.283989166e-06,127676929.5
7.9605451309999998e-11,1.2532654590000001e-06,100175473.09999999
4.546290847e-11,1.2882112419999999e-06,129934040.90000001
5.8562385659999995e-11,1.2270133700000001e-06,117858131.8
3.9009172460000001e-11,1.2565902939999999e-06,143004601.59999999
4.5039133179999998e-11,1.235447185e-06,133886402.5
3.4527873539999998e-11,1.243245756e-06,151877869.69999999
7.2855376249999999e-11,1.2756677850000001e-06,103830125.09999999
5.7432981450000003e-11,1.2364758549999999e-06,117886602.8
2.1987068959999999e-11,1.2411051050000001e-06,192175493.09999999
2.721448867e-11,1.226354044e-06,172909836.09999999
3.560633127e-11,1.210684102e-06,152047517.09999999
3.3270485319999997e-11,1.265100449e-06,154418933.09999999
6.8149777810000006e-11,1.276067523e-06,107022903.2
6.6438362849999996e-11,1.288055675e-06,107259119.8
4.1475936089999999e-11,1.259736502e-06,139094951.90000001
7.5863811940000002e-11,1.2244665659999999e-06,103991128
7.0666868099999998e-11,1.2208630389999999e-06,107656001.09999999
4.4022776629999999e-11,1.266235163e-06,133225701.90000001
6.6815897240000004e-11,1.2693356199999999e-06,108721007.2
7.4558998530000005e-11,1.2170586150000001e-06,105053560.09999999
3.4259409869999999e-11,1.2901015310000001e-06,150680398.40000001
5.4735962090000002e-11,1.2622529609999999e-06,119351433.2
3.0518184279999998e-11,1.2105866749999999e-06,164727108.80000001
7.9010334759999995e-11,1.2208196320000001e-06,101317071
2.8051022330000001e-11,1.221573797e-06,171529626.59999999
3.6244659230000003e-11,1.2686653269999999e-06,147567061.59999999
3.6124079309999999e-11,1.2294073660000001e-06,150723380.69999999
7.7120182400000003e-11,1.270114763e-06,100212665.40000001
6.8864915629999995e-11,1.2397339170000001e-06,107825485.8
5.1718173590000003e-11,1.2299210180000001e-06,124464807
2.295166961e-11,1.2397175909999999e-06,188475123.19999999
3.901611393e-11,1.23811341e-06,143734670.90000001
6.9608183229999996e-11,1.2337242739999999e-06,108843337.7
3.8965319519999998e-11,1.2623673579999999e-06,142561079.5
4.3515488499999999e-11,1.247484668e-06,135884213.59999999
5.9627542569999996e-11,1.273807536e-06,114460596.40000001
4.5783013159999998e-11,1.221320344e-06,133980961.5
