M,R,y
6.4937442439999999e+24,7231732.7410000004,8.3300504750000002
5.9140129320000001e+24,8315596.9450000003,5.6958639299999998
3.3814320189999998e+24,6294356.3449999997,5.6836873429999999
5.6222131149999996e+24,7429078.6500000004,6.8227302720000003
9.2508265480000005e+24,1685439.5060000001,216.91260149999999
2.7747035810000001e+24,4589783.3480000002,8.8212694529999993
5.7782164759999997e+24,2511592.9300000002,61.388471520000003
5.9789741919999996e+24,8183977.7410000004,5.9387602859999999
1.5953450399999999e+24,3135996.1340000001,10.79578397
6.7639306930000002e+24,9679174.1840000004,4.8143914470000002
4.9817914360000001e+24,3450633.5809999998,27.91441331
3.6324088090000001e+24,9511266.4680000003,2.668851251
6.72497609e+24,3164399.7239999999,44.817413350000002
5.8754831270000005e+24,7780938.0880000005,6.5109401480000004
4.8434003159999998e+24,6703621.4539999999,7.1611268839999997
3.1325737500000002e+24,4915958.7750000004,8.6530754440000006
4.6273892330000001e+24,1690647.875,108.37078409999999
2.964277592e+24,4644853.5710000005,9.1840907250000008
3.6406457699999997e+24,3211476.52,23.55517365
7.1252218659999999e+24,7564907.3880000003,8.3231114969999993
7.7677360079999998e+24,4958943.2889999999,21.0700389
6.2987236359999999e+24,9457008.625,4.7079608300000002
7.9323001599999998e+24,1768446.027,170.05505410000001
5.5367104520000002e+24,5659325.7649999997,11.50687432
6.2874892679999996e+24,4586807.932,20.048530620000001
2.9125209069999998e+24,4059341.949,11.76857126
8.4915691219999996e+24,3780886.3089999999,39.536713810000002
8.2554610129999996e+24,2626403.6690000002,79.931811519999997
6.403220022e+24,1392358.909,220.29404170000001
3.2819349460000001e+24,3927993.9249999998,14.063243979999999
1.923998554e+24,4903111.023,5.3314707319999997
6.0660155910000005e+24,9174161.0050000008,4.828363263
1.8952752190000001e+24,2370649.4679999999,22.427055459999998
5.0049850809999997e+24,2297704.5839999998,63.543949349999998
8.1154074180000002e+24,2494631.2110000001,86.873441009999993
7.3788973920000002e+24,9891038.0559999999,5.0311868549999996
6.7189146579999997e+24,4568895.5379999997,21.378968960000002
7.0092209540000005e+24,1585863.551,184.9151153
8.2995655510000005e+24,8843571.3239999991,7.0520427019999996
3.4400114739999998e+24,6912940.0829999996,4.8090685940000002
7.7151675599999997e+24,6325480.8959999997,12.89264373
2.2766030719999999e+24,2983791.625,17.026725379999998
8.6389561270000002e+24,5111336.835,22.14722342
6.5226489769999999e+24,6381911.5970000001,10.73714487
7.9806318949999998e+24,2577468.1140000001,79.830813109999994
1.4600901830000001e+24,3610917.372,7.488545878
9.0268521389999996e+24,5696304.8190000001,18.6698901
4.472779517e+24,9037889.7139999997,3.6456099439999998
2.46002579e+24,5588566.4009999996,5.2644347749999998
4.8647062410000005e+24,6446800.9239999996,7.8245327490000003
6.2275701620000004e+24,2229058.7969999998,83.951235929999996
2.4985624349999998e+24,3926753.7740000002,10.78387405
8.6123648230000001e+24,9586800.3949999996,6.2396941520000002
1.88554285e+24,1681287.7450000001,44.508733239999998
4.8128679109999998e+24,3735027.6209999998,22.970178730000001
4.0844020350000002e+24,1112787.2879999999,220.16307979999999
2.5108121410000001e+24,5244336.0219999999,6.1041694739999999
1.760034612e+24,9652366.8589999992,1.2638448799999999
1.6574573220000001e+24,3136198.642,11.291848249999999
7.1384594780000002e+24,4577020.6289999997,22.899041950000001
8.3108652470000002e+24,5275722.8099999996,20.00856053
8.8716380759999997e+24,7740040.642,9.8825929289999994
7.4263652310000002e+24,2998339.5950000002,55.137892229999999
7.8208932739999999e+24,9946534.2919999994,5.2688049599999998
8.3415594869999998e+24,9997393.9260000009,5.607397132
3.6149139709999997e+24,3922483.5040000002,15.648652390000001
1.6598965959999999e+24,2956782.176,12.687770950000001
7.3147815450000003e+24,8604909.3530000001,6.561470495
5.2648790579999997e+24,7314338.2750000004,6.5872253760000001
8.0593779320000001e+24,2657296.6740000001,76.189182090000003
9.2179204569999997e+24,1215558.8799999999,418.30265969999999
8.6445130279999999e+24,8752165.4609999992,7.5436592530000004
3.113578256e+24,6743724.0829999996,4.581029891
5.7844711240000001e+24,5638344.3799999999,12.14399287
8.8849073890000001e+24,2470091.3679999998,96.631124159999999
3.3899179890000001e+24,1884364.274,63.948080079999997
1.2222499700000001e+24,3469543.9010000001,6.7603922890000003
1.7031750199999999e+24,9283314.7939999998,1.314819097
6.5120718429999998e+24,3539707.196,34.554035980000002
3.6658518560000001e+24,2342114.3160000001,44.649418019999999
7.121759561e+24,2060729.7250000001,111.7388184
6.3862726340000005e+24,5440317.7209999999,14.427481070000001
7.5623321029999999e+24,9334128.6530000009,5.7808168320000002
3.3627135359999999e+24,4548590.0549999997,10.86595531
4.7701216929999998e+24,2018518.352,78.059879949999996
6.3840360019999998e+24,9466482.2670000009,4.7594185080000004
8.0514836239999996e+24,9487145.4849999994,5.949736562
5.4532723419999997e+24,2821847.3969999999,45.922404010000001
1.004339573e+24,8899557.5559999999,0.84728449149999996
6.5320145049999995e+24,1228642.77,287.41943429999998
4.8604991959999996e+24,8172016.4330000002,4.8532429669999999
9.0744284519999998e+24,2963799.9360000002,68.531774839999997
8.8793571459999996e+24,9278732.3430000003,6.8342824630000001
3.8840508050000001e+24,3236489.7710000002,24.781657989999999
3.4265893509999999e+24,2453229.656,38.30598191
2.8167095030000001e+24,4792582.0269999998,8.1359985409999993
7.1346673630000002e+24,2780537.4109999998,61.73685725
4.8826507860000002e+24,7846827.0599999996,5.2668038179999996
7.5622717829999997e+24,4276922.1129999999,27.508774809999998
8.1714678419999998e+24,5309290.4349999996,19.25389006
7.2754002910000004e+24,2651384.5649999999,69.03908491
1.8733968049999999e+24,6706040.3090000004,2.7922402919999998
5.6892698829999998e+24,6902726.9910000004,8.0187867520000005
5.4325318439999999e+24,3608078.3399999999,27.817616699999999
2.200299094e+24,4080030.432,8.8689315099999995
3.9915900270000001e+24,2575336.6779999998,40.045849410000002
5.5620017239999998e+24,2830434.926,46.176541450000002
3.2408173110000001e+24,8566281.5940000005,2.93710045
2.374451471e+24,1041872.963,146.07500469999999
9.6567314200000005e+23,2603884.1579999998,9.5547948470000001
1.622296093e+24,5908187.7450000001,3.1216234109999998
4.775331079e+24,2983091.1949999998,35.93900739
3.9787185140000002e+24,6620143.0669999998,6.0238679690000003
4.3020615260000001e+24,6123286.0460000001,7.6534095730000002
1.5808994489999999e+24,7818445.426,1.718675395
7.0174904650000005e+24,4171951.213,26.720353329999998
2.2787629760000001e+24,9933712.0419999994,1.5408202499999999
8.5866635450000003e+24,2823505.2179999999,72.329472820000007
5.2607614469999998e+24,3029984.122,38.331553200000002
5.1764915370000005e+24,5063073.7510000002,13.52039669
1.194671223e+24,3396091.1570000001,6.9267741989999996
6.8276918870000002e+24,5720778.574,13.97480683
2.3372605259999999e+24,5619322.4960000003,4.9491527059999996
2.4720986819999999e+24,4052925.2960000001,10.12236691
2.5133007870000001e+24,9456744.5989999995,1.86870563
7.3266886970000005e+24,9867943.3420000002,5.0401031270000001
5.1369356290000005e+24,5853334.5010000002,9.9788709260000008
2.2628236600000001e+24,2299697.9929999998,28.536257330000002
5.662225773e+24,8090494.1320000002,5.7969269800000003
2.3015309840000001e+24,4024587.1290000002,9.4827815609999995
3.6857713540000002e+24,8425238.2410000004,3.4405164070000001
6.0591742550000001e+24,5669852.3250000002,12.6675247
6.6545401800000002e+24,6141870.7829999998,11.713036710000001
1.744407884e+24,8038054.6900000004,1.7986631049999999
8.2686697840000004e+24,4450944.0020000003,27.817440019999999
8.1871110170000003e+24,5722495.8080000002,16.62441407
6.103689878e+24,7231431.0319999997,7.8170445070000003
7.9425225299999998e+24,4017296.247,32.871216259999997
1.753664804e+24,3862026.1919999998,7.8389796670000003
6.4541620069999999e+24,2350814.7889999999,77.765512939999994
6.0566869040000005e+24,2700605.855,55.899947730000001
2.9929350519999999e+24,4881855.5609999998,8.3826102910000007
1.124088579e+24,6016825.5420000004,2.0706813049999999
7.4754074959999996e+24,9751288.3839999996,5.2376004800000002
3.3181993749999998e+24,3295761.0299999998,20.430025780000001
6.3140024580000003e+24,8466860.9030000009,5.8904278320000003
6.2944577580000004e+24,2931565.8969999999,48.49203103
8.9789324949999998e+24,5460635.7240000004,20.091697020000002
5.6756536589999998e+24,1711896.362,129.38311279999999
4.2272309109999998e+24,4268017.5640000002,15.703568779999999
1.7654705030000001e+24,7517049.3499999996,2.0844806679999999
6.9157291340000004e+24,7034678.5120000001,9.3116447210000004
2.4160318240000001e+24,5149676.1890000002,6.0850471260000001
7.8481514279999997e+24,9839993.2750000004,5.4380261839999999
7.9262483710000005e+24,9892147.3110000007,5.3566721069999996
6.6661801769999997e+24,5964979.4100000001,12.46222539
7.7503508999999999e+24,5326624.6129999999,18.303669129999999
4.616052344e+24,9974185.8479999993,3.0636377239999999
4.2350550769999999e+24,6947158.7889999999,5.8095810429999997
7.9115251279999998e+24,9055509.1649999991,6.4553137249999999
8.6789464379999995e+24,6032093.8339999998,16.027150299999999
1.022254667e+24,4895021.7010000004,2.843675572
8.9423526609999996e+24,3943295.338,38.498384659999999
4.8341746660000001e+24,8895885.2449999992,4.0857066870000001
6.6544344859999995e+24,3524848.253,35.664772450000001
6.2142776479999996e+24,4810355.8569999998,17.891488590000002
4.1143409780000002e+24,5194281.3090000004,10.114658840000001
8.7005452219999999e+24,8364583.4519999996,8.28401487
5.4870569080000002e+24,3968991.4870000002,23.186203379999998
6.0655094060000002e+24,8953938.568,5.0245218989999998
1.0009984380000001e+24,3318289.523,6.0401260109999999
3.3145569469999998e+24,9014650.5940000005,2.7416485079999999
3.0657902049999998e+24,4141786.7009999999,12.0069143
1.693379675e+24,1912753.4709999999,30.857293779999999
3.4468384199999999e+24,3293354.1910000001,21.14645222
2.816857135e+24,3845328.7319999998,12.679766369999999
2.5547718140000001e+24,8760693.5449999999,2.2080213030000002
6.9993991139999998e+24,4031246.4700000002,28.731750359999999
4.7435255539999999e+24,4404180.9160000002,16.117201359999999
8.1846375549999998e+24,2164764.9219999998,117.374728
7.2936717520000001e+24,1123770.838,386.59224990000001
1.0607854030000001e+24,3914146.7689999999,4.6385373339999996
2.8088149379999998e+24,7109057.0640000002,3.713600977
7.9391077929999995e+24,8575242.1170000006,7.2613064710000002
7.0672380259999999e+24,3315145.79,43.165545659999999
1.5923899470000001e+24,4304183.1679999996,5.7312339520000002
4.5406039290000001e+24,1075207.2350000001,260.41433929999999
1.9584425209999999e+24,3040393.7110000001,14.077422179999999
2.104513442e+24,2687963.0079999999,19.286095979999999
4.7656604480000002e+24,3869669.665,21.360718949999999
5.9199688540000002e+24,2615618.3429999999,57.506611470000003
8.4585761860000003e+24,7648943.1109999996,9.6700074219999994
8.0518598360000004e+24,5344782.4989999998,18.7172731
4.1853332169999997e+24,2264112.7200000002,54.522677870000003
5.542854107e+24,3799550.9559999998,25.66146938
5.2182827490000002e+24,8195935.0089999996,5.1778150350000001
2.3268559470000001e+24,8363721.2439999999,2.2433617350000001
7.9902751279999998e+24,9942322.0120000001,5.4225397070000003
4.385404316e+24,8552776.6359999999,4.036599979
7.1059280340000005e+24,2622495.287,68.946883369999995
4.8397282000000005e+24,8327192.1200000001,4.6502138090000003
2.287503678e+24,1961911.6599999999,39.849758080000001
4.1083816780000002e+24,1912273.081,74.766699090000003
6.9930431909999995e+24,6366986.3210000005,11.49570016
3.8671919329999999e+24,9444427.5260000005,2.8853885539999999
3.3474278710000001e+24,6203813.7539999997,5.8563133130000002
8.910424401e+24,1416957.845,296.55744390000001
4.8271768439999999e+24,9812540.5969999991,3.341549729
8.259407495e+24,1530324.871,236.0280765
1.5946271310000001e+24,6783831.6509999996,2.3304159229999999
4.277565022e+24,6866004.784,6.0443325010000004
5.6363743189999996e+24,4904992.523,15.54742104
6.2990415429999995e+24,4355565.2110000001,22.27905312
8.2110053899999997e+24,2362617.6970000002,97.694710130000004
5.3946003170000005e+24,4400336.6370000001,18.576288210000001
1.987263302e+24,3466635.5750000002,11.06321805
1.542738019e+24,2546995.6579999998,15.901857590000001
5.3212706760000002e+24,2726753.4449999998,47.94298689
4.0784493490000002e+24,1644968.8430000001,100.4994167
5.4184261690000001e+24,8009985.9630000005,5.6204678489999997
1.1919815680000001e+24,5562773.6770000001,2.5674660089999999
2.4935533280000002e+24,8087405.4749999996,2.5504526840000001
3.4647676600000001e+24,3816844.6830000002,15.85367072
2.407863409e+24,2254776.7239999999,31.710064469999999
8.2705638219999998e+24,1099747.0260000001,456.18493339999998
3.0009927400000002e+24,4070685.7579999999,12.11520807
1.304480494e+24,6377186.1040000003,2.136193971
1.3031599979999999e+24,7232254.8830000004,1.648373825
4.6650684839999997e+24,4141569.7560000001,18.087668789999999
9.1447075340000005e+24,1971927.3810000001,157.8458516
6.5372320900000005e+24,2381698.1239999998,77.352575810000005
5.4093627189999997e+24,8620230.8570000008,4.8734679390000002
2.0446245130000001e+24,5151209.2620000001,5.110269003
4.0294690500000002e+24,7778654.6940000001,4.4420199900000004
5.3890701360000001e+24,6361721.1689999998,8.8312035400000006
3.2327051699999998e+24,7398447.8640000001,3.9487510549999998
1.45220233e+24,4054443.273,5.8993044440000002
3.865337645e+24,2695961.2560000001,35.501296310000001
8.3163759300000005e+24,7709216.415,9.3744173170000007
4.964103855e+24,7923889.477,5.2957526210000001
5.2558299559999998e+24,7037924.5,7.0643798289999999
4.0523666130000001e+24,9197359.6510000005,3.1902275750000002
6.385450177e+24,3108598.3459999999,43.86969319
4.309751273e+24,3586587.074,22.270160430000001
6.561727148e+24,6033737.6239999998,11.978694320000001
8.6508712650000005e+24,1971266.7690000001,147.99638730000001
1.9586946010000001e+24,3081637.7609999999,13.86146984
4.098079307e+24,8614770.4140000008,3.6781530519999999
2.5517205100000001e+24,1976918.571,43.596843100000001
1.720480255e+24,9441462.8530000001,1.2936903259999999
8.583243742e+24,7464373.2139999997,10.27438952
3.8778061599999998e+24,3341727.3130000001,23.25592705
6.2860478510000001e+24,4338140.8969999999,22.42578241
2.384017985e+24,8574383.6579999998,2.1646008449999998
1.9269010659999999e+24,4043061.6860000002,7.8938628279999996
1.4196784670000001e+24,5371396.9510000004,3.3066739730000001
9.0477201029999995e+24,6851318.4689999996,12.813769410000001
7.1426477279999999e+24,2787880.5929999999,61.418766720000001
6.5560094009999999e+24,9760029.1830000002,4.5665264609999996
5.3985316370000001e+24,4641534.7249999996,16.656353880000001
