m1,m2,r,y
3.7915448,3.3607317939999999,1.3494507570000001,-6.3021721940000004e-10
1.761571708,0.88733594459999998,2.9962482160000001,-3.4776440549999997e-11
3.5214845559999999,0.779182755,2.9398569810000001,-6.2366516840000004e-11
0.58445386229999996,2.543154286,1.5316503109999999,-6.5279168069999995e-11
2.2089805839999999,1.5986228689999999,2.9854193630000001,-7.8832314610000005e-11
4.9827995449999998,4.2624960349999998,2.4752934980000001,-5.6984027769999998e-10
1.9237256979999999,3.138906559,1.3052853630000001,-3.086787842e-10
1.5353105199999999,1.2100157039999999,1.0187636470000001,-1.220282192e-10
2.9139350140000002,0.95069803549999998,2.3643312249999999,-7.8094856649999996e-11
4.7600730999999996,4.374645686,1.130514574,-1.231062153e-09
4.3966648160000004,2.4503751299999998,1.8163554820000001,-3.9680774209999998e-10
1.4790063819999999,4.3279065839999999,2.378558097,-1.7931132710000001e-10
4.7385763860000001,1.4415139800000001,1.37736127,-3.3109924389999999e-10
2.0692042169999998,4.3584510490000001,1.5167567710000001,-3.9435939319999999e-10
4.3002454720000003,3.3440293759999999,2.7852084960000001,-3.4476375569999997e-10
3.9628238310000001,2.1056213029999999,1.986380963,-2.8067299489999999e-10
2.2227344069999999,3.594765481,2.5707548949999999,-2.0713406249999999e-10
4.129410493,3.252124915,1.0275885950000001,-8.7317681780000002e-10
4.8851854250000004,3.9112379270000002,2.5010844319999999,-5.0696790219999997e-10
3.3766485679999998,1.3218114160000001,1.709103064,-1.7429161080000001e-10
4.2060548100000004,4.2345321690000004,2.0465812880000001,-5.7957133140000001e-10
2.8846889070000001,2.0861194599999999,1.561148937,-2.5854898499999998e-10
4.1512278230000001,4.1195179470000003,2.3574630660000002,-4.863272861e-10
4.5237639380000001,1.0389783159999999,2.6088609680000001,-1.203547806e-10
1.5187322599999999,1.7495387680000001,1.0424229060000001,-1.69274476e-10
4.4674353230000001,2.4659497020000001,1.3393324170000001,-5.4697539320000005e-10
2.1493408399999998,0.76987327039999998,2.7994171319999999,-3.9506136960000002e-11
4.6095854190000001,2.7883919719999999,2.6309068990000002,-3.2704648689999998e-10
1.335913371,1.5749607619999999,1.1939072799999999,-1.185823217e-10
3.0392332230000001,3.6762468959999999,2.0394930260000002,-3.6354830390000002e-10
4.7568830650000002,4.3508056039999996,1.6755453440000001,-8.2668530709999996e-10
3.0632661890000001,0.94382014729999997,2.470106216,-7.8215522559999997e-11
3.4730669299999999,3.1148202149999999,1.4381417679999999,-5.0093746910000002e-10
1.883478217,2.0489469370000002,1.836122099,-1.398607099e-10
4.970281752,4.0023307089999998,1.9835459390000001,-6.7168633639999998e-10
0.93096530509999997,2.1176153260000001,1.6858071320000001,-7.810433118e-11
1.601402505,3.8104643079999998,2.867811079,-1.423948992e-10
1.3307918780000001,4.3954893210000003,1.9408521000000001,-2.0042232689999999e-10
1.436488934,3.4667350969999999,1.679415715,-1.979104815e-10
2.0248822319999999,4.2948261710000004,1.5481827399999999,-3.7440742809999998e-10
1.9755319140000001,2.0451881310000002,2.6457406799999998,-1.021016425e-10
3.056569037,4.5474872480000004,1.164244727,-7.9232071770000002e-10
0.63751993029999998,1.2893586960000001,1.824998162,-3.0238157930000002e-11
2.093546957,3.7797208360000001,2.784155218,-1.8974787449999999e-10
1.2651373210000001,1.4289564809999999,2.7191421820000001,-4.4443178989999997e-11
1.189545665,2.1216890419999999,2.6876348380000001,-6.2384460930000001e-11
4.1792486870000003,2.9354898039999999,1.3017110160000001,-6.2530228299999996e-10
2.4019184779999998,2.779841147,1.4219336629999999,-3.1078666750000001e-10
1.1572264459999999,2.0046000259999999,2.479379325,-6.2417147290000001e-11
1.8257126319999999,0.93917889349999994,1.5272389799999999,-7.5215840300000006e-11
3.5899353899999999,3.638830209,2.3685082049999999,-3.6653413230000001e-10
3.1645461699999999,3.0897424290000002,2.6233141089999998,-2.5057510819999999e-10
4.0998832209999998,3.0923492210000001,2.3352760890000002,-3.6324807749999998e-10
4.5523651349999996,3.371107276,1.3851981769999999,-7.3364214319999998e-10
2.17988574,3.7037145229999999,1.0057756769999999,-5.3707657560000002e-10
3.9317364920000002,3.2497563540000001,2.0919928140000001,-4.0654480280000002e-10
2.0854705670000002,2.4597214649999999,1.2835450660000001,-2.6684393740000001e-10
4.3534076639999997,4.2504268420000004,2.2635199830000001,-5.4974787509999997e-10
2.5238327140000001,4.0309530279999999,1.3513671490000001,-5.0620609169999999e-10
3.827727903,0.79283069149999996,1.4302426859999999,-1.41332063e-10
1.297964122,3.537819904,1.5624315790000001,-1.970464308e-10
4.6275794189999999,1.9047653659999999,1.4533282000000001,-4.0607868059999998e-10
1.160508163,3.826218522,1.9104655749999999,-1.5627999530000001e-10
3.1004348249999998,4.4278459830000001,2.9186861899999998,-3.1133033759999999e-10
3.5864726359999999,2.3402626679999998,1.9608585510000001,-2.8568137329999998e-10
3.591242743,2.4636279929999998,2.2987470170000002,-2.5713387430000002e-10
4.9871180439999998,0.83307530780000005,2.9338263640000002,-9.4682981349999994e-11
1.5894740620000001,0.91260904789999997,2.2946875210000002,-4.2197055990000001e-11
4.1434255579999997,3.2412041779999998,1.372195128,-6.5078858699999998e-10
1.19865709,3.9347105949999999,2.3769412179999998,-1.3106706430000001e-10
2.3255154419999999,1.7999846749999999,2.3050301879999999,-1.221101359e-10
4.3024478330000004,2.428776536,2.2967348300000001,-3.028549681e-10
3.695100327,1.4734115000000001,2.6500457850000001,-1.3758921859999999e-10
4.4136520079999997,2.2072354280000002,2.4727545289999999,-2.6235436410000003e-10
4.7790378230000004,3.72646693,1.432467843,-8.3397432740000003e-10
4.3187819579999998,2.611188351,1.194022498,-6.3002428180000002e-10
2.4688964910000002,3.7813341669999998,2.8723448880000002,-2.1613165520000001e-10
3.7064091970000002,1.3711007260000001,2.318394617,-1.461893358e-10
2.4859636360000001,2.0163408189999998,2.0362007790000001,-1.6366359259999999e-10
2.6929085960000001,0.87279909079999995,1.2676966590000001,-1.237025215e-10
3.2216912459999998,1.725215529,2.3243095669999998,-1.592733265e-10
3.8241248080000001,1.117287148,1.559766312,-1.8326866809999999e-10
2.9147262199999999,4.2295340699999997,1.2353279770000001,-6.6870444109999998e-10
1.272307187,0.87337262140000005,1.929998935,-3.8434508570000003e-11
0.84113323149999997,0.90479202739999998,2.2445904360000002,-2.273896502e-11
4.428670447,3.8096812940000002,2.4334417159999999,-4.6209079629999998e-10
0.59631507760000002,4.6414372420000003,2.8466546080000001,-6.4643091320000006e-11
3.5918544630000002,0.96175696020000001,2.3094104820000001,-9.9594638020000003e-11
0.93834752060000004,3.3728609860000001,2.7078058060000001,-7.7698175879999998e-11
2.0208044539999999,1.3918570020000001,1.6247146699999999,-1.157499541e-10
1.1643007000000001,3.1217216670000001,1.8889006349999999,-1.285423253e-10
4.4353376789999999,2.9322117030000001,2.881629062,-3.0100888120000002e-10
2.191578255,1.51981301,2.9294418539999998,-7.5835558510000005e-11
0.53774719599999998,4.094857545,1.24007767,-1.1818429649999999e-10
1.355656025,4.5561514489999997,2.3933085080000001,-1.717596343e-10
3.7383432669999999,2.5568858040000002,1.8876440800000001,-3.3706923839999998e-10
2.987996377,2.549902651,1.467403918,-3.4533401060000002e-10
4.5827175990000004,0.84795112669999995,2.1319259549999998,-1.216441054e-10
4.256866123,1.386686409,1.7998807560000001,-2.1982099029999999e-10
4.2875074990000002,4.3467824720000001,2.150343549,-5.7874627520000001e-10
4.1454926859999999,3.1562867400000001,1.816739187,-4.8057945350000005e-10
4.8551785750000001,3.940027937,2.0185690040000002,-6.3713051900000005e-10
1.5148698469999999,4.35659581,1.0447859450000001,-4.2219598119999999e-10
4.6630347009999999,1.1221917859999999,1.245822005,-2.8191210800000001e-10
2.5452199919999998,4.2014711660000001,1.299519353,-5.50549758e-10
4.2343283649999996,2.426690673,1.8033785440000001,-3.8033901950000001e-10
2.322390199,3.2785675529999998,2.5710752710000002,-1.9707006850000001e-10
1.803190391,1.4954522210000001,2.2493688430000001,-8.0148806070000002e-11
0.94321970600000005,1.622232422,2.375956419,-4.3162832299999999e-11
2.3009607249999999,3.3494129429999999,2.5949520659999998,-1.9681768220000001e-10
2.2497091889999998,1.521899814,2.9767775790000002,-7.6968766719999995e-11
1.584634643,4.4374511129999998,1.1286068929999999,-4.1902702250000002e-10
1.459839114,1.287847988,2.6056534309999999,-4.8071732849999999e-11
2.9183684400000001,4.6041228849999998,1.6320937339999999,-5.4820926760000004e-10
4.0788620599999996,0.7762139415,1.721321187,-1.2278639769999999e-10
3.283176111,0.82215187499999998,1.453318758,-1.2387738430000001e-10
3.8544167580000002,1.1235632600000001,1.927508099,-1.497244744e-10
2.349181228,2.819937167,1.235681765,-3.5500166740000001e-10
3.227155099,1.0427778670000001,1.1375926439999999,-1.965017907e-10
3.1182702999999998,2.5251393360000001,2.0863462849999999,-2.5225501949999999e-10
0.62948270510000004,3.1149818969999998,2.0802493379999998,-6.283383321e-11
3.516683446,4.410224608,1.627367322,-6.3573388340000002e-10
3.976288206,0.84951925579999998,2.085497648,-1.082956373e-10
1.370835614,2.9120623220000001,2.4762786870000002,-1.0818518789999999e-10
4.7627514299999998,3.2294073170000002,1.534105802,-6.7215126750000001e-10
3.0538395760000001,3.336593309,2.9054056739999998,-2.3424833050000002e-10
1.9410343969999999,4.4861331399999997,1.6705951109999999,-3.4614292709999998e-10
1.8245684879999999,4.0136025569999996,1.3352979899999999,-3.630075954e-10
4.0108221530000003,3.599673192,1.8392644339999999,-5.2402567099999999e-10
4.1561970730000004,3.8191693949999999,1.4592289389999999,-7.2427612659999996e-10
3.9853730220000001,0.79466519130000002,2.3269659630000001,-9.0794055600000006e-11
3.9921226879999998,3.8335546229999999,1.434124967,-7.1371667269999997e-10
3.7549155609999998,1.9518404549999999,2.1462345360000001,-2.286611005e-10
4.7791162890000001,4.5289657349999999,2.977535348,-4.8664485379999999e-10
0.86954082659999998,3.9540711759999998,2.001426575,-1.153411026e-10
0.75609752129999996,1.2744875019999999,1.4176279270000001,-4.5373569760000001e-11
1.910813249,2.0500478690000001,2.931937853,-8.9669939240000001e-11
1.7203370280000001,3.1674593290000002,2.0616740240000002,-1.770933687e-10
3.375787307,4.1847562639999998,1.862370807,-5.0769990330000002e-10
1.60287994,2.1638404969999998,1.5556406229999999,-1.495411584e-10
1.5151393070000001,2.6935001870000002,1.2469268929999999,-2.1747577799999999e-10
0.58997187959999997,3.6166439010000002,2.9838682900000002,-4.7871091529999998e-11
3.7510357810000001,0.94534847249999998,1.422901776,-1.6554881610000001e-10
1.2425042479999999,3.4219719190000002,2.143717402,-1.3218098090000001e-10
4.6114700329999998,0.96665961499999997,1.7377166580000001,-1.6990519050000001e-10
1.6061196879999999,2.5820153619999999,1.7450575349999999,-1.5867873150000001e-10
2.3681869870000001,4.0192378670000002,2.5455246900000001,-2.5078984300000001e-10
0.60524986160000005,3.5999002170000001,1.489524421,-9.7147240330000001e-11
1.8159932029999999,4.2973229630000001,2.998846152,-1.734786819e-10
0.95042300150000003,4.4403709170000001,1.290235778,-2.1881959189999999e-10
3.8211567249999998,1.332002758,1.4998023840000001,-2.255764164e-10
2.6487145179999998,1.6773797189999999,2.7317063529999999,-1.0855470190000001e-10
2.4946851250000002,2.9526911600000001,1.56339078,-3.1410385710000001e-10
4.2600187399999996,2.254653534,1.8670643419999999,-3.4143098210000002e-10
4.926337373,3.6909316890000001,2.7395707790000001,-4.4205085060000001e-10
4.6806609010000004,4.5785036589999999,2.396082448,-5.9909815699999997e-10
3.1142312240000001,4.1250012099999998,2.2445043980000001,-3.8098929400000001e-10
1.769001598,2.4320971450000002,1.8005218000000001,-1.6033006080000001e-10
2.0033033269999998,3.8812445530000002,2.298941648,-2.2415613640000001e-10
3.4809546669999998,1.319092318,1.8111166000000001,-1.696903172e-10
1.360136088,3.5838391430000001,2.9292866470000001,-1.108176276e-10
1.8720014469999999,2.870858234,2.701756032,-1.3321173759999999e-10
4.98384099,3.3485725359999998,1.4347024909999999,-7.755270892e-10
2.5368046340000001,1.5275238689999999,1.6734257530000001,-1.54107633e-10
2.3389331869999999,3.8399211900000001,1.8358581110000001,-3.2726947100000001e-10
4.6498033799999998,3.8182975539999999,1.4706746530000001,-8.0778791890000002e-10
1.3493340789999999,3.0620320809999999,2.5166362179999999,-1.1019404030000001e-10
2.4667246500000002,1.7698267830000001,2.1214750659999999,-1.377752582e-10
3.3340083319999998,3.6368596480000002,1.249906178,-6.4767420470000001e-10
4.9123297130000001,1.542943084,2.9488573370000002,-1.707109345e-10
2.8929469170000002,2.975629847,1.991110706,-2.8888016430000001e-10
2.6621988010000002,3.6870280549999999,2.9452005250000002,-2.222379116e-10
2.2813974689999998,1.189299273,2.4398348169999999,-7.4424981939999996e-11
0.89134220689999999,3.4131303540000002,1.3320225210000001,-1.525836033e-10
1.910556149,2.7109987009999998,2.1337983739999999,-1.622114832e-10
1.8744228199999999,2.4108177839999998,1.8262017500000001,-1.6524608639999999e-10
1.3584797740000001,2.1741358040000001,2.554271043,-7.7083366119999994e-11
3.591442883,3.0915707540000001,1.9169787709999999,-3.845911109e-10
3.1155952770000002,4.209073826,2.9759507100000002,-2.9370918850000001e-10
3.4469702189999998,4.1015317969999998,1.43859647,-6.5122461010000005e-10
2.9352643239999998,1.847934183,2.3709264750000001,-1.531027432e-10
4.0552402890000003,1.039214015,1.304342033,-2.1430033120000001e-10
3.1510034029999998,1.016337324,2.008608127,-1.0561210449999999e-10
3.9188483550000002,2.3299449820000002,2.0027399360000002,-3.037526399e-10
4.3575034659999998,1.891730495,1.1793979859999999,-4.6556299260000002e-10
4.6232667269999999,0.90599276019999997,2.015209493,-1.388724637e-10
1.3452943660000001,3.2609980080000001,1.8738719070000001,-1.558881328e-10
4.6865221269999999,4.0762509830000004,1.930900863,-6.6332705090000002e-10
0.9227924569,2.8968479789999999,1.807484436,-9.8771986560000003e-11
0.84733675080000004,4.4862119509999996,2.6625248030000002,-9.5636895769999998e-11
0.94275889800000001,4.0648059820000002,1.7203706000000001,-1.472713618e-10
3.326809967,4.0235499130000001,2.222167861,-4.0481659640000002e-10
0.70899057170000002,3.573240314,2.3707581910000002,-7.1390927169999998e-11
1.981543184,1.5450057779999999,1.9948725780000001,-1.0179603819999999e-10
2.6803223030000001,2.0864904499999999,2.683532563,-1.3946784279999999e-10
0.65581933319999997,1.2651294710000001,2.9529388980000002,-1.878091797e-11
1.301410671,2.0323230250000002,1.1970721529999999,-1.4621170069999999e-10
3.3166049470000001,3.6002816289999999,1.5195902020000001,-5.2197411979999999e-10
0.98917069209999997,0.80982083849999997,2.1614890770000001,-2.4692692900000001e-11
2.4291459259999999,1.389890324,2.9591864339999998,-7.6157172560000003e-11
4.7636929129999999,0.85036058879999998,1.636728172,-1.6516015250000001e-10
1.346029141,1.8748445229999999,2.1746338710000002,-7.7159192160000002e-11
3.169750804,0.91723556449999999,1.277476761,-1.52299509e-10
3.5252039919999998,1.729648023,2.0612255639999999,-1.9702872729999999e-10
4.3131040489999997,1.438110145,2.198345309,-1.881817788e-10
0.66673433299999996,3.8298995919999999,1.775132911,-9.5610043410000005e-11
1.6934518000000001,1.768498146,2.1466548919999999,-9.2727566139999999e-11
2.8823902819999998,4.0066835059999999,2.2420001950000001,-3.4227537300000002e-10
1.86107142,2.053452214,1.6687038839999999,-1.5327544369999999e-10
0.87081962319999995,3.1413199669999998,2.3648529260000002,-7.7181755790000004e-11
3.9685990630000001,3.9199632819999999,1.468860305,-7.0343543030000002e-10
0.74382776610000001,2.3522799559999998,2.6517132550000002,-4.4229172019999998e-11
1.4063837960000001,3.9680515500000002,2.056502096,-1.8124321520000001e-10
3.2031266230000002,0.81971869040000001,1.686708485,-1.040768104e-10
3.230518907,3.848288363,1.0739003300000001,-7.7597899859999995e-10
3.2879408880000001,3.5087801120000002,2.7092501900000001,-2.8469596909999999e-10
4.1762180620000002,3.8788652379999999,1.6255689790000001,-6.7078150790000002e-10
4.5080222790000004,1.305365439,1.706137435,-2.2877948070000001e-10
1.809923926,1.821838109,2.9891010659999999,-7.3291692330000003e-11
0.60893405599999995,1.4422091589999999,2.3942438789999998,-2.4426874189999999e-11
3.5321161920000002,0.83048027390000001,2.9929032790000001,-6.5030303279999999e-11
4.4178671840000003,1.7041547610000001,1.823802967,-2.763597515e-10
4.1120518050000001,1.040599949,1.9433235959999999,-1.467047746e-10
1.571071039,4.1531279169999999,1.2465290229999999,-3.4992773219999998e-10
1.015207937,1.952901512,1.8065317919999999,-7.3514705830000001e-11
3.0706437000000002,1.2903768170000001,1.1094753470000001,-2.401030707e-10
3.0417503639999999,3.16465014,2.0261911619999999,-3.1611437980000001e-10
2.1600573179999998,4.0269934359999997,1.298216024,-4.483177909e-10
1.7445042829999999,3.4155986500000002,2.7063473309999999,-1.469947626e-10
4.0297145929999996,2.1628828229999999,1.1573062730000001,-5.0293517979999999e-10
3.6089164299999998,1.550029434,1.5030451380000001,-2.5031507609999998e-10
4.8234036570000001,2.096495794,2.6371049229999999,-2.5553790270000001e-10
1.1845137509999999,2.4933737570000001,1.9992716530000001,-9.8324269380000006e-11
4.3391107230000001,2.8619272069999999,1.3734500430000001,-6.052551371e-10
1.858787403,0.89505655380000004,2.5466290090000001,-4.3740909819999997e-11
4.321578637,1.7355381400000001,2.8273280359999999,-1.76541246e-10
3.585193656,4.0533455270000003,1.3071982200000001,-7.3880019710000004e-10
2.5496406660000002,0.9242583378,1.865450029,-8.4485097679999995e-11
2.3526980800000001,1.839452957,1.596299299,-1.818421333e-10
0.55959527760000005,2.8476324260000001,2.2685421620000001,-4.705987364e-11
0.59210641689999999,3.080137637,2.189431795,-5.5578445629999997e-11
4.9433558089999998,1.7203873460000001,2.9910344769999999,-1.8995449730000001e-10
4.6063849460000004,4.1007576380000001,1.822271277,-6.9189615579999997e-10
4.7348110820000002,4.2625684289999999,1.5247335930000001,-8.7952517600000002e-10
1.8869237780000001,2.2118515400000001,2.0195168990000001,-1.3726280319999999e-10
2.929744323,2.0673360280000002,2.5314007950000001,-1.5988755599999999e-10
2.0339042109999999,4.545958969,1.5028286340000001,-4.0905275500000002e-10
1.461763554,4.2730484759999996,2.1550097159999999,-1.9342056839999999e-10
1.8586016460000001,2.058723047,2.2074529919999999,-1.164357224e-10
4.3872370429999998,3.1277107110000002,2.8895896529999998,-3.1656476679999999e-10
4.0084784019999997,4.2167731210000001,2.9523142930000001,-3.8087577749999999e-10
0.99080656219999996,1.3207658799999999,2.9899547900000001,-2.9287346569999997e-11
2.4967857630000001,1.954923669,2.492996926,-1.3066153509999999e-10
2.5790203900000002,2.0206495850000001,1.924693604,-1.814913579e-10
3.3976759099999998,3.967930902,2.1477208609999998,-4.1781022089999998e-10
2.9923440179999998,1.5599153320000001,2.3096417050000002,-1.3400755859999999e-10
4.4179188250000001,0.8195472613,1.874286154,-1.296395644e-10
3.2855903049999999,2.9103448570000001,1.173740521,-5.4093459869999998e-10
2.3059266690000002,4.1942517620000004,1.4220120549999999,-4.5176146999999998e-10
1.7513426620000001,4.2653838410000002,1.6729174410000001,-2.9729461200000001e-10
