N0,t,tau,y
5.8413925289999997e+20,5.1984695869999999,1.424697098,3.1977733729999999e+19
9.8025622310000001e+21,2.4379060859999999,1.57119857,2.0668926970000001e+21
9.8600334729999994e+20,5.9607560829999997,3.7119065180000002,2.0682997689999999e+20
9.3280814019999999e+21,2.8704546620000002,4.3947842220000002,4.856814671e+21
8.4799397840000005e+20,1.3728751800000001,2.6829494629999999,4.9719266009999999e+20
3.3332047309999997e+20,6.0811621569999996,4.7550169650000003,8.2209216280000004e+19
9.4489890820000003e+21,6.9781027599999996,1.1078625900000001,1.8031264569999999e+19
3.782896502e+20,0.25333685309999998,3.001903585,3.3631446740000001e+20
9.984224983e+21,4.1683759729999998,1.528356297,6.510346048e+20
9.2528271489999999e+21,0.98450030590000004,1.925216032,5.5492362360000002e+21
9.4624703989999993e+21,7.3308642830000004,3.0446678669999998,8.5535528780000002e+20
9.7823299690000003e+21,7.3121375129999997,1.1225369940000001,8.3064001190000005e+18
1.3341370250000001e+20,3.894703486,4.4549533720000003,5.2188869180000002e+19
9.550807162999999e+21,4.1598518410000001,1.9758130060000001,1.179856309e+21
3.8715251990000003e+20,8.8107592889999999,1.2907223510000001,13983571610000000
6.738961302e+20,8.9030362299999997,2.79605579,2.1820536670000001e+19
9.6343719129999999e+21,2.8076786180000002,4.6340216390000002,5.2523173719999995e+21
1.880219226e+20,3.300769727,2.1871660089999998,4.1490609350000001e+19
9.8135302959999998e+21,1.115039933,3.404518205,7.0664928779999998e+21
9.7559878590000005e+21,7.8982675120000003,1.319443232,3.1588413790000001e+19
9.845824141999999e+21,0.43073090460000002,1.5321506620000001,7.4300493529999999e+21
9.8730676190000007e+21,3.5216936720000001,3.387095972,3.4973782949999998e+21
8.7857351940000003e+20,9.2988543379999999,3.4468447960000002,5.6598550589999997e+19
5.4848401469999999e+20,1.987213517,2.21116234,2.229660869e+20
3.2838085600000003e+20,1.6128425500000001,4.7981426660000004,2.3246355019999999e+20
2.1159842539999999e+20,4.281599484,4.8278257829999998,9.3081289429999993e+19
6.2201875539999995e+20,6.4265953470000001,1.432874362,8.09955084e+18
9.882861252e+21,7.3943002440000001,4.286980131,1.7605405950000001e+21
6.4306120549999994e+20,6.5951247029999998,4.567195237,1.456369618e+20
1.3422310810000001e+20,4.4703106479999999,1.220172016,-9.322561976e+18
9.6157731849999997e+21,5.1936905409999996,3.3526570480000002,2.0475756030000001e+21
9.4621949539999998e+21,5.2463710790000002,2.8111949410000001,1.465061094e+21
9.7638842530000001e+21,2.794875314,2.372257115,3.0041473120000001e+21
5.6942095820000002e+20,6.9303617580000001,1.8706900399999999,2.1024952700000002e+19
9.837748167e+21,2.1176002729999999,4.9419973080000004,6.4130578790000005e+21
9.3760872719999996e+21,4.1220068269999999,4.2776348039999998,3.5797346160000002e+21
9.4905630520000003e+21,7.805943482,4.2678200869999996,1.526461353e+21
3.544773963e+20,7.3287925879999998,3.840796772,4.5359059420000002e+19
4.268923669e+20,1.334185245,3.2942169049999999,2.7993712180000001e+20
4.5363013319999999e+20,3.5533360749999998,3.887090524,1.697537077e+20
7.7207499670000003e+20,5.4632483650000001,2.2129040930000001,5.9928177799999996e+19
9.9152599400000006e+21,6.5231770429999996,3.4118525320000002,1.4678976619999999e+21
9.7275473660000002e+21,3.807420596,1.3706294020000001,5.9598471960000004e+20
9.5392410810000002e+20,6.3080246090000003,3.9449800289999999,1.8023473209999999e+20
9.8134532840000009e+21,1.790292285,2.273309604,4.4682531339999998e+21
7.3652883469999997e+20,1.7368732200000001,1.2101251479999999,1.72703583e+20
6.7934141130000001e+20,0.75240310430000001,1.6720801649999999,4.3381636610000001e+20
9.8633181540000004e+21,1.791483495,4.0665067659999998,6.3515556139999995e+21
9.2462495160000001e+21,5.3886361049999998,1.8030288290000001,4.6397904629999999e+20
7.8237043530000001e+20,5.6648822890000003,4.429582849,2.2669547709999999e+20
9.6349699400000004e+21,1.693903779,3.5449918469999999,5.9791172130000003e+21
9.6344562700000009e+21,7.2889050180000003,3.8362171300000001,1.4408571569999999e+21
9.6939508230000004e+21,9.8055157099999999,1.104441201,-4.827722328e+18
7.1325898289999997e+20,2.5688466459999999,2.3402924710000002,2.360125419e+20
8.2803316969999997e+20,1.5673882669999999,1.7525041619999999,3.3788459289999999e+20
5.0399727629999997e+20,9.8210176100000002,2.2113196300000002,6.117057256e+18
9.6166440229999991e+21,4.4162997940000004,2.9773186040000001,2.1924045339999999e+21
9.3442365790000002e+20,9.4724272480000007,1.1931348180000001,3.03643508e+18
9.3483663779999997e+21,9.7143455190000001,3.8517363360000001,7.4177656270000003e+20
5.6535664890000002e+20,5.4049195450000003,2.0764151979999999,4.3677542700000002e+19
