y,x,k
2.098549830144441,0.1249606882276717,268.7834133116335
3.133984029753252,0.1312193503497831,364.0248303393514
3.08458828538927,0.1385255463244298,321.4899915858177
0.09621761084577998,0.03864972364199006,128.8225164967072
0.6800940207391913,0.09365955876575563,155.0581997189289
0.5482284873657416,0.05551715274760943,355.7437058886916
0.1938370632563476,0.08647467663975651,51.84285659795115
0.1358275776398565,0.02837377784703167,337.4299464339682
6.183449733823827,0.1938873296992761,328.9743000632162
0.2763926401713027,0.05085076709761721,213.7772334953023
1.478173935800257,0.1376353808961442,156.0613493867597
0.3317381734591479,0.06707981548102335,147.4489642352707
2.157826002699052,0.1760746349684059,139.2043556789436
1.898011273560539,0.1358208002843062,205.7767070589263
0.1388430932687151,0.03500700500357809,226.5918906352836
3.545224914716198,0.1705641209661651,243.7240732260724
7.156804358049416,0.1895401525175461,398.4250992020374
5.407689672158037,0.1817441897572261,327.4316717248136
1.871965050160847,0.1182466380932627,267.7627303044069
0.2805778606421035,0.03763739121457611,396.1360516886597
0.1359247615652373,0.04656806404398315,125.3580443824596
1.840836537362204,0.1863020801014597,106.0742118502456
1.746509310054874,0.1149420326567801,264.3888614955608
0.06416791561230302,0.04430497470529321,65.37970278648417
0.989611790288714,0.1779708098973293,62.48809757075865
2.00251957343738,0.1318986239922713,230.2110870949796
1.490195592419947,0.1182419121500235,213.1721088638512
1.232005748575783,0.08149468886468482,371.0087206174983
1.048266487217613,0.08808150360985467,270.2291890718536
0.3541758075106528,0.05550295040955053,229.9411763098298
0.03323917988253579,0.01723088447133543,223.9057023877265
2.127725092515358,0.1764815735407615,136.6302227095658
0.2645509123397891,0.09886874119467826,54.12790893987705
0.763158390353749,0.1140506878506097,117.3407503948587
0.7409031581296548,0.07121102885824278,292.2112423086437
1.402462979266117,0.1527517347724363,120.2123533954483
0.01960765165716872,0.01478740545233447,179.3377087107723
0.1671310609825494,0.08071520178738875,51.30698471822658
0.04232355104319749,0.01576655593298121,340.516705430611
0.05786796597595655,0.03334949941895177,104.0613783715039
2.696653553214372,0.1937581647254999,143.6597565973249
3.262103535810069,0.1349745387073177,358.11625389329
0.9533377020545438,0.09136184681400145,228.4267834539481
2.077729300279367,0.1095106205029912,346.5025862280543
4.234168242289657,0.1758337496273071,273.9010084298842
0.8801197648464507,0.07540002672924498,309.61983157665
0.6119735234416466,0.1221552866350458,82.02346177206599
2.34277393566045,0.1399000309345133,239.4003374817711
0.6843776204721188,0.07752861763446729,227.7202827051225
2.094350806602104,0.1086287124342381,354.9687818425082
2.13038594432995,0.1553970028229193,176.4424206549552
4.330788685624065,0.1827440696582046,259.3644235225246
0.05297687125917167,0.03870183283459495,70.73807482092627
3.258519453647346,0.1873496845384114,185.671130388755
0.009836588712215301,0.01098398450493211,163.0627211903723
1.201561122662025,0.1530657256835733,102.5699051746581
4.514745569523686,0.1640000977602766,335.7183363366765
0.1183608138959511,0.03598516979309049,182.8061600426093
1.575482158437984,0.08959169367350518,392.5617595439276
3.487280464055408,0.1648986928190587,256.4970925537136
