A,Rp,Rs,y
0.951812192,56256820,604428175.70000005,0.0082682449830000001
0.79613165200000002,14256677.26,692808969.20000005,0.00033666875389999997
0.93142526889999999,74873045.739999995,604163750.39999998,0.01429299708
0.92371734719999998,79640533.689999998,697446176.39999998,0.012051968580000001
0.91522018790000004,16005358.93,605383985.60000002,0.00063672849980000003
0.95128398749999998,61023650.289999999,605230398.5,0.0096802812700000004
0.94859485899999996,34772172.5,694743792.70000005,0.0023866174620000001
0.73374375530000002,44197985.579999998,600713047.29999995,0.0039630318550000002
0.52922058599999999,24257798.859999999,695581024,0.00064279746810000002
0.58897857350000005,60159671.729999997,699202961.5,0.0043617723300000003
0.64911480420000001,45436975.479999997,600560490.70000005,0.003706435794
0.91032159300000004,89473045.790000007,698346184.39999998,0.01497439222
0.9817189288,75215178.780000001,696745217.20000005,0.01140748443
0.64051816650000004,7809040.727,604219574.10000002,0.00010719530310000001
0.58161535710000001,81196590.790000007,693943556.39999998,0.0079717521330000003
0.93475269920000004,21948119.02,601239745.20000005,0.0012593168
0.96950240040000002,9310855.4729999993,695804611.89999998,0.00017325984200000001
0.97401754360000004,49531119.049999997,606583064.39999998,0.0065196970260000004
0.62498006319999999,30281494.41,698984565.10000002,0.0011662821869999999
0.69811809430000005,16610122.83,696508354.29999995,0.0003967481649
0.52266489289999996,16528204.619999999,696629206.20000005,0.00029607906499999999
0.65498474299999998,87177908.200000003,604276366.5,0.01358614017
0.84726412959999997,49312507.950000003,694639059.79999995,0.004277742912
0.69471721760000005,89063539.579999998,601792704.39999998,0.01522171835
0.68674855810000002,70733833.670000002,694583355.70000005,0.0071416331049999997
0.89375794050000001,59467800.729999997,698154106.5,0.0064935349269999998
0.93860448990000001,60474408.18,605193190.5,0.0093754705740000006
0.95804825549999995,82453553.900000006,603685031.39999998,0.017928937079999999
0.78154992710000004,66804439.520000003,694660211.20000005,0.0072121022619999996
0.91593722219999996,15845488.529999999,698827392.60000002,0.00046985772140000002
0.89918942449999995,45068992.869999997,699970576.70000005,0.0037030492249999999
0.63280409120000003,34339152.530000001,692763838.39999998,0.0015565104940000001
0.52286399500000003,32656190.300000001,602265630.70000005,0.0015324330690000001
0.80384822160000002,16846532.73,600087995.29999995,0.00063033422850000004
0.81241929589999995,34293308.060000002,604841200.70000005,0.002612563876
0.55620525430000001,86281141.629999995,693768906.10000002,0.0086137051789999999
0.80824014310000003,29832036.050000001,604613508.70000005,0.0019641040620000001
0.62071325479999995,49219947.280000001,602056284.10000002,0.0041531021950000002
0.78862327700000001,6770422.5640000002,696006060.79999995,7.4019259170000006e-05
0.74148248849999998,60973107.640000001,696742759.79999995,0.0056704440650000004
0.71054081650000001,20754164.390000001,606269228.60000002,0.00083824018730000002
0.65862615099999999,69701970.329999998,600317749.60000002,0.0088354489680000006
0.80702213109999998,30659816.559999999,699485010,0.0015590535399999999
0.65199125660000001,8779219.7559999991,694565873.20000005,0.00010417501850000001
0.92668767330000001,21543094.559999999,697985079.70000005,0.00087876004860000002
0.55847445009999996,85089306.390000001,600420568.20000005,0.011276430840000001
0.60559547380000001,62465430.090000004,600629014.60000002,0.0065612019820000004
0.65099551089999996,18546829.670000002,694878068.60000002,0.00046243758250000001
0.80280601929999995,7599735.4519999996,695319295.20000005,9.5746685229999994e-05
0.68545914799999996,50605670.039999999,603871975.60000002,0.0048232809479999998
0.56049341640000006,75026279.400000006,603746057.79999995,0.0086667794029999991
0.90049497820000002,87969217.909999996,603728786.39999998,0.01901457736
0.61671034140000003,8463565.9910000004,604734585.60000002,0.0001203285446
0.75100173349999999,32931959.620000001,697115464.5,0.0016727559869999999
0.77353770450000003,27850722.469999999,696205054.89999998,0.0012389182659999999
0.82233414459999998,85379350.090000004,604308896.39999998,0.016367621549999999
0.64045012990000005,73620348.439999998,604487601.20000005,0.0094852689010000001
0.67947951529999995,40675613.119999997,606588613,0.0030372182700000002
0.6608426369,28132033.920000002,693079995.29999995,0.0010844110330000001
0.70097054999999997,72469000.900000006,605351063.29999995,0.0099789186939999996
