x,PE
1.0,3.0
1.0169491525423728,3.016949152542373
1.0338983050847457,3.0338983050847457
1.0508474576271187,3.0508474576271185
1.0677966101694916,3.0677966101694913
1.0847457627118644,3.084745762711864
1.1016949152542372,3.1016949152542375
1.11864406779661,3.1186440677966103
1.1355932203389831,3.135593220338983
1.152542372881356,3.152542372881356
1.1694915254237288,3.169491525423729
1.1864406779661016,3.1864406779661016
1.2033898305084745,3.2033898305084745
1.2203389830508475,3.2203389830508473
1.2372881355932204,3.23728813559322
1.2542372881355932,3.2542372881355934
1.271186440677966,3.2711864406779663
1.288135593220339,3.288135593220339
1.305084745762712,3.305084745762712
1.3220338983050848,3.3220338983050848
1.3389830508474576,3.3389830508474576
1.3559322033898304,3.3559322033898304
1.3728813559322033,3.3728813559322033
1.3898305084745763,3.389830508474576
1.4067796610169492,3.406779661016949
1.423728813559322,3.423728813559322
1.4406779661016949,3.440677966101695
1.457627118644068,3.457627118644068
1.4745762711864407,3.4745762711864407
1.4915254237288136,3.4915254237288136
1.5084745762711864,3.5084745762711864
1.5254237288135593,3.5254237288135593
1.542372881355932,3.542372881355932
1.559322033898305,3.559322033898305
1.576271186440678,3.576271186440678
1.5932203389830508,3.593220338983051
1.6101694915254239,3.610169491525424
1.6271186440677967,3.6271186440677967
1.6440677966101696,3.6440677966101696
1.6610169491525424,3.6610169491525424
1.6779661016949152,3.6779661016949152
1.694915254237288,3.694915254237288
1.711864406779661,3.711864406779661
1.7288135593220337,3.7288135593220337
1.7457627118644068,3.7457627118644066
1.7627118644067796,3.7627118644067794
1.7796610169491527,3.7796610169491527
1.7966101694915255,3.7966101694915255
1.8135593220338984,3.8135593220338984
1.8305084745762712,3.830508474576271
1.847457627118644,3.847457627118644
1.8644067796610169,3.864406779661017
1.8813559322033897,3.8813559322033897
1.8983050847457628,3.898305084745763
1.9152542372881356,3.915254237288136
1.9322033898305084,3.9322033898305087
1.9491525423728815,3.9491525423728815
1.9661016949152543,3.9661016949152543
1.9830508474576272,3.983050847457627
2.0,4.0
