c,x,y
40.085588190000003,0.45508809610000001,4.1543575600000002
30.215783900000002,0.41499654949999998,2.5899908300000001
175.39020880000001,0.35612518809999999,11.178025910000001
126.3303952,0.46837969930000001,13.87893704
150.3008566,0.095144518770000006,0.68458323489999995
118.54781130000001,0.41276535879999998,10.13297384
68.329951609999995,0.48796516159999997,8.1026251850000008
58.69834857,0.097964000009999996,0.2826157352
65.846869650000002,0.050615201300000003,0.084645487879999995
169.75894450000001,0.403393683,13.855154389999999
109.71253919999999,0.33813216540000002,6.2601939849999999
97.676874459999993,0.24307630920000001,2.897573484
90.427733430000004,0.33188246249999998,4.9898668649999998
33.035825279999997,0.40750838220000002,2.7333765090000002
95.607000999999997,0.19032026090000001,1.7413673540000001
38.238973979999997,0.44414673290000001,3.7908899370000002
108.91954029999999,0.17337540570000001,1.6326667850000001
28.348462680000001,0.30890584739999999,1.359060715
122.0558101,0.30478846030000001,5.6775257960000003
168.39314279999999,0.088501474639999994,0.66004234039999998
185.17818600000001,0.20873529139999999,4.0354060719999998
91.907486210000002,0.066320274439999993,0.20234658189999999
113.20850660000001,0.1965606218,2.1921742329999998
176.23342009999999,0.33946948640000002,10.197483950000001
49.243481619999997,0.22796974449999999,1.2755938790000001
104.5141407,0.1575973483,1.294887769
159.3733628,0.25162843800000001,5.0365034690000003
101.96445079999999,0.3630539055,6.7151090729999998
26.50005457,0.20570537489999999,0.56311786220000004
124.3168919,0.33895696780000001,7.1403651320000003
113.9825556,0.1084856186,0.67618832569999998
167.02550009999999,0.15334808790000001,1.954063079
170.65076819999999,0.050280653260000002,0.2159182113
92.306027040000004,0.49683743749999998,11.38354009
158.07648950000001,0.42915639999999999,14.53439691
150.46167220000001,0.4458874417,15.09588887
59.872713760000003,0.1029009345,0.31566896560000002
127.0406559,0.21074642399999999,2.8251533530000001
164.16256899999999,0.41194051380000002,13.883262330000001
90.532311989999997,0.160907668,1.169790726
147.8477049,0.46952616689999999,16.235950670000001
176.90058569999999,0.3893998884,13.34377293
178.4277463,0.40975316049999999,14.976734069999999
60.144774519999999,0.3358035908,3.3919389889999998
100.31817909999999,0.24955793649999999,3.1235702359999999
88.851704159999997,0.20470648280000001,1.8555922600000001
30.820352270000001,0.40494977939999999,2.5163457710000001
147.8134397,0.29175500999999998,6.3124049189999996
104.02939050000001,0.038224728329999999,0.075712816220000007
174.22186210000001,0.17479471090000001,2.6471502830000002
54.140868330000004,0.2466084774,1.644488435
37.910098980000001,0.091159849070000007,0.15766640309999999
107.1142677,0.02612334618,0.036306877440000003
123.7992843,0.025149109619999999,0.039223628419999997
28.8011339,0.29201565060000001,1.236579452
47.166223010000003,0.41884074119999998,4.1666597139999997
77.839411589999997,0.22490144300000001,1.958920862
160.40148400000001,0.3848479252,11.90395004
176.1138076,0.35892617500000001,11.313927469999999
54.996019799999999,0.29596735930000001,2.3909655889999999
133.80967699999999,0.4867983682,15.88710305
142.06729910000001,0.213082044,3.2362437580000001
122.6585166,0.48997658789999998,14.791127080000001
176.22865210000001,0.2502289962,5.5210597989999997
55.171184799999999,0.20959118730000001,1.2164755620000001
109.0586613,0.41260448119999998,9.3613000660000001
135.9086452,0.24838976500000001,4.1613479709999996
152.22632229999999,0.1742418261,2.3137017919999998
161.04039750000001,0.41020706600000001,13.517276580000001
87.428968850000004,0.18651308750000001,1.5242946159999999
88.200358280000003,0.26206350210000001,3.0163384199999999
114.00293689999999,0.4314966314,10.58681743
34.997358159999997,0.04209422552,0.031084153980000001
54.575226739999998,0.36851308970000002,3.6722818990000001
152.16499479999999,0.27951075559999999,5.9271991269999997
71.024183179999994,0.022390413170000002,0.01786070297
49.981841690000003,0.12502255879999999,0.3910119454
109.6643436,0.19346373759999999,2.0600209700000001
181.26029639999999,0.14199656660000001,1.8388957619999999
68.573456879999995,0.044543469660000001,0.067967968779999999
136.35997420000001,0.41359255140000001,11.605217740000001
96.29383842,0.033086703920000002,0.052640449309999997
40.167171060000001,0.48765295060000002,4.7943542819999996
78.598978439999996,0.099456516250000002,0.39345907619999998
155.1812128,0.39350355050000002,11.981315370000001
159.99145480000001,0.053599722449999998,0.2305169487
71.443321389999994,0.1593236358,0.904398488
62.738340389999998,0.24730752489999999,1.9122873359999999
134.0934388,0.30085586590000002,6.1011498839999998
121.3247052,0.29841039879999998,5.3862821030000001
39.906500690000001,0.27220397460000001,1.478425616
121.1450985,0.4101237009,10.20339426
140.8062721,0.10131681670000001,0.72250425799999995
33.558956969999997,0.29417507189999997,1.451046389
166.8854225,0.2353901128,4.5891421860000001
94.301962799999998,0.32550111920000002,4.9884083109999997
37.090503579999996,0.12521525510000001,0.28913335629999998
166.90355890000001,0.018549249140000001,0.02852083205
167.77195080000001,0.1148512387,1.095191198
79.951341819999996,0.31652711729999999,4.0289644300000003
153.9978553,0.078175797889999996,0.46842665820000001
43.323573869999997,0.05299633359,0.060504509890000002
175.81102060000001,0.32705031270000001,9.4121763939999994
174.893586,0.39566595859999998,13.65048597
168.06745559999999,0.43356840369999999,15.828882350000001
103.40476870000001,0.080075644330000001,0.33176463940000001
46.610535740000003,0.2078828901,1.004366052
170.96587030000001,0.21108312849999999,3.7926983399999998
115.08188579999999,0.36519331490000001,7.7456092600000002
121.2307321,0.45056030190000002,12.32543774
173.76720779999999,0.1977536419,3.4070618060000002
117.12784449999999,0.41405431310000002,10.062439039999999
162.770871,0.12730140770000001,1.312587239
181.45455519999999,0.1916405736,3.3380637339999999
101.0199556,0.094131785630000006,0.44579446049999999
111.42437959999999,0.066540497039999993,0.24606199679999999
67.466801180000004,0.2489523327,2.0815357470000002
143.47293519999999,0.026331146109999998,0.049945485499999998
107.2534718,0.2333398612,2.9237106399999999
117.43643520000001,0.31999265430000001,6.0225132600000002
132.6600789,0.39720682219999998,10.45255665
73.407288390000005,0.43216771929999998,6.8292440040000004
127.5405935,0.36664737180000001,8.5409303049999998
159.33284620000001,0.17577952220000001,2.4577457049999998
110.8378725,0.37815059070000001,7.9260544460000002
81.533581949999999,0.48292673400000002,9.4821229169999999
75.353946019999995,0.081805352459999994,0.25419886130000002
174.4371664,0.43947789300000001,16.795055260000002
39.071223439999997,0.40454872650000001,3.1948473640000001
25.84156643,0.022973375470000001,0.0068203135669999996
69.320058279999998,0.070645765250000006,0.17244423040000001
61.923949819999997,0.099087905980000002,0.30521463770000001
91.653249439999996,0.2331354688,2.5156058159999999
128.00822299999999,0.47496901489999999,14.44019424
146.94878890000001,0.090406275699999997,0.59694658739999995
124.4174773,0.3536662491,7.8299649679999996
65.649619889999997,0.19046327869999999,1.1938735570000001
139.06185310000001,0.04751724266,0.1575978515
161.20809449999999,0.3748640821,11.29761384
96.080205359999994,0.2555403597,3.1388791899999999
162.84522089999999,0.1170444675,1.121076274
86.786704049999997,0.37526910699999999,6.08860548
147.46062269999999,0.1778966156,2.3366152599999999
41.32549255,0.31471118529999997,2.048602383
146.55778799999999,0.12558221380000001,1.1509289819999999
74.547847630000007,0.29198870869999999,3.1852870549999999
163.27945679999999,0.45648396070000002,17.023847799999999
78.427970299999998,0.056647919640000002,0.12653104679999999
59.979334969999996,0.36177060249999998,3.923819886
118.281864,0.36428572640000001,7.8483130360000004
183.04710850000001,0.41920386009999999,16.0970224
160.07914830000001,0.1174596307,1.111503788
68.638908979999997,0.12711321189999999,0.55608716629999999
133.0642613,0.1020259608,0.69245379549999997
63.10333799,0.1318610321,0.54751600229999997
49.696649219999998,0.052031580190000003,0.067510973190000004
147.3407636,0.30617186810000002,6.905218874
110.44851269999999,0.41188204360000003,9.3630177870000004
106.0590328,0.10830430889999999,0.62065224959999998
140.96972500000001,0.35435735880000002,8.8580802910000003
90.228629850000004,0.27001517219999999,3.3129559629999998
36.543970809999998,0.072887665369999993,0.097158908200000005
51.344032390000002,0.45774184280000002,5.3860703619999999
107.9164632,0.38152370229999999,7.8354973130000003
73.533951110000004,0.30168891450000002,3.364136609
53.544017670000002,0.3544505047,3.356442597
106.19642469999999,0.1165839752,0.72925549219999997
60.545211160000001,0.4626405542,6.4953133159999998
54.061307999999997,0.15057923379999999,0.61422205259999996
128.69071779999999,0.38230382699999998,9.4629116930000006
47.1835424,0.34671128159999998,2.8432690100000002
24.945155840000002,0.3301709491,1.3583704910000001
75.044224180000001,0.472924874,8.4184309519999996
51.538302979999997,0.2669625403,1.8424527610000001
86.443535879999999,0.28858497599999999,3.6075349819999998
36.319787239999997,0.088927435890000003,0.1430814326
160.68714990000001,0.49703830960000001,19.868465029999999
27.241822729999999,0.38156901830000001,1.992810397
132.33371840000001,0.2387947738,3.7785045579999998
118.79276280000001,0.066936664339999993,0.26582162619999999
58.961225399999996,0.04974511408,0.072649798700000004
167.9180696,0.020991030769999999,0.037108655470000002
167.7766896,0.33305813070000001,9.3709985450000008
27.152395200000001,0.3959511705,2.1316710169999999
167.22110989999999,0.050970928589999999,0.21890116179999999
31.882886240000001,0.42436939099999998,2.8561904189999998
84.331435729999995,0.17699995509999999,1.3254630519999999
173.3970898,0.48888561609999998,20.735273119999999
71.718732259999996,0.43647111440000003,6.8526461459999997
119.85066430000001,0.1463640329,1.2872762419999999
74.754223909999993,0.35772090670000001,4.7620280370000003
42.053403269999997,0.22154116469999999,1.0322398420000001
181.1587413,0.22064070599999999,4.42181201
116.6440063,0.1774960881,1.8225570719999999
53.864651870000003,0.1557100273,0.65460473620000004
175.86590630000001,0.29470830009999999,7.5962157140000004
89.221664059999995,0.34998255909999998,5.4823173970000001
31.392086920000001,0.45133525930000001,3.1963708749999999
71.514974300000006,0.31359857229999999,3.4911626760000001
174.30831929999999,0.26683059840000001,6.226243105
166.27461579999999,0.1105180138,1.0177611150000001
24.623874499999999,0.14550329109999999,0.258689269
81.285496190000003,0.19973040449999999,1.617043564
45.889909609999997,0.41184484710000002,3.889100446
121.4675652,0.39979685669999998,9.6840651819999994
104.22692670000001,0.3300616743,5.6709347719999998
26.06532378,0.055118449530000002,0.03942508342
51.778632700000003,0.46458105589999998,5.5847109289999999
91.677635890000005,0.1228442668,0.6904048586
50.448180739999998,0.35487470700000001,3.1762258189999999
33.978014889999997,0.098999655320000005,0.16705733850000001
96.72028186,0.041829135369999999,0.084119920139999999
178.1804114,0.33512735780000003,10.03208963
124.2511231,0.14842649450000001,1.366417642
133.67052939999999,0.42331711929999999,11.936931680000001
120.3231825,0.2159638626,2.7955066209999999
139.94839379999999,0.49694141279999998,17.250747130000001
171.21150399999999,0.019162956009999999,0.031285715989999997
177.2140608,0.33220970059999999,9.7541375539999997
135.6526078,0.2852394479,5.5295673140000003
47.167236520000003,0.3254017864,2.4835471139999998
157.37317350000001,0.12378301110000001,1.2145528969999999
171.65153129999999,0.33993551160000002,9.8717738710000003
37.501724899999999,0.44127582630000001,3.6682105389999999
34.960424209999999,0.1582849355,0.4385319177
113.6642733,0.03228672539,0.059410206360000002
119.3765748,0.029888497720000001,0.053389620640000003
168.3864092,0.2411568117,4.8948324579999998
90.849503119999994,0.44902362330000001,9.1573017459999999
63.184310140000001,0.3719066768,4.3720782939999996
87.486365960000001,0.13994545629999999,0.85678142189999995
65.314327379999995,0.48945436730000003,7.8461048680000003
82.840489950000006,0.42579728999999999,7.4938087629999997
149.67605370000001,0.27546697260000003,5.6593445969999996
37.663208040000001,0.47486471959999998,4.2425264790000004
149.84335799999999,0.18405836680000001,2.5411151780000001
69.628801730000006,0.071555897980000005,0.18011273529999999
152.8631346,0.027961319490000001,0.059968617680000003
82.515683229999993,0.2809919716,3.2731518949999998
170.04516409999999,0.3206350322,8.7460094829999999
141.73429429999999,0.18934819410000001,2.5294184519999998
169.92041470000001,0.24982475700000001,5.2883585149999996
99.913091480000006,0.36163384720000002,6.534582823
149.99847500000001,0.43060856790000002,13.935632310000001
35.407716749999999,0.27402437159999998,1.336625948
144.83918460000001,0.35212216390000001,8.9731446659999996
96.859548450000005,0.33430369389999998,5.4291264410000002
35.081362689999999,0.3720566347,2.4177679649999999
25.966777239999999,0.1624952526,0.34430536340000001
108.5531867,0.34655467229999998,6.5033710640000004
181.89670390000001,0.087274893889999997,0.69418051729999997
111.3570339,0.43218611870000001,10.34698442
92.514677239999997,0.1683591177,1.3144337370000001
56.315083530000003,0.29131975030000001,2.3735350930000001
110.3191575,0.40929065440000001,9.2237684079999998
89.394958779999996,0.1738094396,1.3528363109999999
123.5556192,0.23229218169999999,3.3251490420000001
73.245514839999998,0.042115334259999998,0.064744726840000003
40.420044789999999,0.25135930540000001,1.2780597570000001
29.158079170000001,0.19240226690000001,0.53847465090000002
