n,T,V,y
1.6881847000000001,352.04261930000001,0.044578343239999998,110441.6811
3.5862220260000002,312.92736969999999,0.01765363453,533640.04330000002
1.680839534,296.92318340000003,0.01135511384,365153.49160000001
2.9312675920000002,263.15607619999997,0.0343371856,185474.9523
3.1467164780000001,285.90113439999999,0.045693317009999998,163452.1961
1.457963675,348.21031379999999,0.039808823780000002,106271.92290000001
1.646472846,300.49325729999998,0.022590666669999999,182840.26310000001
1.019784735,385.08758490000002,0.021289276249999999,154297.16870000001
1.5550750099999999,269.7830439,0.046882713249999999,74932.447660000005
3.165774453,357.04887689999998,0.049897551659999997,188248.7089
2.5263982999999999,333.2764105,0.014145758459999999,490586.9314
2.8978220110000001,282.40376900000001,0.024200175479999999,280441.44410000002
1.3112159160000001,283.33017150000001,0.033586924640000002,92119.741410000002
1.245912541,340.72652790000001,0.02509228832,140274.04329999999
2.3579321539999998,366.053605,0.03001730578,239423.64619999999
2.5895162549999999,386.11812980000002,0.01414370379,588513.56149999995
2.5342269270000002,358.27312610000001,0.031838804390000003,235935.02040000001
3.9000228579999998,354.88243829999999,0.026938400290000001,428241.2292
2.164005747,370.38533009999998,0.022737687669999999,292510.9572
3.2737508389999999,290.89302889999999,0.044246243890000002,179743.88449999999
1.3516412310000001,383.01973980000002,0.047593795039999998,89933.517340000006
2.8815292829999999,354.70369579999999,0.042055895609999998,202377.242
3.1414009510000001,338.77386460000002,0.030563037000000001,288826.7439
2.1190459860000002,377.91599200000002,0.040349756700000003,164710.50020000001
1.106811658,280.6507929,0.041257892400000003,62603.165280000001
1.658159451,319.16154169999999,0.025269718430000001,174440.54380000001
2.2200612469999998,349.07907719999997,0.048926033289999997,131735.79569999999
2.6916284770000001,379.290798,0.01559746691,546313.35629999998
1.1264927659999999,314.95798079999997,0.033408590049999999,88144.768540000005
2.5410121499999998,367.1994219,0.040696826450000001,190863.50380000001
3.435560798,360.48680300000001,0.044224987180000001,231735.42370000001
3.9996236349999998,340.99039420000003,0.025404463169999999,447044.73239999998
1.528883588,384.59738850000002,0.02778020128,175013.52299999999
1.9232111860000001,314.58875769999997,0.031731809770000001,158902.39970000001
3.8590166680000002,387.2828442,0.025760143289999999,477151.4682
1.0670695569999999,351.95544799999999,0.034336078530000001,90698.126040000003
2.5137031740000002,271.34415000000001,0.01299437378,436416.90480000002
3.8020767609999999,315.56299330000002,0.011039542649999999,898127.72719999996
1.9985638020000001,271.4139265,0.02788012049,161429.6275
3.2973923090000001,299.21539089999999,0.047970757560000001,171280.03959999999
1.6634801770000001,332.65726030000002,0.030320860429999999,152733.86689999999
2.4450635549999999,380.54494219999998,0.038580063220000002,200308.91080000001
2.3395622139999999,343.63133370000003,0.013111160700000001,507501.68430000002
3.8736752769999998,270.40386000000001,0.041985333989999998,207218.73139999999
1.9501479939999999,334.89997140000003,0.01585932592,343067.96750000003
1.556380066,312.01581329999999,0.03968355028,101967.5517
1.3327847749999999,371.20948010000001,0.02239567294,183686.0085
2.9043679490000001,284.78339269999998,0.020803960140000001,331082.8774
2.0989525960000002,286.6873334,0.038520347470000001,128852.6293
1.649423917,300.5466184,0.02174777818,190038.56150000001
2.0506807010000001,311.69658529999998,0.03252164909,162548.0674
1.8220117629999999,263.84410320000001,0.03480819844,115056.17049999999
2.9767733619999999,358.26315449999998,0.025453340960000001,347505.42700000003
1.7146064649999999,327.87920380000003,0.037101664700000002,125792.7389
3.1980949339999998,322.12452680000001,0.027078298380000001,314715.1005
3.7932273849999998,376.44301689999998,0.044394959829999997,268553.90740000003
1.701689317,314.0159238,0.04533929473,97836.385779999997
2.694253555,274.31598830000001,0.034261045589999997,178811.76379999999
3.7112758650000002,287.21141410000001,0.013663711110000001,648324.00930000003
3.6919491340000001,351.34612970000001,0.045542880350000002,236517.4278
3.104931267,357.1762827,0.018692404950000002,494578.20490000001
2.737035911,267.32385749999997,0.011515132880000001,529969.58189999999
2.5406991109999999,361.65818669999999,0.047355661489999999,160896.1153
2.9331022440000001,368.78123479999999,0.03019579797,296989.60940000002
3.1300890890000002,311.33524670000003,0.019358315420000001,418510.68489999999
3.2253817709999999,318.37233809999998,0.03279446632,261367.79000000001
2.7922967139999999,332.33246630000002,0.02178184767,354379.55440000002
3.8317188510000002,351.4805149,0.03809309776,294534.53259999998
1.5242818840000001,276.9575878,0.046934168550000002,74740.813039999994
1.8531091200000001,319.47828010000001,0.033302986540000003,147830.21890000001
2.5311961460000001,281.03442389999998,0.047345217080000002,125117.35219999999
1.9397351860000001,353.46147380000002,0.024465938480000001,232622.9523
3.1764021709999999,336.97924849999998,0.028449846710000001,312250.11060000001
1.040542995,265.38804549999998,0.049991496640000001,45700.548699999999
3.9229207690000001,274.9229072,0.019005811930000002,468278.26020000002
2.634910783,310.28608589999999,0.02272534079,299111.24249999999
2.149767261,320.09618119999999,0.041381663370000002,138935.573
3.78202588,382.56702719999998,0.02251422044,534617.26500000001
3.9136819200000001,343.14107230000002,0.046443181620000003,240686.8346
1.4779456870000001,262.54447260000001,0.015392541880000001,210486.35190000001
1.5549529660000001,375.3706957,0.013490852189999999,359513.46759999997
3.313625971,371.36561289999997,0.03155435694,324594.62180000002
3.5001363799999998,370.25774180000002,0.02531862314,424591.50469999999
3.9773732850000001,291.45200069999999,0.031404435590000002,309587.01169999997
2.446829771,329.79224799999997,0.02215776756,302002.89480000001
2.838500673,327.51130790000002,0.020399865440000001,376899.12929999997
2.2188130479999999,260.51192070000002,0.020298846719999999,238195.12659999999
3.0850463640000001,383.18194010000002,0.042284219909999997,232596.9915
1.066545624,265.90181660000002,0.028575030670000001,82864.568450000006
2.8963526879999999,325.27622530000002,0.029419860690000001,265662.29080000002
2.120451139,328.4461038,0.028531328219999999,203475.14600000001
3.5345617819999999,315.73319140000001,0.022479760840000002,411384.71179999999
1.5337714609999999,372.0079245,0.020511666769999999,230971.3651
1.9063890999999999,294.0786086,0.027057043699999998,171702.7672
3.7805014730000002,306.78936859999999,0.011636565939999999,829336.17379999999
1.227511805,273.52744919999998,0.047745339829999997,58704.859470000003
2.110145927,334.60238450000003,0.041468837660000001,141397.31080000001
2.33673004,269.72600660000001,0.031177944329999999,167949.16200000001
2.5773677689999999,285.31332029999999,0.032999802000000002,185497.53630000001
1.8536292560000001,290.11242420000002,0.042601501379999997,104577.52800000001
2.1038035750000001,259.68163520000002,0.027892751359999999,162492.5288
1.764450039,345.3868961,0.02399201854,210477.11809999999
2.8114224920000002,351.68344669999999,0.049028873389999998,166950.92050000001
1.311692605,313.00966169999998,0.031807370010000002,107644.44960000001
2.5905771820000001,344.90336619999999,0.015295306830000001,485796.57089999999
1.872747215,370.14370589999999,0.023733888420000002,242870.3861
2.8871229129999998,275.26470119999999,0.01864548722,355978.60619999998
3.2450363790000001,336.78221619999999,0.044559491159999999,204892.94260000001
1.4339879600000001,278.79484250000002,0.026461684459999999,126372.2464
1.717158819,279.97433960000001,0.016838609260000002,237345.52040000001
3.645416413,277.72506390000001,0.026979148809999999,313374.5196
1.6820170990000001,308.82520629999999,0.028078161920000001,154210.79319999999
1.727549811,359.13822740000001,0.046436088370000003,111091.8299
3.1725395120000002,346.72030510000002,0.033507506309999997,271685.65480000002
3.5968089380000001,272.64338170000002,0.03132562287,261119.26490000001
3.7994916679999999,365.12741399999999,0.020481356610000001,568490.49439999997
1.6027488519999999,356.1710008,0.043681827630000003,107863.30220000001
3.2516012600000002,366.47634069999998,0.0264566436,374615.36810000002
2.1857962199999998,384.23146200000002,0.01251345851,558808.71539999999
2.3162130329999999,264.83391979999999,0.03933425929,130058.67419999999
2.902863301,371.37041840000001,0.035954500540000003,249854.24239999999
1.4274687100000001,311.63166050000001,0.024093203699999999,154200.55729999999
3.0848773230000002,363.0782681,0.0152132559,609737.42119999998
2.8400983260000001,288.20010680000001,0.041544532859999997,163338.73259999999
1.2142885240000001,304.89638989999997,0.043643281610000001,70193.265169999999
2.806772456,329.39141460000002,0.019126730969999998,399237.15720000002
3.822161597,374.77019710000002,0.036549928070000001,324661.48690000002
1.458525772,370.3760029,0.021675081839999999,205559.67970000001
3.4175410839999998,282.48339090000002,0.0102935886,782581.14740000002
3.870758613,358.85795530000001,0.046134291920000001,250137.32310000001
1.8486599260000001,295.6634219,0.01259366317,363995.35379999998
2.4078404720000002,351.17045419999999,0.010004093299999999,704935.91359999997
2.1588040849999999,300.22058629999998,0.023366484430000001,231538.31789999999
2.2043662309999998,302.63332810000003,0.02286116337,242811.0998
1.2035354119999999,354.59653839999999,0.02014275267,175645.24179999999
1.727547572,335.260628,0.022290133850000001,213814.48449999999
3.570936804,303.75556760000001,0.046970849670000002,192338.8768
3.557243213,341.43905560000002,0.036296217569999997,278590.3751
1.4908701289999999,373.71410980000002,0.04546206748,101807.1547
1.688020005,327.7120291,0.030057949050000001,153305.35449999999
3.3612878500000001,273.69144540000002,0.033661768580000001,227630.9363
3.5322252669999998,265.6672307,0.023053376909999999,334989.54560000001
3.49960395,363.75504740000002,0.01472032723,720916.99430000002
2.8131025099999998,381.0649856,0.040156190830000001,222472.60639999999
2.0752392710000001,353.68565840000002,0.02572797689,237586.9914
3.6764450950000001,360.9253243,0.024577608970000001,449843.4865
3.6380554969999999,308.18481370000001,0.030649849529999999,306322.25640000001
2.4404244859999999,273.14224960000001,0.022991952140000001,241472.11670000001
1.2798007389999999,317.3829619,0.02375622321,141742.82759999999
1.514588131,344.57375560000003,0.024257956890000001,179623.04199999999
1.961211408,284.88178420000003,0.032977270769999997,141709.71460000001
3.7040523439999999,339.72134,0.02328786427,452161.4926
3.9687513679999999,369.902445,0.018530964,656007.77489999996
2.9845657289999998,275.006956,0.038126506560000002,178580.3443
3.3533540519999998,375.42886800000002,0.042505463530000002,247616.01430000001
3.5247347809999998,317.32934849999998,0.027996263109999999,330574.09590000001
2.3296559280000002,265.14778639999997,0.044008653160000001,116505.25290000001
2.7470148650000001,316.30655560000002,0.016705823769999999,432817.9915
1.161220881,286.512721,0.023075749669999999,120451.0517
2.255078868,316.12755149999998,0.038082378620000003,155577.37289999999
3.6779855430000001,379.92103100000003,0.037370424489999998,310246.01209999999
1.5617010250000001,260.80249520000001,0.017026417629999999,197389.97700000001
2.3562232889999999,284.03284050000002,0.019034747049999998,292169.3051
1.621465575,322.53072680000002,0.037446212829999999,115252.1804
1.6105175650000001,260.97464719999999,0.01203954623,290343.17820000002
1.004904416,293.78929090000003,0.016644344839999999,146929.13639999999
2.0209493379999999,314.48009510000003,0.028791705319999999,183661.68919999999
2.9036517869999998,315.1655275,0.027743415739999999,274061.0503
1.0962533590000001,276.71619829999997,0.038251923790000003,65691.678199999995
3.8495342250000002,374.33348380000001,0.01140001626,1053215.1640000001
3.4992446479999999,271.86576079999998,0.039041441420000003,202420.04759999999
2.4772014449999999,295.71091960000001,0.038552742670000001,157878.30009999999
1.8276274809999999,389.6353957,0.032565158310000002,181475.57620000001
1.581514415,324.01249869999998,0.04618985364,92466.777289999998
2.9048201329999999,320.73460189999997,0.029597143749999999,262157.0576
2.9206270889999999,351.9732669,0.020075432760000001,427974.01919999998
2.4040317889999998,290.83451250000002,0.031324828759999999,184274.1354
1.3522822350000001,370.6208517,0.046007285260000003,91312.812709999998
2.8428884700000001,332.10057890000002,0.032241708559999999,244650.08439999999
2.8133070060000001,261.54995609999997,0.044553967139999998,138456.4644
2.1705817930000002,334.14026960000001,0.036449239520000003,164278.36069999999
1.7648607030000001,362.2718643,0.030008029790000001,177198.7114
3.450329059,338.14500500000003,0.042330457529999997,229502.5785
1.236877977,380.6161022,0.031585603750000003,124132.98149999999
2.3706874249999998,370.31098909999997,0.01063196229,688711.49430000002
2.1749733619999998,338.66114040000002,0.02288258567,267297.04800000001
2.7658681559999998,268.3445332,0.01233130969,497181.78139999998
1.902667184,367.5387905,0.049803707170000003,116261.1134
2.0629990829999998,371.26019220000001,0.040114026519999998,157968.7065
1.3550557679999999,337.20643619999998,0.01500138682,251270.6183
1.1477400179999999,371.40894359999999,0.021906546709999999,161776.80869999999
2.0434039479999999,381.0168663,0.03240049414,198731.09520000001
3.831078636,263.10521410000001,0.0175934126,476739.05190000002
3.5656495010000002,375.47333500000002,0.033777567059999999,329244.09629999998
3.4356803180000002,332.46654230000001,0.02896127427,324012.94160000002
1.8632479239999999,290.0819505,0.046845771590000002,96077.126740000007
2.8381265170000001,313.65708000000001,0.015979402,461270.26990000001
2.312301658,374.9400976,0.02181407459,329808.01089999999
1.274975381,271.2427452,0.0145088088,198313.6759
1.8458959580000001,330.33533440000002,0.022533316429999999,225673.45329999999
2.8007540409999998,321.7780717,0.01107073693,677992.93900000001
1.9342988780000001,336.14860759999999,0.03118107732,173613.5662
2.819738444,318.15440489999997,0.023076129680000002,323068.54430000001
1.6988702689999999,269.3742676,0.013029897570000001,292153.7697
3.3902224959999998,323.1037336,0.01086820568,845044.1727
2.629868466,347.49202009999999,0.044341511180000001,171596.8983
3.5075911579999999,372.42930380000001,0.015591618979999999,694653.63560000004
2.4967795939999999,264.49312859999998,0.02472270864,224209.79149999999
2.3233984049999998,339.60489940000002,0.032276765690000001,203775.44159999999
2.591286824,330.4371208,0.04071904002,174031.54730000001
1.277175108,296.09892639999998,0.010567578919999999,297300.658
1.0450427520000001,379.3988526,0.01520242602,217576.701
3.992031565,277.36878410000003,0.030840820979999999,297537.81229999999
2.1502131370000002,281.09341710000001,0.03050355854,165374.6257
1.0918677240000001,376.84566610000002,0.029252381939999999,116733.06969999999
2.3272212099999998,322.04837140000001,0.049337991550000002,126050.2742
2.3426767499999999,381.85464830000001,0.02386053464,308725.11900000001
2.9404489869999999,299.18811820000002,0.015593359080000001,470022.41499999998
1.70186675,355.26402189999999,0.038716058960000001,129584.7948
3.620957089,360.26601249999999,0.044566227969999997,244373.81880000001
1.4395949240000001,382.50728240000001,0.019343347800000001,235284.08960000001
2.7065878240000001,386.20805469999999,0.01142005619,758316.09710000001
2.2706510099999999,339.74418329999997,0.0279296645,228264.8572
1.2366373820000001,342.4061744,0.040376292879999998,86476.601699999999
1.768712879,377.48500100000001,0.011539431609999999,479738.08899999998
2.1386088170000002,283.42153200000001,0.0430597614,117405.0417
2.3909921189999999,268.55618270000002,0.044428980940000001,120120.70789999999
1.074677592,315.25667820000001,0.04979342044,56617.340329999999
3.5179478139999998,350.23221869999998,0.030913514860000001,333270.20030000003
3.3404388059999999,283.67860000000002,0.034320154169999999,231485.9786
2.3863527320000002,363.38998190000001,0.048347692220000002,149934.2132
1.7629237609999999,335.3615734,0.0145530333,336411.04229999997
2.9959538110000001,277.86565080000003,0.047186534330000002,146616.16099999999
3.4046993040000002,331.45334880000001,0.01226214938,768827.34889999998
3.4106380660000002,335.80183190000002,0.035722874160000001,268270.24479999999
2.2756643049999998,269.257992,0.045656284730000003,111866.8567
2.120413804,350.32100159999999,0.032455063610000001,189468.9112
1.9310179540000001,365.8059432,0.024956983089999999,236606.93849999999
2.2039250269999999,323.79156260000002,0.04441741204,132904.38269999999
3.7294653530000001,288.42260779999998,0.0205129057,435173.56199999998
2.2710954079999999,270.76915170000001,0.02274524097,224227.6802
2.582073539,307.54367559999997,0.01406893855,467066.6925
2.577700155,299.59796949999998,0.036572030970000002,175258.62289999999
2.6855611829999999,295.74587530000002,0.04469934448,147588.88680000001
2.0339543409999998,297.31451499999997,0.041675997659999998,120751.3208
3.915364029,360.60581689999998,0.01049621968,1130152.969
2.4560810960000001,376.22819759999999,0.012311193769999999,625364.26950000005
2.0024930379999999,302.13533319999999,0.046942245069999999,107275.0102
3.4773150249999998,310.36624239999998,0.026998602640000001,330561.01679999998
1.026916661,310.30927070000001,0.01584380388,167155.24549999999
3.5519007380000001,360.79990839999999,0.036140740159999997,296596.97070000001
1.740931657,348.70946120000002,0.043842935180000001,115243.6344
3.2952406540000001,298.51552500000003,0.01505084755,542888.70220000006
2.838327386,323.64801879999999,0.048864143220000003,155779.80170000001
3.508496472,313.62735070000002,0.046123221809999997,197689.56039999999
3.716721546,381.75480099999999,0.049354302070000002,238939.97760000001
1.6451561290000001,261.04831999999999,0.01035230352,346172.26770000003
1.1393240060000001,303.8572613,0.035095281659999998,81782.146980000005
2.8995463090000002,288.01830430000001,0.019726799350000001,351508.3763
2.26532293,373.99091979999997,0.034427403590000002,203463.27960000001
