L,g,y
1.664412293,4.2628490770000003,3.9407681530000001
0.88184282049999996,6.8403738150000004,2.2512577569999999
1.9634843900000001,3.4577943539999998,4.7223698990000003
1.816714487,9.1463369500000002,2.8047736049999998
1.9835229990000001,6.4168950750000002,3.486516881
0.47599836579999999,5.1701083790000002,1.8981060300000001
1.121108663,6.6652646759999996,2.573028474
0.31388994279999999,6.7892107810000004,1.3517630789999999
0.89370975490000004,2.3577419829999999,3.855545599
0.2209142056,2.99809927,1.7056113770000001
1.4521827430000001,5.3905012699999997,3.283613522
1.340085397,9.3766485260000003,2.3604701760000002
0.68325150459999995,9.6646349459999996,1.673696378
1.794295352,10.11331277,2.6424450820000001
1.629241503,9.8612376850000008,2.5518990399999999
1.8413199579999999,8.1901169740000004,2.9942188380000001
1.7306173460000001,6.1924162530000002,3.3417544480000001
1.4767430989999999,7.7577030970000003,2.743108173
1.73913345,7.6152160379999998,2.9997746689999998
0.74161413340000004,6.5069233290000001,2.1240382260000001
0.80409854039999995,4.9443457979999996,2.5386658240000002
1.840995639,6.1778122309999999,3.4148496829999999
1.3576425990000001,2.6989574190000001,4.4801240289999997
0.44120371959999999,10.89156816,1.2610289610000001
0.45393841660000001,2.9435436990000001,2.4726289920000002
1.3825269419999999,4.8674058459999996,3.3429752490000002
1.1508498709999999,10.361106270000001,2.095587659
0.95269001860000002,4.4142155079999998,2.9186001070000001
1.848722336,10.493138610000001,2.64556697
1.1534431629999999,10.75522043,2.042983113
1.8543427139999999,7.8148769619999996,3.0651467829999999
1.4156124649999999,3.3051291520000001,4.0981343890000002
0.23945593109999999,9.5591607770000007,0.99611598670000001
1.4216693929999999,9.2945036860000005,2.4654674640000001
1.009825645,9.6489544089999999,2.0317893159999998
1.4719416590000001,8.39834894,2.63265627
1.4206631519999999,8.9112289730000001,2.5032870680000001
1.6782047520000001,7.1656433650000002,3.049198123
0.96008141430000005,6.1080481049999999,2.4900725000000001
0.42501827590000002,5.0031698779999996,1.8362301219999999
0.65206087570000004,5.6760792139999996,2.1367738909999998
0.33568985480000002,4.3149166909999996,1.7636595820000001
0.88780204959999998,10.821859079999999,1.8064117159999999
1.3177795240000001,2.555591111,4.5117323440000003
1.5445969500000001,6.0924876880000003,3.1560089699999998
0.2330681288,10.37667916,0.94652671200000005
0.75711908260000005,6.8611459669999997,2.0765565640000001
0.87274939419999997,10.048907590000001,1.8579640559999999
1.4066104020000001,4.6370173599999998,3.436064402
1.8522620519999999,8.2344644939999991,3.0050591820000001
1.763688513,7.4022539710000004,3.0868223829999999
1.08988464,8.0408766420000006,2.3189409429999999
0.48116671779999998,3.1154905839999998,2.4673421549999999
1.647079521,10.98448475,2.4387449270000001
1.3742924809999999,8.9166181499999997,2.4477522280000001
0.35008061219999997,4.0355592480000002,1.848271274
1.7441791440000001,10.066196379999999,2.6056764619999999
1.70030584,5.9900195109999999,3.3595483740000001
1.535773294,10.813430589999999,2.3653678519999999
1.1572234859999999,8.7033833099999995,2.2945155499999998
0.57703423249999997,8.4088151169999996,1.6513694130000001
0.61860094639999996,5.0388820059999997,2.1977500459999999
0.35170133749999999,5.8528991560000003,1.5288936529999999
0.61027598049999998,7.3719650579999998,1.790727277
1.8970571650000001,6.757389109,3.334217706
0.94350553290000005,3.5240046920000001,3.259601355
1.188681589,4.8249932229999999,3.089409329
1.50549149,5.9791852109999999,3.1483244680000002
0.54333245699999999,9.5505832549999994,1.4972793200000001
1.632890148,4.3039489130000002,3.8480314990000002
1.459673553,11.022532890000001,2.2843587109999999
0.79450394690000004,2.3382643669999998,3.6705100640000001
1.3916122360000001,10.88045814,2.243741735
0.46598468320000003,6.4635390089999998,1.6875274280000001
0.3201682159,11.03629694,1.0712777979999999
1.3544756609999999,4.9726206570000002,3.2719957759999998
1.476109307,7.4708244419999996,2.804841991
1.3776612640000001,7.4731671740000003,2.6911540839999999
0.69065558719999998,10.20776974,1.637286024
0.85480441669999996,4.9825906570000003,2.596816853
1.6579202399999999,5.5989643879999997,3.4132058970000001
1.71185141,8.1415658880000006,2.8668992069999999
0.93002907310000005,8.3085789499999994,2.0991652250000001
1.405534405,4.3947329560000004,3.56417268
0.43246146489999998,8.2518725899999996,1.4411121099999999
1.864302978,9.0204599680000008,2.8470702050000001
0.72747620310000005,5.4200091060000002,2.3032880150000001
0.26223661850000002,5.6727273900000004,1.348520328
1.6345780990000001,2.9243418669999999,4.7196708239999996
0.79405184399999995,10.515949640000001,1.736472695
0.75837947989999999,5.3572849119999999,2.3574025340000002
1.4976698690000001,7.9712190339999998,2.7279551450000001
0.551529873,8.9636637350000008,1.565213108
0.80098526749999999,9.5204007540000006,1.817138997
1.1814239550000001,4.1280084629999996,3.3455323579999998
1.1542258830000001,9.9920194880000004,2.1439753289999999
1.928294403,6.6395147440000004,3.4225586570000002
1.378220427,3.144019149,4.1610632689999996
1.6171995370000001,11.398821030000001,2.3570612579999999
1.2837304039999999,11.19724326,2.1275978210000002
1.047915312,7.6016553509999998,2.3247743129999998
1.940545406,2.3189288540000002,5.7084800040000001
1.7357749490000001,3.4122763379999999,4.5045313800000004
1.4271688069999999,8.0489582150000007,2.6570335389999999
0.99493491860000005,6.6936603879999996,2.4216353220000002
1.8221875110000001,2.3228055319999998,5.5937589110000001
1.4027844439999999,6.8373852250000002,2.8500226849999999
0.34616006370000002,9.2309787819999993,1.2162430319999999
0.66789092429999997,4.1292452129999999,2.5391997509999999
1.30546805,10.02679039,2.2608498259999998
0.99728970419999996,5.0749520669999999,2.7887365380000002
1.98729573,11.19190229,2.6586478520000001
1.82089978,4.7466832869999998,3.8965288990000002
1.7862650200000001,10.17739102,2.6461726310000002
1.425556504,9.0156430109999999,2.5105892270000001
0.63461778430000004,6.5331745400000001,1.963399028
0.86727620689999996,3.5212289280000002,3.1150434339999999
0.36469517550000002,5.0037918169999998,1.697881073
1.3317129679999999,10.839420240000001,2.2106664870000001
0.22990143499999999,9.0573673100000001,1.0023004390000001
1.8385089020000001,4.1264005739999998,4.2149697780000004
1.6242409609999999,6.8914081539999996,3.0554842139999998
0.61849781749999999,2.3483557199999998,3.2259653959999999
1.0741064819999999,2.923300325,3.8006936100000002
0.32219333010000001,9.6248700720000002,1.151119556
0.97154355439999995,10.11407865,1.9464420140000001
1.6987551789999999,4.9401725860000001,3.6627550059999998
1.244319763,5.0681359480000001,3.1283992189999998
0.54235594409999999,10.30926062,1.4525918
0.32050092520000001,8.3733640699999992,1.222110397
1.132771331,3.3458318949999999,3.653358506
1.076536892,4.7492217730000004,3.0097676010000001
1.805686221,9.8931960780000008,2.6717655950000001
1.7077029079999999,6.601415598,3.194258681
1.7312062340000001,5.1553579699999998,3.619024102
0.86702411059999995,3.954952826,2.951854542
0.67410965339999995,2.3133935399999999,3.3979339099999999
0.81667333509999995,4.5912258499999998,2.6496408800000002
1.4902908029999999,8.0788694799999998,2.6792331329999999
1.235571827,7.9492807599999997,2.4691161020000001
0.4258849824,11.24806349,1.2182293930000001
1.752954576,6.3412470230000002,3.2936291949999998
1.441683195,8.5808110699999993,2.5789599070000002
1.3892840909999999,6.3829968800000003,2.9254491140000001
1.51186464,4.5892141019999997,3.6074266009999998
0.2386859784,7.1190226750000001,1.1433178399999999
0.50802823630000005,8.4877816280000005,1.534269339
1.7289740419999999,2.3719163280000002,5.3524844749999998
1.7818460599999999,5.7505462569999999,3.4879035730000001
1.2355406229999999,4.629701485,3.2420424130000001
0.7981464908,8.5142509650000004,1.923528841
0.67249057199999995,6.924785258,1.9533030389999999
1.3798932420000001,11.159707060000001,2.2068766320000002
0.5090167136,2.4191513520000001,2.8746146339999998
1.1951485340000001,4.3947395509999998,3.2911997350000002
0.86058807020000005,9.9357094569999997,1.8497722320000001
1.3465914459999999,4.8620261280000001,3.3035751169999998
1.8506667510000001,7.8988580700000002,3.0641230080000001
0.73234434299999995,8.8433913159999999,1.8101449970000001
1.545510178,8.7016883180000004,2.6541295969999998
0.82049808670000002,9.2082491149999992,1.878273611
1.2787415200000001,3.9878659320000001,3.5564906299999999
1.111264751,3.2866615979999998,3.6351158610000001
1.742661486,7.8509400840000003,2.9494404680000001
0.25513026309999998,4.5499304309999999,1.479287553
1.0427270099999999,8.700740498,2.1748768859999998
0.97649480079999995,7.4757920469999997,2.2585284319999999
1.2664261809999999,5.9697370599999999,2.8889153489999999
0.96375244159999995,11.085747749999999,1.868850302
0.91276935179999996,2.3939577650000001,3.8669045670000002
0.37625360559999999,7.4314750399999996,1.4084631759999999
1.3975550080000001,7.6689422159999996,2.6717805210000001
1.0262469169999999,8.5009289540000008,2.1723207910000002
1.8970250719999999,6.8760448289999996,3.3023962660000001
1.290928345,8.7668022390000004,2.4127408090000002
1.448236965,5.1274219319999998,3.3334933630000001
1.2438466100000001,3.6882869010000001,3.6869193839999999
0.46356159959999998,7.7155306609999998,1.533155273
0.57243974860000002,7.5065061289999999,1.7341054359999999
0.61689182480000004,6.3759636119999996,1.95709556
0.24115842439999999,8.1172345799999999,1.084124404
1.478377276,6.6151385920000001,2.9825764769999998
1.3762828979999999,7.0151407470000002,2.7898877479999999
0.41509782919999999,11.003166009999999,1.2210339910000001
1.3028923480000001,5.4110745519999996,3.086970467
1.1773151580000001,10.0807597,2.1498758420000001
1.2481056610000001,4.3615588040000004,3.35673523
1.2364958580000001,7.1527352659999996,2.5842951730000001
1.022886105,6.0861664040000001,2.5710771530000001
1.4754344800000001,5.1910783690000004,3.340874876
1.2112963800000001,9.7562253759999997,2.2037455600000002
1.5335594210000001,8.9572592370000006,2.585896854
0.78648944649999997,5.5893954470000002,2.359879566
0.8753279222,5.6741542980000004,2.4737447559999999
1.3421487489999999,5.7436268789999998,3.0371125819999998
1.1518026669999999,5.350090636,2.9276197690000001
0.4412857939,9.0720674500000005,1.3894987990000001
1.1084035640000001,6.54922263,2.5936546659999999
0.77162232159999999,9.8738314470000006,1.7559775200000001
0.52267127700000005,7.353238707,1.676093531
1.716913887,6.0443583089999997,3.3330491819999999
1.718733931,8.3439465399999992,2.8516662269999999
0.54210495989999996,4.2466730950000002,2.2533388259999998
1.5917464720000001,6.5979989210000003,3.078250186
1.4011198170000001,10.03084784,2.342674283
0.56485283559999999,9.2206663009999996,1.5577435630000001
0.3989632112,11.110932050000001,1.1932597069999999
0.30889385790000001,2.8559410650000001,2.074432458
0.8066631165,10.68881169,1.72360723
0.94038855779999997,11.051478299999999,1.826953882
1.2642120400000001,3.8859902150000001,3.582018975
1.3748855769999999,7.8747964980000003,2.6475289860000002
1.757807814,8.0412465199999996,2.9326022360000001
1.382178329,3.1903331929999998,4.1335627150000001
0.86222221840000002,8.5702677919999992,1.9831470419999999
1.798820962,10.8031703,2.5723671220000002
0.95918066680000003,10.253673750000001,1.929807034
0.8241373836,10.297092660000001,1.7675222420000001
1.0344900539999999,3.1871767110000002,3.5885455450000001
1.464513003,9.2499936799999993,2.4850346060000001
1.301768364,4.0808483679999998,3.549966183
1.8806147010000001,7.0246478510000001,3.2471541949999998
1.6004091949999999,6.6429534859999997,3.0747581249999998
1.3742557520000001,5.6699443829999998,3.0926442359999999
1.9456558960000001,2.7648391339999998,5.2875225600000002
0.35588955410000001,3.4574616909999998,2.0173041469999999
1.647657089,8.2014539959999997,2.8179876080000001
0.33796408719999999,10.28219955,1.138000938
1.491967984,9.4032236470000008,2.4970162459999998
0.24630947650000001,6.6199849119999996,1.2007200490000001
0.89060152579999996,7.271175747,2.193725776
0.52523569530000003,3.4682012809999998,2.4326468910000001
1.425699686,4.0020324130000002,3.7451047580000001
1.1587813309999999,3.0070916830000001,3.8987749260000002
0.72100549280000004,6.3086381610000002,2.1390980640000001
1.196980468,2.5714262570000002,4.271625395
0.98844861120000005,4.4342919150000002,2.9641618780000001
0.32551106839999999,10.47395998,1.1097244879999999
1.625378969,3.4600188780000001,4.2965899539999999
1.0996781090000001,4.6532451679999998,3.050574208
1.851975111,7.9255265560000003,3.0403495949999999
0.5175804235,3.5404145379999998,2.3941919829999998
0.70762558850000001,5.7016812989999996,2.2009929229999998
0.24303253359999999,10.48046124,0.9566538456
1.02679053,5.5995351490000003,2.6939605599999998
0.52233707380000005,3.2349026950000002,2.5377456220000001
0.43931518980000001,6.2665521809999998,1.6531701489999999
1.944200854,7.1365066170000002,3.2898562149999999
0.88123321129999999,4.0653785969999996,2.9243146109999998
1.7775843149999999,10.77787345,2.5637996219999999
1.618480404,7.6883250590000003,2.8727614049999999
1.718538992,8.4943093439999995,2.8209437720000001
1.2802994480000001,11.21415818,2.1370629459999999
0.50217786600000003,5.7562823730000003,1.865155329
0.52206572669999995,4.4493963379999997,2.1542987280000001
0.29792099459999999,3.3101456790000001,1.887744839
0.60330015869999998,3.2499139700000002,2.7067797800000002
0.89789880129999999,5.6005144219999998,2.508684133
1.945204556,10.771391080000001,2.6597277749999999
0.55055035249999995,3.9308256030000002,2.3507787310000001
