m,v,y
7.6101349950000001,19.629776320000001,1465.11709
3.20290052,1.8463479780000001,5.4631798920000003
7.4494864109999996,19.470930280000001,1407.093803
4.8841295640000002,1.2032981780000001,3.5704997889999999
4.8112317530000004,2.2294378450000001,11.916591800000001
2.1629012799999998,1.0839845239999999,1.271200377
3.1412776990000002,1.9386085470000001,5.8951201150000001
3.8568425020000001,1.0399275130000001,2.083420786
3.803262707,19.70227667,742.64253110000004
7.2402450590000003,19.043703969999999,1309.970405
9.4008077659999998,1.8484058240000001,16.103590400000002
1.155349223,1.6426082120000001,1.5562078159999999
1.6164931419999999,1.142844365,1.0544886419999999
8.5076193530000008,1.0330390009999999,4.5244152780000002
8.3071908329999999,18.912362420000001,1481.180852
8.9964428810000001,1.7481504130000001,13.723769430000001
8.2938572839999996,19.31612118,1536.3304310000001
3.2162004130000001,18.969516299999999,583.36595239999997
1.889893611,2.1246139749999999,4.266890461
5.6726653990000004,1.9397223809999999,10.677980420000001
8.7923186439999998,18.548909380000001,1512.9264949999999
7.6780678529999999,1.783048577,12.22137302
8.3159215,1.317359366,7.2294942019999997
3.3978952329999998,1.630851482,4.5112619199999999
9.0939288719999993,1.9439532559999999,17.226464929999999
3.6048395160000002,1.579493037,4.4980674450000002
3.2860889969999998,1.38897516,3.162338858
4.1679474440000002,19.50727286,794.67516130000001
6.1644934830000002,18.654359880000001,1077.402789
5.8409256300000001,1.751813751,8.9526234680000005
1.372240753,19.165240189999999,251.48358859999999
4.2753456730000003,1.5710863589999999,5.2958416420000001
4.6231982970000001,19.663119519999999,892.18585429999996
7.2436105389999996,2.0849316419999999,15.70049704
4.1928098020000002,19.146056659999999,773.31733510000004
3.8653101730000001,19.794978050000001,755.77791979999995
1.7721341020000001,1.4001503630000001,1.737463048
6.422789238,1.222990292,4.7673520649999999
3.4583457740000001,19.18194016,637.65990169999998
0.62230303890000005,1.2614161079999999,0.49433220290000002
6.5399516110000002,19.260114170000001,1216.708752
6.1851710979999996,19.333691640000001,1150.5075079999999
7.3569606329999999,19.67117541,1428.0614290000001
5.371744992,1.3820068729999999,5.1424773549999996
2.8727337909999999,19.710813730000002,554.94537030000004
0.64471028789999996,19.680883640000001,124.72290820000001
6.9498627730000004,2.085620166,15.092218069999999
1.573368495,19.624884430000002,303.04187280000002
8.9621594400000006,18.575150449999999,1544.138025
7.0452633059999998,18.83789445,1249.1268580000001
5.7843239339999997,19.839298320000001,1133.7182869999999
6.3080282199999997,18.552553159999999,1085.5692140000001
8.3175456509999997,19.781660039999998,1616.8276969999999
0.92699850399999995,18.735981219999999,163.51304450000001
8.3642558480000009,19.73671384,1635.6306589999999
8.0168402279999995,19.11521467,1466.2929899999999
3.6225200979999999,1.0625398800000001,2.048164168
5.430501692,2.2568379219999999,13.831016419999999
9.5857073709999998,1.3057893709999999,8.1793887689999991
5.8350014630000002,19.297969680000001,1094.667833
