y,frequency_hz,angle_deg,chord_m,velocity_ms,displacement_m
125.20099999999999,1000,0,0.30480000000000002,71.299999999999997,0.00266337
125.95099999999999,1250,0,0.30480000000000002,71.299999999999997,0.00266337
125.20099999999999,3150,0,0.30480000000000002,71.299999999999997,0.00266337
123.06100000000001,4000,0,0.30480000000000002,71.299999999999997,0.00266337
117.151,8000,0,0.30480000000000002,71.299999999999997,0.00266337
115.39100000000001,10000,0,0.30480000000000002,71.299999999999997,0.00266337
112.241,12500,0,0.30480000000000002,71.299999999999997,0.00266337
108.721,16000,0,0.30480000000000002,71.299999999999997,0.00266337
126.416,500,0,0.30480000000000002,55.5,0.00283081
127.696,630,0,0.30480000000000002,55.5,0.00283081
126.96599999999999,1000,0,0.30480000000000002,55.5,0.00283081
126.086,1250,0,0.30480000000000002,55.5,0.00283081
124.10599999999999,2500,0,0.30480000000000002,55.5,0.00283081
123.236,3150,0,0.30480000000000002,55.5,0.00283081
119.60599999999999,5000,0,0.30480000000000002,55.5,0.00283081
117.976,6300,0,0.30480000000000002,55.5,0.00283081
116.476,8000,0,0.30480000000000002,55.5,0.00283081
111.07599999999999,12500,0,0.30480000000000002,55.5,0.00283081
119.319,250,0,0.30480000000000002,39.600000000000001,0.0031013799999999999
122.779,315,0,0.30480000000000002,39.600000000000001,0.0031013799999999999
126.959,500,0,0.30480000000000002,39.600000000000001,0.0031013799999999999
129.09899999999999,800,0,0.30480000000000002,39.600000000000001,0.0031013799999999999
127.899,1000,0,0.30480000000000002,39.600000000000001,0.0031013799999999999
125.499,1250,0,0.30480000000000002,39.600000000000001,0.0031013799999999999
124.04900000000001,1600,0,0.30480000000000002,39.600000000000001,0.0031013799999999999
123.68899999999999,2000,0,0.30480000000000002,39.600000000000001,0.0031013799999999999
121.399,2500,0,0.30480000000000002,39.600000000000001,0.0031013799999999999
120.319,3150,0,0.30480000000000002,39.600000000000001,0.0031013799999999999
119.229,4000,0,0.30480000000000002,39.600000000000001,0.0031013799999999999
117.789,5000,0,0.30480000000000002,39.600000000000001,0.0031013799999999999
116.229,6300,0,0.30480000000000002,39.600000000000001,0.0031013799999999999
112.139,10000,0,0.30480000000000002,39.600000000000001,0.0031013799999999999
109.619,12500,0,0.30480000000000002,39.600000000000001,0.0031013799999999999
127.122,800,1.5,0.30480000000000002,71.299999999999997,0.0033672900000000002
125.992,1000,1.5,0.30480000000000002,71.299999999999997,0.0033672900000000002
125.872,1250,1.5,0.30480000000000002,71.299999999999997,0.0033672900000000002
126.63200000000001,1600,1.5,0.30480000000000002,71.299999999999997,0.0033672900000000002
124.512,2500,1.5,0.30480000000000002,71.299999999999997,0.0033672900000000002
123.392,3150,1.5,0.30480000000000002,71.299999999999997,0.0033672900000000002
121.762,4000,1.5,0.30480000000000002,71.299999999999997,0.0033672900000000002
118.122,6300,1.5,0.30480000000000002,71.299999999999997,0.0033672900000000002
115.372,8000,1.5,0.30480000000000002,71.299999999999997,0.0033672900000000002
113.492,10000,1.5,0.30480000000000002,71.299999999999997,0.0033672900000000002
109.22199999999999,12500,1.5,0.30480000000000002,71.299999999999997,0.0033672900000000002
106.58199999999999,16000,1.5,0.30480000000000002,71.299999999999997,0.0033672900000000002
121.851,315,1.5,0.30480000000000002,39.600000000000001,0.0039210699999999996
126.661,500,1.5,0.30480000000000002,39.600000000000001,0.0039210699999999996
128.31100000000001,630,1.5,0.30480000000000002,39.600000000000001,0.0039210699999999996
128.83099999999999,800,1.5,0.30480000000000002,39.600000000000001,0.0039210699999999996
127.581,1000,1.5,0.30480000000000002,39.600000000000001,0.0039210699999999996
125.211,1250,1.5,0.30480000000000002,39.600000000000001,0.0039210699999999996
122.211,1600,1.5,0.30480000000000002,39.600000000000001,0.0039210699999999996
122.101,2000,1.5,0.30480000000000002,39.600000000000001,0.0039210699999999996
119.111,3150,1.5,0.30480000000000002,39.600000000000001,0.0039210699999999996
117.741,4000,1.5,0.30480000000000002,39.600000000000001,0.0039210699999999996
116.241,5000,1.5,0.30480000000000002,39.600000000000001,0.0039210699999999996
114.751,6300,1.5,0.30480000000000002,39.600000000000001,0.0039210699999999996
112.251,8000,1.5,0.30480000000000002,39.600000000000001,0.0039210699999999996
108.991,10000,1.5,0.30480000000000002,39.600000000000001,0.0039210699999999996
106.111,12500,1.5,0.30480000000000002,39.600000000000001,0.0039210699999999996
129.35400000000001,630,3,0.30480000000000002,71.299999999999997,0.0042572699999999996
129.494,800,3,0.30480000000000002,71.299999999999997,0.0042572699999999996
127.634,1250,3,0.30480000000000002,71.299999999999997,0.0042572699999999996
126.514,1600,3,0.30480000000000002,71.299999999999997,0.0042572699999999996
125.524,2000,3,0.30480000000000002,71.299999999999997,0.0042572699999999996
124.024,2500,3,0.30480000000000002,71.299999999999997,0.0042572699999999996
121.514,3150,3,0.30480000000000002,71.299999999999997,0.0042572699999999996
120.264,4000,3,0.30480000000000002,71.299999999999997,0.0042572699999999996
118.134,5000,3,0.30480000000000002,71.299999999999997,0.0042572699999999996
116.134,6300,3,0.30480000000000002,71.299999999999997,0.0042572699999999996
126.15900000000001,400,3,0.30480000000000002,55.5,0.00452492
128.179,500,3,0.30480000000000002,55.5,0.00452492
129.56899999999999,630,3,0.30480000000000002,55.5,0.00452492
129.32900000000001,1000,3,0.30480000000000002,55.5,0.00452492
123.069,2000,3,0.30480000000000002,55.5,0.00452492
122.43899999999999,2500,3,0.30480000000000002,55.5,0.00452492
120.18899999999999,3150,3,0.30480000000000002,55.5,0.00452492
118.68899999999999,4000,3,0.30480000000000002,55.5,0.00452492
112.169,10000,3,0.30480000000000002,55.5,0.00452492
123.312,315,3,0.30480000000000002,39.600000000000001,0.0049574099999999998
125.47199999999999,400,3,0.30480000000000002,39.600000000000001,0.0049574099999999998
129.292,630,3,0.30480000000000002,39.600000000000001,0.0049574099999999998
129.55199999999999,800,3,0.30480000000000002,39.600000000000001,0.0049574099999999998
128.31200000000001,1000,3,0.30480000000000002,39.600000000000001,0.0049574099999999998
125.80200000000001,1250,3,0.30480000000000002,39.600000000000001,0.0049574099999999998
120.16200000000001,2500,3,0.30480000000000002,39.600000000000001,0.0049574099999999998
118.922,3150,3,0.30480000000000002,39.600000000000001,0.0049574099999999998
116.792,4000,3,0.30480000000000002,39.600000000000001,0.0049574099999999998
115.792,5000,3,0.30480000000000002,39.600000000000001,0.0049574099999999998
110.652,8000,3,0.30480000000000002,39.600000000000001,0.0049574099999999998
126.395,250,4,0.30480000000000002,71.299999999999997,0.0049777299999999997
128.17500000000001,315,4,0.30480000000000002,71.299999999999997,0.0049777299999999997
129.57499999999999,400,4,0.30480000000000002,71.299999999999997,0.0049777299999999997
130.715,500,4,0.30480000000000002,71.299999999999997,0.0049777299999999997
131.61500000000001,630,4,0.30480000000000002,71.299999999999997,0.0049777299999999997
131.755,800,4,0.30480000000000002,71.299999999999997,0.0049777299999999997
131.01499999999999,1000,4,0.30480000000000002,71.299999999999997,0.0049777299999999997
129.39500000000001,1250,4,0.30480000000000002,71.299999999999997,0.0049777299999999997
126.645,1600,4,0.30480000000000002,71.299999999999997,0.0049777299999999997
124.395,2000,4,0.30480000000000002,71.299999999999997,0.0049777299999999997
123.77500000000001,2500,4,0.30480000000000002,71.299999999999997,0.0049777299999999997
121.77500000000001,3150,4,0.30480000000000002,71.299999999999997,0.0049777299999999997
116.16500000000001,6300,4,0.30480000000000002,71.299999999999997,0.0049777299999999997
113.66500000000001,8000,4,0.30480000000000002,71.299999999999997,0.0049777299999999997
110.905,10000,4,0.30480000000000002,71.299999999999997,0.0049777299999999997
107.405,12500,4,0.30480000000000002,71.299999999999997,0.0049777299999999997
123.54300000000001,250,4,0.30480000000000002,39.600000000000001,0.0057963600000000004
126.843,315,4,0.30480000000000002,39.600000000000001,0.0057963600000000004
128.63300000000001,400,4,0.30480000000000002,39.600000000000001,0.0057963600000000004
131.07300000000001,630,4,0.30480000000000002,39.600000000000001,0.0057963600000000004
130.72300000000001,800,4,0.30480000000000002,39.600000000000001,0.0057963600000000004
128.72300000000001,1000,4,0.30480000000000002,39.600000000000001,0.0057963600000000004
120.96299999999999,2000,4,0.30480000000000002,39.600000000000001,0.0057963600000000004
120.233,2500,4,0.30480000000000002,39.600000000000001,0.0057963600000000004
118.74299999999999,3150,4,0.30480000000000002,39.600000000000001,0.0057963600000000004
115.863,4000,4,0.30480000000000002,39.600000000000001,0.0057963600000000004
128.14400000000001,1250,0,0.2286,71.299999999999997,0.0021434499999999999
129.13399999999999,1600,0,0.2286,71.299999999999997,0.0021434499999999999
128.244,2000,0,0.2286,71.299999999999997,0.0021434499999999999
128.35400000000001,2500,0,0.2286,71.299999999999997,0.0021434499999999999
127.834,3150,0,0.2286,71.299999999999997,0.0021434499999999999
125.824,4000,0,0.2286,71.299999999999997,0.0021434499999999999
124.304,5000,0,0.2286,71.299999999999997,0.0021434499999999999
122.044,6300,0,0.2286,71.299999999999997,0.0021434499999999999
118.024,8000,0,0.2286,71.299999999999997,0.0021434499999999999
118.134,10000,0,0.2286,71.299999999999997,0.0021434499999999999
117.624,12500,0,0.2286,71.299999999999997,0.0021434499999999999
114.474,20000,0,0.2286,71.299999999999997,0.0021434499999999999
121.66,400,0,0.2286,55.5,0.0022933599999999999
126.16,630,0,0.2286,55.5,0.0022933599999999999
127.53,800,0,0.2286,55.5,0.0022933599999999999
128.28999999999999,1000,0,0.2286,55.5,0.0022933599999999999
127.91,1250,0,0.2286,55.5,0.0022933599999999999
126.79000000000001,1600,0,0.2286,55.5,0.0022933599999999999
126.54000000000001,2000,0,0.2286,55.5,0.0022933599999999999
125.16,3150,0,0.2286,55.5,0.0022933599999999999
123.41,4000,0,0.2286,55.5,0.0022933599999999999
118.41,6300,0,0.2286,55.5,0.0022933599999999999
121.05500000000001,315,0,0.2286,39.600000000000001,0.0025351100000000001
123.565,400,0,0.2286,39.600000000000001,0.0025351100000000001
128.70500000000001,630,0,0.2286,39.600000000000001,0.0025351100000000001
130.435,1000,0,0.2286,39.600000000000001,0.0025351100000000001
129.39500000000001,1250,0,0.2286,39.600000000000001,0.0025351100000000001
127.095,1600,0,0.2286,39.600000000000001,0.0025351100000000001
125.30500000000001,2000,0,0.2286,39.600000000000001,0.0025351100000000001
124.625,3150,0,0.2286,39.600000000000001,0.0025351100000000001
123.465,4000,0,0.2286,39.600000000000001,0.0025351100000000001
122.175,5000,0,0.2286,39.600000000000001,0.0025351100000000001
117.465,6300,0,0.2286,39.600000000000001,0.0025351100000000001
125.116,400,2,0.2286,71.299999999999997,0.0029303100000000002
126.486,500,2,0.2286,71.299999999999997,0.0029303100000000002
127.35599999999999,630,2,0.2286,71.299999999999997,0.0029303100000000002
128.21600000000001,800,2,0.2286,71.299999999999997,0.0029303100000000002
128.95599999999999,1000,2,0.2286,71.299999999999997,0.0029303100000000002
128.816,1250,2,0.2286,71.299999999999997,0.0029303100000000002
127.79600000000001,1600,2,0.2286,71.299999999999997,0.0029303100000000002
126.896,2000,2,0.2286,71.299999999999997,0.0029303100000000002
126.116,3150,2,0.2286,71.299999999999997,0.0029303100000000002
124.086,4000,2,0.2286,71.299999999999997,0.0029303100000000002
122.816,5000,2,0.2286,71.299999999999997,0.0029303100000000002
120.786,6300,2,0.2286,71.299999999999997,0.0029303100000000002
115.996,8000,2,0.2286,71.299999999999997,0.0029303100000000002
113.086,10000,2,0.2286,71.299999999999997,0.0029303100000000002
122.292,400,2,0.2286,55.5,0.00313525
124.69199999999999,500,2,0.2286,55.5,0.00313525
126.842,630,2,0.2286,55.5,0.00313525
129.00200000000001,1000,2,0.2286,55.5,0.00313525
128.762,1250,2,0.2286,55.5,0.00313525
124.61199999999999,2000,2,0.2286,55.5,0.00313525
123.86199999999999,2500,2,0.2286,55.5,0.00313525
123.742,3150,2,0.2286,55.5,0.00313525
122.232,4000,2,0.2286,55.5,0.00313525
120.47199999999999,5000,2,0.2286,55.5,0.00313525
120.137,315,2,0.2286,39.600000000000001,0.0034657400000000001
122.14700000000001,400,2,0.2286,39.600000000000001,0.0034657400000000001
125.157,500,2,0.2286,39.600000000000001,0.0034657400000000001
127.417,630,2,0.2286,39.600000000000001,0.0034657400000000001
129.03700000000001,800,2,0.2286,39.600000000000001,0.0034657400000000001
129.14699999999999,1000,2,0.2286,39.600000000000001,0.0034657400000000001
128.25700000000001,1250,2,0.2286,39.600000000000001,0.0034657400000000001
125.837,1600,2,0.2286,39.600000000000001,0.0034657400000000001
122.797,2000,2,0.2286,39.600000000000001,0.0034657400000000001
121.627,3150,2,0.2286,39.600000000000001,0.0034657400000000001
120.227,4000,2,0.2286,39.600000000000001,0.0034657400000000001
126.758,500,4,0.2286,71.299999999999997,0.0040060299999999998
129.03800000000001,630,4,0.2286,71.299999999999997,0.0040060299999999998
131.71799999999999,1250,4,0.2286,71.299999999999997,0.0040060299999999998
129.46799999999999,1600,4,0.2286,71.299999999999997,0.0040060299999999998
124.33799999999999,2500,4,0.2286,71.299999999999997,0.0040060299999999998
124.108,3150,4,0.2286,71.299999999999997,0.0040060299999999998
121.11799999999999,5000,4,0.2286,71.299999999999997,0.0040060299999999998
118.61799999999999,6300,4,0.2286,71.299999999999997,0.0040060299999999998
112.848,8000,4,0.2286,71.299999999999997,0.0040060299999999998
113.108,10000,4,0.2286,71.299999999999997,0.0040060299999999998
114.258,12500,4,0.2286,71.299999999999997,0.0040060299999999998
112.768,16000,4,0.2286,71.299999999999997,0.0040060299999999998
109.63800000000001,20000,4,0.2286,71.299999999999997,0.0040060299999999998
123.274,400,4,0.2286,55.5,0.0042862000000000004
127.31399999999999,500,4,0.2286,55.5,0.0042862000000000004
129.964,630,4,0.2286,55.5,0.0042862000000000004
132.13399999999999,1000,4,0.2286,55.5,0.0042862000000000004
131.26400000000001,1250,4,0.2286,55.5,0.0042862000000000004
128.26400000000001,1600,4,0.2286,55.5,0.0042862000000000004
124.254,2000,4,0.2286,55.5,0.0042862000000000004
122.39400000000001,3150,4,0.2286,55.5,0.0042862000000000004
120.654,4000,4,0.2286,55.5,0.0042862000000000004
120.03400000000001,5000,4,0.2286,55.5,0.0042862000000000004
117.154,6300,4,0.2286,55.5,0.0042862000000000004
112.524,8000,4,0.2286,55.5,0.0042862000000000004
122.229,315,4,0.2286,39.600000000000001,0.00473801
123.879,400,4,0.2286,39.600000000000001,0.00473801
129.57900000000001,630,4,0.2286,39.600000000000001,0.00473801
130.46899999999999,800,4,0.2286,39.600000000000001,0.00473801
128.339,1250,4,0.2286,39.600000000000001,0.00473801
125.319,1600,4,0.2286,39.600000000000001,0.00473801
121.65900000000001,2000,4,0.2286,39.600000000000001,0.00473801
120.419,3150,4,0.2286,39.600000000000001,0.00473801
119.15900000000001,4000,4,0.2286,39.600000000000001,0.00473801
117.649,5000,4,0.2286,39.600000000000001,0.00473801
114.249,6300,4,0.2286,39.600000000000001,0.00473801
113.129,8000,4,0.2286,39.600000000000001,0.00473801
127.7,400,5.2999999999999998,0.2286,71.299999999999997,0.0051942000000000004
133.47999999999999,800,5.2999999999999998,0.2286,71.299999999999997,0.0051942000000000004
133.38,1250,5.2999999999999998,0.2286,71.299999999999997,0.0051942000000000004
130.46000000000001,1600,5.2999999999999998,0.2286,71.299999999999997,0.0051942000000000004
125.89,2000,5.2999999999999998,0.2286,71.299999999999997,0.0051942000000000004
123.12,3150,5.2999999999999998,0.2286,71.299999999999997,0.0051942000000000004
120.33,4000,5.2999999999999998,0.2286,71.299999999999997,0.0051942000000000004
118.05,5000,5.2999999999999998,0.2286,71.299999999999997,0.0051942000000000004
116.92,6300,5.2999999999999998,0.2286,71.299999999999997,0.0051942000000000004
114.90000000000001,8000,5.2999999999999998,0.2286,71.299999999999997,0.0051942000000000004
111.34999999999999,10000,5.2999999999999998,0.2286,71.299999999999997,0.0051942000000000004
127.011,250,5.2999999999999998,0.2286,39.600000000000001,0.00614329
129.691,315,5.2999999999999998,0.2286,39.600000000000001,0.00614329
131.221,400,5.2999999999999998,0.2286,39.600000000000001,0.00614329
129.49100000000001,800,5.2999999999999998,0.2286,39.600000000000001,0.00614329
125.581,1000,5.2999999999999998,0.2286,39.600000000000001,0.00614329
125.721,1250,5.2999999999999998,0.2286,39.600000000000001,0.00614329
123.081,1600,5.2999999999999998,0.2286,39.600000000000001,0.00614329
117.911,2000,5.2999999999999998,0.2286,39.600000000000001,0.00614329
116.151,2500,5.2999999999999998,0.2286,39.600000000000001,0.00614329
118.441,3150,5.2999999999999998,0.2286,39.600000000000001,0.00614329
115.801,4000,5.2999999999999998,0.2286,39.600000000000001,0.00614329
115.31100000000001,5000,5.2999999999999998,0.2286,39.600000000000001,0.00614329
112.541,6300,5.2999999999999998,0.2286,39.600000000000001,0.00614329
138.75800000000001,200,7.2999999999999998,0.2286,71.299999999999997,0.010440400000000001
139.91800000000001,250,7.2999999999999998,0.2286,71.299999999999997,0.010440400000000001
139.80799999999999,315,7.2999999999999998,0.2286,71.299999999999997,0.010440400000000001
139.43799999999999,400,7.2999999999999998,0.2286,71.299999999999997,0.010440400000000001
136.798,500,7.2999999999999998,0.2286,71.299999999999997,0.010440400000000001
133.768,630,7.2999999999999998,0.2286,71.299999999999997,0.010440400000000001
130.74799999999999,800,7.2999999999999998,0.2286,71.299999999999997,0.010440400000000001
126.83799999999999,1000,7.2999999999999998,0.2286,71.299999999999997,0.010440400000000001
127.358,1250,7.2999999999999998,0.2286,71.299999999999997,0.010440400000000001
125.72799999999999,1600,7.2999999999999998,0.2286,71.299999999999997,0.010440400000000001
122.708,2000,7.2999999999999998,0.2286,71.299999999999997,0.010440400000000001
122.08799999999999,2500,7.2999999999999998,0.2286,71.299999999999997,0.010440400000000001
120.458,3150,7.2999999999999998,0.2286,71.299999999999997,0.010440400000000001
135.23400000000001,200,7.2999999999999998,0.2286,55.5,0.011170599999999999
136.38399999999999,250,7.2999999999999998,0.2286,55.5,0.011170599999999999
136.28399999999999,315,7.2999999999999998,0.2286,55.5,0.011170599999999999
130.934,630,7.2999999999999998,0.2286,55.5,0.011170599999999999
128.44399999999999,800,7.2999999999999998,0.2286,55.5,0.011170599999999999
125.194,1000,7.2999999999999998,0.2286,55.5,0.011170599999999999
125.724,1250,7.2999999999999998,0.2286,55.5,0.011170599999999999
118.994,2500,7.2999999999999998,0.2286,55.5,0.011170599999999999
117.28400000000001,4000,7.2999999999999998,0.2286,55.5,0.011170599999999999
113.14400000000001,5000,7.2999999999999998,0.2286,55.5,0.011170599999999999
111.53400000000001,6300,7.2999999999999998,0.2286,55.5,0.011170599999999999
130.989,200,7.2999999999999998,0.2286,39.600000000000001,0.012348100000000001
131.88900000000001,250,7.2999999999999998,0.2286,39.600000000000001,0.012348100000000001
132.149,315,7.2999999999999998,0.2286,39.600000000000001,0.012348100000000001
130.29900000000001,500,7.2999999999999998,0.2286,39.600000000000001,0.012348100000000001
128.929,630,7.2999999999999998,0.2286,39.600000000000001,0.012348100000000001
123.18899999999999,1250,7.2999999999999998,0.2286,39.600000000000001,0.012348100000000001
121.059,1600,7.2999999999999998,0.2286,39.600000000000001,0.012348100000000001
117.809,2000,7.2999999999999998,0.2286,39.600000000000001,0.012348100000000001
116.559,2500,7.2999999999999998,0.2286,39.600000000000001,0.012348100000000001
114.309,3150,7.2999999999999998,0.2286,39.600000000000001,0.012348100000000001
114.07899999999999,4000,7.2999999999999998,0.2286,39.600000000000001,0.012348100000000001
111.959,5000,7.2999999999999998,0.2286,39.600000000000001,0.012348100000000001
110.839,6300,7.2999999999999998,0.2286,39.600000000000001,0.012348100000000001
125.81699999999999,800,0,0.15240000000000001,71.299999999999997,0.0015988
127.307,1000,0,0.15240000000000001,71.299999999999997,0.0015988
129.667,1600,0,0.15240000000000001,71.299999999999997,0.0015988
128.64699999999999,2000,0,0.15240000000000001,71.299999999999997,0.0015988
128.12700000000001,2500,0,0.15240000000000001,71.299999999999997,0.0015988
129.37700000000001,3150,0,0.15240000000000001,71.299999999999997,0.0015988
128.857,4000,0,0.15240000000000001,71.299999999999997,0.0015988
126.45699999999999,5000,0,0.15240000000000001,71.299999999999997,0.0015988
122.527,8000,0,0.15240000000000001,71.299999999999997,0.0015988
120.247,10000,0,0.15240000000000001,71.299999999999997,0.0015988
117.087,12500,0,0.15240000000000001,71.299999999999997,0.0015988
113.297,16000,0,0.15240000000000001,71.299999999999997,0.0015988
120.57299999999999,500,0,0.15240000000000001,55.5,0.00172668
123.583,630,0,0.15240000000000001,55.5,0.00172668
126.71299999999999,800,0,0.15240000000000001,55.5,0.00172668
128.583,1000,0,0.15240000000000001,55.5,0.00172668
129.953,1250,0,0.15240000000000001,55.5,0.00172668
130.18299999999999,1600,0,0.15240000000000001,55.5,0.00172668
129.673,2000,0,0.15240000000000001,55.5,0.00172668
127.76300000000001,2500,0,0.15240000000000001,55.5,0.00172668
125.203,5000,0,0.15240000000000001,55.5,0.00172668
123.303,6300,0,0.15240000000000001,55.5,0.00172668
121.90300000000001,8000,0,0.15240000000000001,55.5,0.00172668
119.253,10000,0,0.15240000000000001,55.5,0.00172668
112.803,16000,0,0.15240000000000001,55.5,0.00172668
119.51300000000001,500,0,0.15240000000000001,39.600000000000001,0.0019328699999999999
124.40300000000001,630,0,0.15240000000000001,39.600000000000001,0.0019328699999999999
127.90300000000001,800,0,0.15240000000000001,39.600000000000001,0.0019328699999999999
130.03299999999999,1000,0,0.15240000000000001,39.600000000000001,0.0019328699999999999
131.01300000000001,1600,0,0.15240000000000001,39.600000000000001,0.0019328699999999999
129.63300000000001,2000,0,0.15240000000000001,39.600000000000001,0.0019328699999999999
126.863,2500,0,0.15240000000000001,39.600000000000001,0.0019328699999999999
125.343,4000,0,0.15240000000000001,39.600000000000001,0.0019328699999999999
123.453,5000,0,0.15240000000000001,39.600000000000001,0.0019328699999999999
121.313,6300,0,0.15240000000000001,39.600000000000001,0.0019328699999999999
115.413,10000,0,0.15240000000000001,39.600000000000001,0.0019328699999999999
127.404,630,2.7000000000000002,0.15240000000000001,71.299999999999997,0.0024385100000000001
130.14400000000001,1250,2.7000000000000002,0.15240000000000001,71.299999999999997,0.0024385100000000001
130.114,2000,2.7000000000000002,0.15240000000000001,71.299999999999997,0.0024385100000000001
127.054,3150,2.7000000000000002,0.15240000000000001,71.299999999999997,0.0024385100000000001
126.53400000000001,4000,2.7000000000000002,0.15240000000000001,71.299999999999997,0.0024385100000000001
124.364,5000,2.7000000000000002,0.15240000000000001,71.299999999999997,0.0024385100000000001
121.944,6300,2.7000000000000002,0.15240000000000001,71.299999999999997,0.0024385100000000001
120.53400000000001,8000,2.7000000000000002,0.15240000000000001,71.299999999999997,0.0024385100000000001
113.03400000000001,12500,2.7000000000000002,0.15240000000000001,71.299999999999997,0.0024385100000000001
110.364,16000,2.7000000000000002,0.15240000000000001,71.299999999999997,0.0024385100000000001
121.009,500,2.7000000000000002,0.15240000000000001,39.600000000000001,0.0029480399999999999
125.809,630,2.7000000000000002,0.15240000000000001,39.600000000000001,0.0029480399999999999
128.82900000000001,800,2.7000000000000002,0.15240000000000001,39.600000000000001,0.0029480399999999999
130.82900000000001,1250,2.7000000000000002,0.15240000000000001,39.600000000000001,0.0029480399999999999
130.04900000000001,1600,2.7000000000000002,0.15240000000000001,39.600000000000001,0.0029480399999999999
128.13900000000001,2000,2.7000000000000002,0.15240000000000001,39.600000000000001,0.0029480399999999999
125.589,2500,2.7000000000000002,0.15240000000000001,39.600000000000001,0.0029480399999999999
122.919,3150,2.7000000000000002,0.15240000000000001,39.600000000000001,0.0029480399999999999
121.889,4000,2.7000000000000002,0.15240000000000001,39.600000000000001,0.0029480399999999999
119.209,6300,2.7000000000000002,0.15240000000000001,39.600000000000001,0.0029480399999999999
112.589,10000,2.7000000000000002,0.15240000000000001,39.600000000000001,0.0029480399999999999
108.649,12500,2.7000000000000002,0.15240000000000001,39.600000000000001,0.0029480399999999999
126.291,500,5.4000000000000004,0.15240000000000001,71.299999999999997,0.00401199
131.28100000000001,800,5.4000000000000004,0.15240000000000001,71.299999999999997,0.00401199
133.20099999999999,1000,5.4000000000000004,0.15240000000000001,71.299999999999997,0.00401199
133.24100000000001,1600,5.4000000000000004,0.15240000000000001,71.299999999999997,0.00401199
131.11099999999999,2000,5.4000000000000004,0.15240000000000001,71.299999999999997,0.00401199
127.59099999999999,2500,5.4000000000000004,0.15240000000000001,71.299999999999997,0.00401199
123.31100000000001,3150,5.4000000000000004,0.15240000000000001,71.299999999999997,0.00401199
121.431,4000,5.4000000000000004,0.15240000000000001,71.299999999999997,0.00401199
120.06100000000001,5000,5.4000000000000004,0.15240000000000001,71.299999999999997,0.00401199
116.411,6300,5.4000000000000004,0.15240000000000001,71.299999999999997,0.00401199
126.807,400,5.4000000000000004,0.15240000000000001,55.5,0.0043328799999999999
129.36699999999999,500,5.4000000000000004,0.15240000000000001,55.5,0.0043328799999999999
131.80699999999999,630,5.4000000000000004,0.15240000000000001,55.5,0.0043328799999999999
133.09700000000001,800,5.4000000000000004,0.15240000000000001,55.5,0.0043328799999999999
130.77699999999999,1250,5.4000000000000004,0.15240000000000001,55.5,0.0043328799999999999
130.56700000000001,1600,5.4000000000000004,0.15240000000000001,55.5,0.0043328799999999999
128.70699999999999,2000,5.4000000000000004,0.15240000000000001,55.5,0.0043328799999999999
124.077,2500,5.4000000000000004,0.15240000000000001,55.5,0.0043328799999999999
121.587,3150,5.4000000000000004,0.15240000000000001,55.5,0.0043328799999999999
118.75700000000001,5000,5.4000000000000004,0.15240000000000001,55.5,0.0043328799999999999
117.28700000000001,6300,5.4000000000000004,0.15240000000000001,55.5,0.0043328799999999999
114.92700000000001,8000,5.4000000000000004,0.15240000000000001,55.5,0.0043328799999999999
127.637,400,5.4000000000000004,0.15240000000000001,39.600000000000001,0.0048502900000000002
132.75700000000001,800,5.4000000000000004,0.15240000000000001,39.600000000000001,0.0048502900000000002
126.267,1600,5.4000000000000004,0.15240000000000001,39.600000000000001,0.0048502900000000002
124.64700000000001,2000,5.4000000000000004,0.15240000000000001,39.600000000000001,0.0048502900000000002
117.03700000000001,5000,5.4000000000000004,0.15240000000000001,39.600000000000001,0.0048502900000000002
116.67700000000001,6300,5.4000000000000004,0.15240000000000001,39.600000000000001,0.0048502900000000002
118.291,3150,5.4000000000000004,0.15240000000000001,31.699999999999999,0.0052547399999999999
116.181,4000,5.4000000000000004,0.15240000000000001,31.699999999999999,0.0052547399999999999
128.71299999999999,315,7.2000000000000002,0.15240000000000001,71.299999999999997,0.0075203900000000001
130.12299999999999,400,7.2000000000000002,0.15240000000000001,71.299999999999997,0.0075203900000000001
132.04300000000001,500,7.2000000000000002,0.15240000000000001,71.299999999999997,0.0075203900000000001
136.023,800,7.2000000000000002,0.15240000000000001,71.299999999999997,0.0075203900000000001
132.51300000000001,1250,7.2000000000000002,0.15240000000000001,71.299999999999997,0.0075203900000000001
128.643,2000,7.2000000000000002,0.15240000000000001,71.299999999999997,0.0075203900000000001
124.35299999999999,2500,7.2000000000000002,0.15240000000000001,71.299999999999997,0.0075203900000000001
116.783,3150,7.2000000000000002,0.15240000000000001,71.299999999999997,0.0075203900000000001
119.343,4000,7.2000000000000002,0.15240000000000001,71.299999999999997,0.0075203900000000001
118.343,5000,7.2000000000000002,0.15240000000000001,71.299999999999997,0.0075203900000000001
116.60299999999999,6300,7.2000000000000002,0.15240000000000001,71.299999999999997,0.0075203900000000001
113.333,8000,7.2000000000000002,0.15240000000000001,71.299999999999997,0.0075203900000000001
110.313,10000,7.2000000000000002,0.15240000000000001,71.299999999999997,0.0075203900000000001
127.488,250,7.2000000000000002,0.15240000000000001,39.600000000000001,0.0090917499999999991
130.55799999999999,315,7.2000000000000002,0.15240000000000001,39.600000000000001,0.0090917499999999991
132.65799999999999,500,7.2000000000000002,0.15240000000000001,39.600000000000001,0.0090917499999999991
133.19800000000001,630,7.2000000000000002,0.15240000000000001,39.600000000000001,0.0090917499999999991
132.358,800,7.2000000000000002,0.15240000000000001,39.600000000000001,0.0090917499999999991
120.22799999999999,2000,7.2000000000000002,0.15240000000000001,39.600000000000001,0.0090917499999999991
117.47799999999999,2500,7.2000000000000002,0.15240000000000001,39.600000000000001,0.0090917499999999991
113.288,5000,7.2000000000000002,0.15240000000000001,39.600000000000001,0.0090917499999999991
112.688,6300,7.2000000000000002,0.15240000000000001,39.600000000000001,0.0090917499999999991
110.86799999999999,10000,7.2000000000000002,0.15240000000000001,39.600000000000001,0.0090917499999999991
134.31899999999999,200,9.9000000000000004,0.15240000000000001,71.299999999999997,0.019300100000000001
135.32900000000001,250,9.9000000000000004,0.15240000000000001,71.299999999999997,0.019300100000000001
131.279,500,9.9000000000000004,0.15240000000000001,71.299999999999997,0.019300100000000001
128.87899999999999,800,9.9000000000000004,0.15240000000000001,71.299999999999997,0.019300100000000001
126.349,1000,9.9000000000000004,0.15240000000000001,71.299999999999997,0.019300100000000001
122.679,1250,9.9000000000000004,0.15240000000000001,71.299999999999997,0.019300100000000001
121.789,1600,9.9000000000000004,0.15240000000000001,71.299999999999997,0.019300100000000001
120.779,2000,9.9000000000000004,0.15240000000000001,71.299999999999997,0.019300100000000001
119.639,2500,9.9000000000000004,0.15240000000000001,71.299999999999997,0.019300100000000001
116.849,3150,9.9000000000000004,0.15240000000000001,71.299999999999997,0.019300100000000001
115.07899999999999,4000,9.9000000000000004,0.15240000000000001,71.299999999999997,0.019300100000000001
114.569,5000,9.9000000000000004,0.15240000000000001,71.299999999999997,0.019300100000000001
133.23500000000001,250,9.9000000000000004,0.15240000000000001,55.5,0.020843799999999999
131.60499999999999,400,9.9000000000000004,0.15240000000000001,55.5,0.020843799999999999
127.315,630,9.9000000000000004,0.15240000000000001,55.5,0.020843799999999999
126.565,800,9.9000000000000004,0.15240000000000001,55.5,0.020843799999999999
124.66500000000001,1000,9.9000000000000004,0.15240000000000001,55.5,0.020843799999999999
121.63500000000001,1250,9.9000000000000004,0.15240000000000001,55.5,0.020843799999999999
119.875,1600,9.9000000000000004,0.15240000000000001,55.5,0.020843799999999999
119.505,2000,9.9000000000000004,0.15240000000000001,55.5,0.020843799999999999
112.94499999999999,4000,9.9000000000000004,0.15240000000000001,55.5,0.020843799999999999
127.315,200,9.9000000000000004,0.15240000000000001,39.600000000000001,0.023332800000000001
128.33500000000001,250,9.9000000000000004,0.15240000000000001,39.600000000000001,0.023332800000000001
128.595,315,9.9000000000000004,0.15240000000000001,39.600000000000001,0.023332800000000001
126.83499999999999,500,9.9000000000000004,0.15240000000000001,39.600000000000001,0.023332800000000001
126.465,630,9.9000000000000004,0.15240000000000001,39.600000000000001,0.023332800000000001
126.345,800,9.9000000000000004,0.15240000000000001,39.600000000000001,0.023332800000000001
123.83499999999999,1000,9.9000000000000004,0.15240000000000001,39.600000000000001,0.023332800000000001
120.55500000000001,1250,9.9000000000000004,0.15240000000000001,39.600000000000001,0.023332800000000001
118.545,1600,9.9000000000000004,0.15240000000000001,39.600000000000001,0.023332800000000001
117.925,2000,9.9000000000000004,0.15240000000000001,39.600000000000001,0.023332800000000001
116.295,2500,9.9000000000000004,0.15240000000000001,39.600000000000001,0.023332800000000001
113.52500000000001,3150,9.9000000000000004,0.15240000000000001,39.600000000000001,0.023332800000000001
112.265,4000,9.9000000000000004,0.15240000000000001,39.600000000000001,0.023332800000000001
111.13500000000001,5000,9.9000000000000004,0.15240000000000001,39.600000000000001,0.023332800000000001
109.88500000000001,6300,9.9000000000000004,0.15240000000000001,39.600000000000001,0.023332800000000001
128.559,250,9.9000000000000004,0.15240000000000001,31.699999999999999,0.025278499999999999
128.809,315,9.9000000000000004,0.15240000000000001,31.699999999999999,0.025278499999999999
127.179,500,9.9000000000000004,0.15240000000000001,31.699999999999999,0.025278499999999999
126.04900000000001,630,9.9000000000000004,0.15240000000000001,31.699999999999999,0.025278499999999999
125.539,800,9.9000000000000004,0.15240000000000001,31.699999999999999,0.025278499999999999
122.149,1000,9.9000000000000004,0.15240000000000001,31.699999999999999,0.025278499999999999
118.619,1250,9.9000000000000004,0.15240000000000001,31.699999999999999,0.025278499999999999
117.119,1600,9.9000000000000004,0.15240000000000001,31.699999999999999,0.025278499999999999
112.209,3150,9.9000000000000004,0.15240000000000001,31.699999999999999,0.025278499999999999
111.459,4000,9.9000000000000004,0.15240000000000001,31.699999999999999,0.025278499999999999
109.949,5000,9.9000000000000004,0.15240000000000001,31.699999999999999,0.025278499999999999
128.35400000000001,200,12.6,0.15240000000000001,71.299999999999997,0.048315900000000002
129.744,250,12.6,0.15240000000000001,71.299999999999997,0.048315900000000002
128.48400000000001,315,12.6,0.15240000000000001,71.299999999999997,0.048315900000000002
127.09399999999999,400,12.6,0.15240000000000001,71.299999999999997,0.048315900000000002
121.664,500,12.6,0.15240000000000001,71.299999999999997,0.048315900000000002
123.304,630,12.6,0.15240000000000001,71.299999999999997,0.048315900000000002
123.054,800,12.6,0.15240000000000001,71.299999999999997,0.048315900000000002
122.044,1000,12.6,0.15240000000000001,71.299999999999997,0.048315900000000002
120.154,1250,12.6,0.15240000000000001,71.299999999999997,0.048315900000000002
117.504,2000,12.6,0.15240000000000001,71.299999999999997,0.048315900000000002
115.23399999999999,2500,12.6,0.15240000000000001,71.299999999999997,0.048315900000000002
108.03400000000001,5000,12.6,0.15240000000000001,71.299999999999997,0.048315900000000002
107.28400000000001,6300,12.6,0.15240000000000001,71.299999999999997,0.048315900000000002
114.75,200,12.6,0.15240000000000001,39.600000000000001,0.058411299999999999
115.89,250,12.6,0.15240000000000001,39.600000000000001,0.058411299999999999
116.02,315,12.6,0.15240000000000001,39.600000000000001,0.058411299999999999
115.91,400,12.6,0.15240000000000001,39.600000000000001,0.058411299999999999
114.90000000000001,500,12.6,0.15240000000000001,39.600000000000001,0.058411299999999999
116.55,630,12.6,0.15240000000000001,39.600000000000001,0.058411299999999999
114.67,1000,12.6,0.15240000000000001,39.600000000000001,0.058411299999999999
112.16,1250,12.6,0.15240000000000001,39.600000000000001,0.058411299999999999
110.78,1600,12.6,0.15240000000000001,39.600000000000001,0.058411299999999999
106.88,2500,12.6,0.15240000000000001,39.600000000000001,0.058411299999999999
106.26000000000001,3150,12.6,0.15240000000000001,39.600000000000001,0.058411299999999999
104.5,4000,12.6,0.15240000000000001,39.600000000000001,0.058411299999999999
104.13,5000,12.6,0.15240000000000001,39.600000000000001,0.058411299999999999
103.38,6300,12.6,0.15240000000000001,39.600000000000001,0.058411299999999999
130.96000000000001,800,0,0.050799999999999998,71.299999999999997,0.00074047800000000003
128.56,1250,0,0.050799999999999998,71.299999999999997,0.00074047800000000003
131.06,2000,0,0.050799999999999998,71.299999999999997,0.00074047800000000003
135.06999999999999,3150,0,0.050799999999999998,71.299999999999997,0.00074047800000000003
134.43000000000001,4000,0,0.050799999999999998,71.299999999999997,0.00074047800000000003
133.03999999999999,6300,0,0.050799999999999998,71.299999999999997,0.00074047800000000003
130.88999999999999,8000,0,0.050799999999999998,71.299999999999997,0.00074047800000000003
128.74000000000001,10000,0,0.050799999999999998,71.299999999999997,0.00074047800000000003
125.22,12500,0,0.050799999999999998,71.299999999999997,0.00074047800000000003
124.336,800,0,0.050799999999999998,55.5,0.00076192999999999996
125.586,1000,0,0.050799999999999998,55.5,0.00076192999999999996
127.07599999999999,1250,0,0.050799999999999998,55.5,0.00076192999999999996
128.57599999999999,1600,0,0.050799999999999998,55.5,0.00076192999999999996
134.82599999999999,3150,0,0.050799999999999998,55.5,0.00076192999999999996
134.946,4000,0,0.050799999999999998,55.5,0.00076192999999999996
130.15600000000001,8000,0,0.050799999999999998,55.5,0.00076192999999999996
127.636,10000,0,0.050799999999999998,55.5,0.00076192999999999996
125.376,12500,0,0.050799999999999998,55.5,0.00076192999999999996
127.63800000000001,1000,0,0.050799999999999998,39.600000000000001,0.00079182199999999997
130.90799999999999,1600,0,0.050799999999999998,39.600000000000001,0.00079182199999999997
132.91800000000001,2000,0,0.050799999999999998,39.600000000000001,0.00079182199999999997
134.93799999999999,2500,0,0.050799999999999998,39.600000000000001,0.00079182199999999997
135.93799999999999,3150,0,0.050799999999999998,39.600000000000001,0.00079182199999999997
135.30799999999999,4000,0,0.050799999999999998,39.600000000000001,0.00079182199999999997
134.30799999999999,5000,0,0.050799999999999998,39.600000000000001,0.00079182199999999997
131.91800000000001,6300,0,0.050799999999999998,39.600000000000001,0.00079182199999999997
128.518,8000,0,0.050799999999999998,39.600000000000001,0.00079182199999999997
125.998,10000,0,0.050799999999999998,39.600000000000001,0.00079182199999999997
123.988,12500,0,0.050799999999999998,39.600000000000001,0.00079182199999999997
126.78,1000,0,0.050799999999999998,31.699999999999999,0.00081216399999999998
129.27000000000001,1250,0,0.050799999999999998,31.699999999999999,0.00081216399999999998
131.00999999999999,1600,0,0.050799999999999998,31.699999999999999,0.00081216399999999998
134.87,2500,0,0.050799999999999998,31.699999999999999,0.00081216399999999998
134.11000000000001,4000,0,0.050799999999999998,31.699999999999999,0.00081216399999999998
126.59,8000,0,0.050799999999999998,31.699999999999999,0.00081216399999999998
122.45,10000,0,0.050799999999999998,31.699999999999999,0.00081216399999999998
119.06999999999999,12500,0,0.050799999999999998,31.699999999999999,0.00081216399999999998
124.318,1600,4.2000000000000002,0.050799999999999998,71.299999999999997,0.0014278800000000001
133.72800000000001,3150,4.2000000000000002,0.050799999999999998,71.299999999999997,0.0014278800000000001
133.59800000000001,4000,4.2000000000000002,0.050799999999999998,71.299999999999997,0.0014278800000000001
132.828,5000,4.2000000000000002,0.050799999999999998,71.299999999999997,0.0014278800000000001
129.30799999999999,6300,4.2000000000000002,0.050799999999999998,71.299999999999997,0.0014278800000000001
125.268,8000,4.2000000000000002,0.050799999999999998,71.299999999999997,0.0014278800000000001
121.238,10000,4.2000000000000002,0.050799999999999998,71.299999999999997,0.0014278800000000001
117.328,12500,4.2000000000000002,0.050799999999999998,71.299999999999997,0.0014278800000000001
125.64700000000001,1000,4.2000000000000002,0.050799999999999998,39.600000000000001,0.0015268899999999999
130.197,1600,4.2000000000000002,0.050799999999999998,39.600000000000001,0.0015268899999999999
132.58699999999999,2000,4.2000000000000002,0.050799999999999998,39.600000000000001,0.0015268899999999999
133.84700000000001,2500,4.2000000000000002,0.050799999999999998,39.600000000000001,0.0015268899999999999
133.58699999999999,3150,4.2000000000000002,0.050799999999999998,39.600000000000001,0.0015268899999999999
120.39700000000001,8000,4.2000000000000002,0.050799999999999998,39.600000000000001,0.0015268899999999999
116.967,10000,4.2000000000000002,0.050799999999999998,39.600000000000001,0.0015268899999999999
127.556,800,8.4000000000000004,0.050799999999999998,71.299999999999997,0.0052951400000000003
129.946,1000,8.4000000000000004,0.050799999999999998,71.299999999999997,0.0052951400000000003
134.476,2000,8.4000000000000004,0.050799999999999998,71.299999999999997,0.0052951400000000003
134.226,2500,8.4000000000000004,0.050799999999999998,71.299999999999997,0.0052951400000000003
131.96600000000001,3150,8.4000000000000004,0.050799999999999998,71.299999999999997,0.0052951400000000003
126.926,4000,8.4000000000000004,0.050799999999999998,71.299999999999997,0.0052951400000000003
121.146,5000,8.4000000000000004,0.050799999999999998,71.299999999999997,0.0052951400000000003
121.58199999999999,400,8.4000000000000004,0.050799999999999998,55.5,0.00544854
123.742,500,8.4000000000000004,0.050799999999999998,55.5,0.00544854
128.56200000000001,800,8.4000000000000004,0.050799999999999998,55.5,0.00544854
132.25200000000001,1250,8.4000000000000004,0.050799999999999998,55.5,0.00544854
133.03200000000001,1600,8.4000000000000004,0.050799999999999998,55.5,0.00544854
133.042,2000,8.4000000000000004,0.050799999999999998,55.5,0.00544854
131.542,2500,8.4000000000000004,0.050799999999999998,55.5,0.00544854
128.40199999999999,3150,8.4000000000000004,0.050799999999999998,55.5,0.00544854
122.61199999999999,4000,8.4000000000000004,0.050799999999999998,55.5,0.00544854
115.812,5000,8.4000000000000004,0.050799999999999998,55.5,0.00544854
120.015,400,8.4000000000000004,0.050799999999999998,39.600000000000001,0.0056622900000000004
122.905,500,8.4000000000000004,0.050799999999999998,39.600000000000001,0.0056622900000000004
126.045,630,8.4000000000000004,0.050799999999999998,39.600000000000001,0.0056622900000000004
128.435,800,8.4000000000000004,0.050799999999999998,39.600000000000001,0.0056622900000000004
130.19499999999999,1000,8.4000000000000004,0.050799999999999998,39.600000000000001,0.0056622900000000004
131.20500000000001,1250,8.4000000000000004,0.050799999999999998,39.600000000000001,0.0056622900000000004
130.965,1600,8.4000000000000004,0.050799999999999998,39.600000000000001,0.0056622900000000004
129.965,2000,8.4000000000000004,0.050799999999999998,39.600000000000001,0.0056622900000000004
127.465,2500,8.4000000000000004,0.050799999999999998,39.600000000000001,0.0056622900000000004
123.965,3150,8.4000000000000004,0.050799999999999998,39.600000000000001,0.0056622900000000004
118.955,4000,8.4000000000000004,0.050799999999999998,39.600000000000001,0.0056622900000000004
122.96599999999999,500,8.4000000000000004,0.050799999999999998,31.699999999999999,0.0058077600000000004
125.85599999999999,630,8.4000000000000004,0.050799999999999998,31.699999999999999,0.0058077600000000004
129.51599999999999,1000,8.4000000000000004,0.050799999999999998,31.699999999999999,0.0058077600000000004
130.15600000000001,1250,8.4000000000000004,0.050799999999999998,31.699999999999999,0.0058077600000000004
129.29599999999999,1600,8.4000000000000004,0.050799999999999998,31.699999999999999,0.0058077600000000004
127.68600000000001,2000,8.4000000000000004,0.050799999999999998,31.699999999999999,0.0058077600000000004
122.086,3150,8.4000000000000004,0.050799999999999998,31.699999999999999,0.0058077600000000004
118.10599999999999,4000,8.4000000000000004,0.050799999999999998,31.699999999999999,0.0058077600000000004
125.941,200,11.199999999999999,0.050799999999999998,71.299999999999997,0.014071999999999999
127.101,250,11.199999999999999,0.050799999999999998,71.299999999999997,0.014071999999999999
128.381,315,11.199999999999999,0.050799999999999998,71.299999999999997,0.014071999999999999
130.31100000000001,500,11.199999999999999,0.050799999999999998,71.299999999999997,0.014071999999999999
133.61099999999999,630,11.199999999999999,0.050799999999999998,71.299999999999997,0.014071999999999999
136.03100000000001,800,11.199999999999999,0.050799999999999998,71.299999999999997,0.014071999999999999
136.191,1250,11.199999999999999,0.050799999999999998,71.299999999999997,0.014071999999999999
135.191,1600,11.199999999999999,0.050799999999999998,71.299999999999997,0.014071999999999999
127.14100000000001,3150,11.199999999999999,0.050799999999999998,71.299999999999997,0.014071999999999999
122.471,4000,11.199999999999999,0.050799999999999998,71.299999999999997,0.014071999999999999
125.01000000000001,200,11.199999999999999,0.050799999999999998,39.600000000000001,0.0150478
126.43000000000001,250,11.199999999999999,0.050799999999999998,39.600000000000001,0.0150478
128.99000000000001,315,11.199999999999999,0.050799999999999998,39.600000000000001,0.0150478
130.66999999999999,400,11.199999999999999,0.050799999999999998,39.600000000000001,0.0150478
133.78999999999999,800,11.199999999999999,0.050799999999999998,39.600000000000001,0.0150478
132.43000000000001,1000,11.199999999999999,0.050799999999999998,39.600000000000001,0.0150478
130.05000000000001,1250,11.199999999999999,0.050799999999999998,39.600000000000001,0.0150478
126.54000000000001,1600,11.199999999999999,0.050799999999999998,39.600000000000001,0.0150478
124.42,2000,11.199999999999999,0.050799999999999998,39.600000000000001,0.0150478
119.67,3150,11.199999999999999,0.050799999999999998,39.600000000000001,0.0150478
115.52,4000,11.199999999999999,0.050799999999999998,39.600000000000001,0.0150478
123.595,200,15.4,0.050799999999999998,71.299999999999997,0.0264269
124.83499999999999,250,15.4,0.050799999999999998,71.299999999999997,0.0264269
126.19499999999999,315,15.4,0.050799999999999998,71.299999999999997,0.0264269
126.80500000000001,400,15.4,0.050799999999999998,71.299999999999997,0.0264269
127.285,500,15.4,0.050799999999999998,71.299999999999997,0.0264269
129.64500000000001,630,15.4,0.050799999999999998,71.299999999999997,0.0264269
131.51499999999999,800,15.4,0.050799999999999998,71.299999999999997,0.0264269
130.845,1250,15.4,0.050799999999999998,71.299999999999997,0.0264269
130.065,1600,15.4,0.050799999999999998,71.299999999999997,0.0264269
129.285,2000,15.4,0.050799999999999998,71.299999999999997,0.0264269
127.625,2500,15.4,0.050799999999999998,71.299999999999997,0.0264269
125.715,3150,15.4,0.050799999999999998,71.299999999999997,0.0264269
122.675,4000,15.4,0.050799999999999998,71.299999999999997,0.0264269
119.13500000000001,5000,15.4,0.050799999999999998,71.299999999999997,0.0264269
115.215,6300,15.4,0.050799999999999998,71.299999999999997,0.0264269
124.17,250,15.4,0.050799999999999998,55.5,0.027192500000000001
125.39,315,15.4,0.050799999999999998,55.5,0.027192500000000001
126.5,400,15.4,0.050799999999999998,55.5,0.027192500000000001
127.22,500,15.4,0.050799999999999998,55.5,0.027192500000000001
129.33000000000001,630,15.4,0.050799999999999998,55.5,0.027192500000000001
130.43000000000001,800,15.4,0.050799999999999998,55.5,0.027192500000000001
130.40000000000001,1000,15.4,0.050799999999999998,55.5,0.027192500000000001
130,1250,15.4,0.050799999999999998,55.5,0.027192500000000001
128.19999999999999,1600,15.4,0.050799999999999998,55.5,0.027192500000000001
127.04000000000001,2000,15.4,0.050799999999999998,55.5,0.027192500000000001
125.63,2500,15.4,0.050799999999999998,55.5,0.027192500000000001
117.11,5000,15.4,0.050799999999999998,55.5,0.027192500000000001
112.93000000000001,6300,15.4,0.050799999999999998,55.5,0.027192500000000001
121.783,200,15.4,0.050799999999999998,39.600000000000001,0.028259300000000001
122.893,250,15.4,0.050799999999999998,39.600000000000001,0.028259300000000001
124.49299999999999,315,15.4,0.050799999999999998,39.600000000000001,0.028259300000000001
125.35299999999999,400,15.4,0.050799999999999998,39.600000000000001,0.028259300000000001
126.74299999999999,1250,15.4,0.050799999999999998,39.600000000000001,0.028259300000000001
124.843,1600,15.4,0.050799999999999998,39.600000000000001,0.028259300000000001
123.443,2000,15.4,0.050799999999999998,39.600000000000001,0.028259300000000001
122.413,2500,15.4,0.050799999999999998,39.600000000000001,0.028259300000000001
118.113,4000,15.4,0.050799999999999998,39.600000000000001,0.028259300000000001
114.453,5000,15.4,0.050799999999999998,39.600000000000001,0.028259300000000001
109.663,6300,15.4,0.050799999999999998,39.600000000000001,0.028259300000000001
119.97499999999999,200,15.4,0.050799999999999998,31.699999999999999,0.028985299999999999
121.22499999999999,250,15.4,0.050799999999999998,31.699999999999999,0.028985299999999999
122.845,315,15.4,0.050799999999999998,31.699999999999999,0.028985299999999999
124.685,630,15.4,0.050799999999999998,31.699999999999999,0.028985299999999999
125.55500000000001,800,15.4,0.050799999999999998,31.699999999999999,0.028985299999999999
124.52500000000001,1000,15.4,0.050799999999999998,31.699999999999999,0.028985299999999999
123.255,1250,15.4,0.050799999999999998,31.699999999999999,0.028985299999999999
120.83499999999999,2000,15.4,0.050799999999999998,31.699999999999999,0.028985299999999999
118.045,3150,15.4,0.050799999999999998,31.699999999999999,0.028985299999999999
115.63500000000001,4000,15.4,0.050799999999999998,31.699999999999999,0.028985299999999999
112.355,5000,15.4,0.050799999999999998,31.699999999999999,0.028985299999999999
108.185,6300,15.4,0.050799999999999998,31.699999999999999,0.028985299999999999
119.11499999999999,250,19.699999999999999,0.050799999999999998,71.299999999999997,0.034118299999999997
121.235,315,19.699999999999999,0.050799999999999998,71.299999999999997,0.034118299999999997
123.86499999999999,400,19.699999999999999,0.050799999999999998,71.299999999999997,0.034118299999999997
121.88500000000001,1000,19.699999999999999,0.050799999999999998,71.299999999999997,0.034118299999999997
120.05500000000001,2000,19.699999999999999,0.050799999999999998,71.299999999999997,0.034118299999999997
118.38500000000001,2500,19.699999999999999,0.050799999999999998,71.299999999999997,0.034118299999999997
116.22499999999999,3150,19.699999999999999,0.050799999999999998,71.299999999999997,0.034118299999999997
113.045,4000,19.699999999999999,0.050799999999999998,71.299999999999997,0.034118299999999997
125.974,200,19.699999999999999,0.050799999999999998,39.600000000000001,0.036484000000000003
127.224,250,19.699999999999999,0.050799999999999998,39.600000000000001,0.036484000000000003
130.614,400,19.699999999999999,0.050799999999999998,39.600000000000001,0.036484000000000003
128.44399999999999,500,19.699999999999999,0.050799999999999998,39.600000000000001,0.036484000000000003
120.324,630,19.699999999999999,0.050799999999999998,39.600000000000001,0.036484000000000003
118.904,1000,19.699999999999999,0.050799999999999998,39.600000000000001,0.036484000000000003
117.604,1600,19.699999999999999,0.050799999999999998,39.600000000000001,0.036484000000000003
117.724,2000,19.699999999999999,0.050799999999999998,39.600000000000001,0.036484000000000003
116.184,2500,19.699999999999999,0.050799999999999998,39.600000000000001,0.036484000000000003
113.004,3150,19.699999999999999,0.050799999999999998,39.600000000000001,0.036484000000000003
108.684,4000,19.699999999999999,0.050799999999999998,39.600000000000001,0.036484000000000003
133.70699999999999,2500,0,0.025399999999999999,71.299999999999997,0.00040068200000000002
137.00700000000001,3150,0,0.025399999999999999,71.299999999999997,0.00040068200000000002
138.55699999999999,4000,0,0.025399999999999999,71.299999999999997,0.00040068200000000002
136.83699999999999,5000,0,0.025399999999999999,71.299999999999997,0.00040068200000000002
134.98699999999999,6300,0,0.025399999999999999,71.299999999999997,0.00040068200000000002
129.86699999999999,8000,0,0.025399999999999999,71.299999999999997,0.00040068200000000002
130.78700000000001,10000,0,0.025399999999999999,71.299999999999997,0.00040068200000000002
133.20699999999999,12500,0,0.025399999999999999,71.299999999999997,0.00040068200000000002
130.477,16000,0,0.025399999999999999,71.299999999999997,0.00040068200000000002
123.217,20000,0,0.025399999999999999,71.299999999999997,0.00040068200000000002
127.623,2000,0,0.025399999999999999,55.5,0.00041229
130.50299999999999,3150,0,0.025399999999999999,55.5,0.00041229
133.22300000000001,4000,0,0.025399999999999999,55.5,0.00041229
136.10300000000001,6300,0,0.025399999999999999,55.5,0.00041229
136.16300000000001,8000,0,0.025399999999999999,55.5,0.00041229
134.56299999999999,10000,0,0.025399999999999999,55.5,0.00041229
125.68300000000001,16000,0,0.025399999999999999,55.5,0.00041229
121.93300000000001,20000,0,0.025399999999999999,55.5,0.00041229
130.02600000000001,2000,0,0.025399999999999999,39.600000000000001,0.00042846399999999998
131.83600000000001,2500,0,0.025399999999999999,39.600000000000001,0.00042846399999999998
135.346,4000,0,0.025399999999999999,39.600000000000001,0.00042846399999999998
136.536,5000,0,0.025399999999999999,39.600000000000001,0.00042846399999999998
136.82599999999999,6300,0,0.025399999999999999,39.600000000000001,0.00042846399999999998
135.86600000000001,8000,0,0.025399999999999999,39.600000000000001,0.00042846399999999998
133.376,10000,0,0.025399999999999999,39.600000000000001,0.00042846399999999998
129.11600000000001,12500,0,0.025399999999999999,39.600000000000001,0.00042846399999999998
125.127,1000,0,0.025399999999999999,31.699999999999999,0.000439472
129.267,1600,0,0.025399999999999999,31.699999999999999,0.000439472
135.227,3150,0,0.025399999999999999,31.699999999999999,0.000439472
137.047,4000,0,0.025399999999999999,31.699999999999999,0.000439472
138.53700000000001,6300,0,0.025399999999999999,31.699999999999999,0.000439472
137.20699999999999,8000,0,0.025399999999999999,31.699999999999999,0.000439472
134.227,10000,0,0.025399999999999999,31.699999999999999,0.000439472
128.977,12500,0,0.025399999999999999,31.699999999999999,0.000439472
128.398,2000,4.7999999999999998,0.025399999999999999,71.299999999999997,0.000848633
133.37799999999999,3150,4.7999999999999998,0.025399999999999999,71.299999999999997,0.000848633
134.928,4000,4.7999999999999998,0.025399999999999999,71.299999999999997,0.000848633
135.46799999999999,5000,4.7999999999999998,0.025399999999999999,71.299999999999997,0.000848633
127.398,10000,4.7999999999999998,0.025399999999999999,71.299999999999997,0.000848633
127.688,12500,4.7999999999999998,0.025399999999999999,71.299999999999997,0.000848633
124.208,16000,4.7999999999999998,0.025399999999999999,71.299999999999997,0.000848633
119.708,20000,4.7999999999999998,0.025399999999999999,71.299999999999997,0.000848633
121.474,1600,4.7999999999999998,0.025399999999999999,55.5,0.00087321800000000004
125.054,2000,4.7999999999999998,0.025399999999999999,55.5,0.00087321800000000004
129.14400000000001,2500,4.7999999999999998,0.025399999999999999,55.5,0.00087321800000000004
132.35400000000001,3150,4.7999999999999998,0.025399999999999999,55.5,0.00087321800000000004
133.92400000000001,4000,4.7999999999999998,0.025399999999999999,55.5,0.00087321800000000004
135.48400000000001,5000,4.7999999999999998,0.025399999999999999,55.5,0.00087321800000000004
135.16399999999999,6300,4.7999999999999998,0.025399999999999999,55.5,0.00087321800000000004
132.184,8000,4.7999999999999998,0.025399999999999999,55.5,0.00087321800000000004
126.944,10000,4.7999999999999998,0.025399999999999999,55.5,0.00087321800000000004
125.09399999999999,12500,4.7999999999999998,0.025399999999999999,55.5,0.00087321800000000004
124.39400000000001,16000,4.7999999999999998,0.025399999999999999,55.5,0.00087321800000000004
121.28400000000001,20000,4.7999999999999998,0.025399999999999999,55.5,0.00087321800000000004
116.366,500,4.7999999999999998,0.025399999999999999,39.600000000000001,0.00090747500000000004
118.696,630,4.7999999999999998,0.025399999999999999,39.600000000000001,0.00090747500000000004
120.76600000000001,800,4.7999999999999998,0.025399999999999999,39.600000000000001,0.00090747500000000004
122.956,1000,4.7999999999999998,0.025399999999999999,39.600000000000001,0.00090747500000000004
125.026,1250,4.7999999999999998,0.025399999999999999,39.600000000000001,0.00090747500000000004
125.96599999999999,1600,4.7999999999999998,0.025399999999999999,39.600000000000001,0.00090747500000000004
131.23599999999999,2500,4.7999999999999998,0.025399999999999999,39.600000000000001,0.00090747500000000004
133.43600000000001,3150,4.7999999999999998,0.025399999999999999,39.600000000000001,0.00090747500000000004
135.42599999999999,5000,4.7999999999999998,0.025399999999999999,39.600000000000001,0.00090747500000000004
134.33600000000001,6300,4.7999999999999998,0.025399999999999999,39.600000000000001,0.00090747500000000004
126.066,10000,4.7999999999999998,0.025399999999999999,39.600000000000001,0.00090747500000000004
116.128,500,4.7999999999999998,0.025399999999999999,31.699999999999999,0.00093078900000000001
120.078,630,4.7999999999999998,0.025399999999999999,31.699999999999999,0.00093078900000000001
122.648,800,4.7999999999999998,0.025399999999999999,31.699999999999999,0.00093078900000000001
125.348,1000,4.7999999999999998,0.025399999999999999,31.699999999999999,0.00093078900000000001
128.71799999999999,1600,4.7999999999999998,0.025399999999999999,31.699999999999999,0.00093078900000000001
130.148,2000,4.7999999999999998,0.025399999999999999,31.699999999999999,0.00093078900000000001
132.58799999999999,2500,4.7999999999999998,0.025399999999999999,31.699999999999999,0.00093078900000000001
134.268,3150,4.7999999999999998,0.025399999999999999,31.699999999999999,0.00093078900000000001
135.328,4000,4.7999999999999998,0.025399999999999999,31.699999999999999,0.00093078900000000001
135.24799999999999,5000,4.7999999999999998,0.025399999999999999,31.699999999999999,0.00093078900000000001
132.898,6300,4.7999999999999998,0.025399999999999999,31.699999999999999,0.00093078900000000001
125.726,630,9.5,0.025399999999999999,71.299999999999997,0.0042065399999999999
129.55600000000001,1000,9.5,0.025399999999999999,71.299999999999997,0.0042065399999999999
131.65600000000001,1250,9.5,0.025399999999999999,71.299999999999997,0.0042065399999999999
133.756,1600,9.5,0.025399999999999999,71.299999999999997,0.0042065399999999999
134.976,2000,9.5,0.025399999999999999,71.299999999999997,0.0042065399999999999
134.23599999999999,4000,9.5,0.025399999999999999,71.299999999999997,0.0042065399999999999
131.18600000000001,5000,9.5,0.025399999999999999,71.299999999999997,0.0042065399999999999
127.246,6300,9.5,0.025399999999999999,71.299999999999997,0.0042065399999999999
120.952,400,9.5,0.025399999999999999,55.5,0.0043283999999999996
125.452,630,9.5,0.025399999999999999,55.5,0.0043283999999999996
128.08199999999999,800,9.5,0.025399999999999999,55.5,0.0043283999999999996
130.33199999999999,1000,9.5,0.025399999999999999,55.5,0.0043283999999999996
132.202,1250,9.5,0.025399999999999999,55.5,0.0043283999999999996
133.06200000000001,1600,9.5,0.025399999999999999,55.5,0.0043283999999999996
134.05199999999999,2000,9.5,0.025399999999999999,55.5,0.0043283999999999996
134.15199999999999,2500,9.5,0.025399999999999999,55.5,0.0043283999999999996
133.25200000000001,3150,9.5,0.025399999999999999,55.5,0.0043283999999999996
131.58199999999999,4000,9.5,0.025399999999999999,55.5,0.0043283999999999996
128.41200000000001,5000,9.5,0.025399999999999999,55.5,0.0043283999999999996
124.22199999999999,6300,9.5,0.025399999999999999,55.5,0.0043283999999999996
116.074,200,9.5,0.025399999999999999,39.600000000000001,0.0044982099999999999
116.92400000000001,250,9.5,0.025399999999999999,39.600000000000001,0.0044982099999999999
119.294,315,9.5,0.025399999999999999,39.600000000000001,0.0044982099999999999
121.154,400,9.5,0.025399999999999999,39.600000000000001,0.0044982099999999999
123.89400000000001,500,9.5,0.025399999999999999,39.600000000000001,0.0044982099999999999
126.514,630,9.5,0.025399999999999999,39.600000000000001,0.0044982099999999999
131.184,1600,9.5,0.025399999999999999,39.600000000000001,0.0044982099999999999
131.274,2000,9.5,0.025399999999999999,39.600000000000001,0.0044982099999999999
131.23400000000001,2500,9.5,0.025399999999999999,39.600000000000001,0.0044982099999999999
127.864,4000,9.5,0.025399999999999999,39.600000000000001,0.0044982099999999999
125.044,5000,9.5,0.025399999999999999,39.600000000000001,0.0044982099999999999
120.324,6300,9.5,0.025399999999999999,39.600000000000001,0.0044982099999999999
119.146,200,9.5,0.025399999999999999,31.699999999999999,0.0046137699999999997
124.756,400,9.5,0.025399999999999999,31.699999999999999,0.0046137699999999997
126.886,500,9.5,0.025399999999999999,31.699999999999999,0.0046137699999999997
131.346,1000,9.5,0.025399999999999999,31.699999999999999,0.0046137699999999997
131.446,1250,9.5,0.025399999999999999,31.699999999999999,0.0046137699999999997
131.036,1600,9.5,0.025399999999999999,31.699999999999999,0.0046137699999999997
130.49600000000001,2000,9.5,0.025399999999999999,31.699999999999999,0.0046137699999999997
126.736,4000,9.5,0.025399999999999999,31.699999999999999,0.0046137699999999997
120.726,6300,9.5,0.025399999999999999,31.699999999999999,0.0046137699999999997
119.69799999999999,250,12.699999999999999,0.025399999999999999,71.299999999999997,0.0121808
126.898,500,12.699999999999999,0.025399999999999999,71.299999999999997,0.0121808
130.34800000000001,800,12.699999999999999,0.025399999999999999,71.299999999999997,0.0121808
131.69800000000001,1000,12.699999999999999,0.025399999999999999,71.299999999999997,0.0121808
133.048,1250,12.699999999999999,0.025399999999999999,71.299999999999997,0.0121808
134.52799999999999,1600,12.699999999999999,0.025399999999999999,71.299999999999997,0.0121808
134.22800000000001,2000,12.699999999999999,0.025399999999999999,71.299999999999997,0.0121808
134.05799999999999,2500,12.699999999999999,0.025399999999999999,71.299999999999997,0.0121808
131.80799999999999,4000,12.699999999999999,0.025399999999999999,71.299999999999997,0.0121808
128.97800000000001,5000,12.699999999999999,0.025399999999999999,71.299999999999997,0.0121808
121.547,250,12.699999999999999,0.025399999999999999,39.600000000000001,0.0130253
123.53700000000001,315,12.699999999999999,0.025399999999999999,39.600000000000001,0.0130253
127.127,500,12.699999999999999,0.025399999999999999,39.600000000000001,0.0130253
128.86699999999999,630,12.699999999999999,0.025399999999999999,39.600000000000001,0.0130253
130.21700000000001,800,12.699999999999999,0.025399999999999999,39.600000000000001,0.0130253
130.947,1000,12.699999999999999,0.025399999999999999,39.600000000000001,0.0130253
130.77699999999999,1250,12.699999999999999,0.025399999999999999,39.600000000000001,0.0130253
129.977,1600,12.699999999999999,0.025399999999999999,39.600000000000001,0.0130253
129.56700000000001,2000,12.699999999999999,0.025399999999999999,39.600000000000001,0.0130253
129.02699999999999,2500,12.699999999999999,0.025399999999999999,39.600000000000001,0.0130253
127.84699999999999,3150,12.699999999999999,0.025399999999999999,39.600000000000001,0.0130253
126.53700000000001,4000,12.699999999999999,0.025399999999999999,39.600000000000001,0.0130253
125.107,5000,12.699999999999999,0.025399999999999999,39.600000000000001,0.0130253
123.17700000000001,6300,12.699999999999999,0.025399999999999999,39.600000000000001,0.0130253
120.607,8000,12.699999999999999,0.025399999999999999,39.600000000000001,0.0130253
116.017,10000,12.699999999999999,0.025399999999999999,39.600000000000001,0.0130253
109.95099999999999,200,17.399999999999999,0.025399999999999999,55.5,0.016570600000000001
110.491,250,17.399999999999999,0.025399999999999999,55.5,0.016570600000000001
111.911,315,17.399999999999999,0.025399999999999999,55.5,0.016570600000000001
115.461,400,17.399999999999999,0.025399999999999999,55.5,0.016570600000000001
119.621,500,17.399999999999999,0.025399999999999999,55.5,0.016570600000000001
122.411,630,17.399999999999999,0.025399999999999999,55.5,0.016570600000000001
126.001,1000,17.399999999999999,0.025399999999999999,55.5,0.016570600000000001
129.30099999999999,1250,17.399999999999999,0.025399999999999999,55.5,0.016570600000000001
126.471,1600,17.399999999999999,0.025399999999999999,55.5,0.016570600000000001
125.261,2000,17.399999999999999,0.025399999999999999,55.5,0.016570600000000001
124.931,2500,17.399999999999999,0.025399999999999999,55.5,0.016570600000000001
124.101,3150,17.399999999999999,0.025399999999999999,55.5,0.016570600000000001
121.771,4000,17.399999999999999,0.025399999999999999,55.5,0.016570600000000001
118.941,5000,17.399999999999999,0.025399999999999999,55.5,0.016570600000000001
114.861,6300,17.399999999999999,0.025399999999999999,55.5,0.016570600000000001
114.044,200,17.399999999999999,0.025399999999999999,39.600000000000001,0.017220599999999999
114.714,250,17.399999999999999,0.025399999999999999,39.600000000000001,0.017220599999999999
115.444,400,17.399999999999999,0.025399999999999999,39.600000000000001,0.017220599999999999
124.514,630,17.399999999999999,0.025399999999999999,39.600000000000001,0.017220599999999999
138.274,1000,17.399999999999999,0.025399999999999999,39.600000000000001,0.017220599999999999
131.364,1250,17.399999999999999,0.025399999999999999,39.600000000000001,0.017220599999999999
127.614,1600,17.399999999999999,0.025399999999999999,39.600000000000001,0.017220599999999999
124.154,2500,17.399999999999999,0.025399999999999999,39.600000000000001,0.017220599999999999
123.56399999999999,3150,17.399999999999999,0.025399999999999999,39.600000000000001,0.017220599999999999
116.146,200,17.399999999999999,0.025399999999999999,31.699999999999999,0.017663100000000001
116.956,250,17.399999999999999,0.025399999999999999,31.699999999999999,0.017663100000000001
120.76600000000001,400,17.399999999999999,0.025399999999999999,31.699999999999999,0.017663100000000001
127.676,500,17.399999999999999,0.025399999999999999,31.699999999999999,0.017663100000000001
136.886,630,17.399999999999999,0.025399999999999999,31.699999999999999,0.017663100000000001
131.79599999999999,1000,17.399999999999999,0.025399999999999999,31.699999999999999,0.017663100000000001
128.30600000000001,1250,17.399999999999999,0.025399999999999999,31.699999999999999,0.017663100000000001
124.35599999999999,2000,17.399999999999999,0.025399999999999999,31.699999999999999,0.017663100000000001
124.166,2500,17.399999999999999,0.025399999999999999,31.699999999999999,0.017663100000000001
123.46599999999999,3150,17.399999999999999,0.025399999999999999,31.699999999999999,0.017663100000000001
121.996,4000,17.399999999999999,0.025399999999999999,31.699999999999999,0.017663100000000001
117.996,5000,17.399999999999999,0.025399999999999999,31.699999999999999,0.017663100000000001
116.066,200,22.199999999999999,0.025399999999999999,39.600000000000001,0.022902800000000001
117.386,250,22.199999999999999,0.025399999999999999,39.600000000000001,0.022902800000000001
123.416,400,22.199999999999999,0.025399999999999999,39.600000000000001,0.022902800000000001
129.77600000000001,500,22.199999999999999,0.025399999999999999,39.600000000000001,0.022902800000000001
137.07599999999999,800,22.199999999999999,0.025399999999999999,39.600000000000001,0.022902800000000001
126.446,1250,22.199999999999999,0.025399999999999999,39.600000000000001,0.022902800000000001
122.21599999999999,1600,22.199999999999999,0.025399999999999999,39.600000000000001,0.022902800000000001
121.256,2000,22.199999999999999,0.025399999999999999,39.600000000000001,0.022902800000000001
121.306,2500,22.199999999999999,0.025399999999999999,39.600000000000001,0.022902800000000001
119.646,4000,22.199999999999999,0.025399999999999999,39.600000000000001,0.022902800000000001
118.816,5000,22.199999999999999,0.025399999999999999,39.600000000000001,0.022902800000000001
127.92,800,0,0.1016,55.5,0.0013198299999999999
129.80000000000001,1000,0,0.1016,55.5,0.0013198299999999999
132.05000000000001,1600,0,0.1016,55.5,0.0013198299999999999
133.03999999999999,2500,0,0.1016,55.5,0.0013198299999999999
128.36000000000001,5000,0,0.1016,55.5,0.0013198299999999999
124.45,8000,0,0.1016,55.5,0.0013198299999999999
121.93000000000001,10000,0,0.1016,55.5,0.0013198299999999999
119.91,12500,0,0.1016,55.5,0.0013198299999999999
130.78100000000001,1000,0,0.1016,39.600000000000001,0.0014633199999999999
133.261,1600,0,0.1016,39.600000000000001,0.0014633199999999999
132.61099999999999,2500,0,0.1016,39.600000000000001,0.0014633199999999999
130.96100000000001,3150,0,0.1016,39.600000000000001,0.0014633199999999999
127.801,4000,0,0.1016,39.600000000000001,0.0014633199999999999
126.021,5000,0,0.1016,39.600000000000001,0.0014633199999999999
125.631,6300,0,0.1016,39.600000000000001,0.0014633199999999999
122.34099999999999,8000,0,0.1016,39.600000000000001,0.0014633199999999999
119.56100000000001,10000,0,0.1016,39.600000000000001,0.0014633199999999999
126.413,630,0,0.1016,31.699999999999999,0.00150092
129.053,800,0,0.1016,31.699999999999999,0.00150092
131.31299999999999,1000,0,0.1016,31.699999999999999,0.00150092
133.06299999999999,1250,0,0.1016,31.699999999999999,0.00150092
133.553,1600,0,0.1016,31.699999999999999,0.00150092
133.15299999999999,2000,0,0.1016,31.699999999999999,0.00150092
129.97300000000001,3150,0,0.1016,31.699999999999999,0.00150092
124.393,5000,0,0.1016,31.699999999999999,0.00150092
120.193,8000,0,0.1016,31.699999999999999,0.00150092
115.893,10000,0,0.1016,31.699999999999999,0.00150092
126.599,630,3.2999999999999998,0.1016,55.5,0.0022109999999999999
129.119,800,3.2999999999999998,0.1016,55.5,0.0022109999999999999
131.12899999999999,1000,3.2999999999999998,0.1016,55.5,0.0022109999999999999
132.76900000000001,1250,3.2999999999999998,0.1016,55.5,0.0022109999999999999
132.88900000000001,2500,3.2999999999999998,0.1016,55.5,0.0022109999999999999
130.62899999999999,3150,3.2999999999999998,0.1016,55.5,0.0022109999999999999
124.839,5000,3.2999999999999998,0.1016,55.5,0.0022109999999999999
120.569,8000,3.2999999999999998,0.1016,55.5,0.0022109999999999999
115.65900000000001,10000,3.2999999999999998,0.1016,55.5,0.0022109999999999999
127.251,630,3.2999999999999998,0.1016,39.600000000000001,0.00245138
129.99100000000001,800,3.2999999999999998,0.1016,39.600000000000001,0.00245138
131.971,1000,3.2999999999999998,0.1016,39.600000000000001,0.00245138
133.071,1600,3.2999999999999998,0.1016,39.600000000000001,0.00245138
132.30099999999999,2000,3.2999999999999998,0.1016,39.600000000000001,0.00245138
130.791,2500,3.2999999999999998,0.1016,39.600000000000001,0.00245138
124.881,4000,3.2999999999999998,0.1016,39.600000000000001,0.00245138
122.371,5000,3.2999999999999998,0.1016,39.600000000000001,0.00245138
120.851,6300,3.2999999999999998,0.1016,39.600000000000001,0.00245138
118.09099999999999,8000,3.2999999999999998,0.1016,39.600000000000001,0.00245138
115.321,10000,3.2999999999999998,0.1016,39.600000000000001,0.00245138
128.952,630,3.2999999999999998,0.1016,31.699999999999999,0.0025143499999999998
131.36199999999999,800,3.2999999999999998,0.1016,31.699999999999999,0.0025143499999999998
133.012,1000,3.2999999999999998,0.1016,31.699999999999999,0.0025143499999999998
134.02199999999999,1250,3.2999999999999998,0.1016,31.699999999999999,0.0025143499999999998
133.40199999999999,1600,3.2999999999999998,0.1016,31.699999999999999,0.0025143499999999998
131.642,2000,3.2999999999999998,0.1016,31.699999999999999,0.0025143499999999998
130.392,2500,3.2999999999999998,0.1016,31.699999999999999,0.0025143499999999998
128.25200000000001,3150,3.2999999999999998,0.1016,31.699999999999999,0.0025143499999999998
124.852,4000,3.2999999999999998,0.1016,31.699999999999999,0.0025143499999999998
120.702,6300,3.2999999999999998,0.1016,31.699999999999999,0.0025143499999999998
117.432,8000,3.2999999999999998,0.1016,31.699999999999999,0.0025143499999999998
129.34299999999999,500,6.7000000000000002,0.1016,55.5,0.0052138999999999996
133.023,630,6.7000000000000002,0.1016,55.5,0.0052138999999999996
137.233,1000,6.7000000000000002,0.1016,55.5,0.0052138999999999996
133.65299999999999,1600,6.7000000000000002,0.1016,55.5,0.0052138999999999996
129.65299999999999,2000,6.7000000000000002,0.1016,55.5,0.0052138999999999996
124.273,2500,6.7000000000000002,0.1016,55.5,0.0052138999999999996
128.29499999999999,400,6.7000000000000002,0.1016,39.600000000000001,0.0057807600000000002
130.95500000000001,500,6.7000000000000002,0.1016,39.600000000000001,0.0057807600000000002
133.35499999999999,630,6.7000000000000002,0.1016,39.600000000000001,0.0057807600000000002
134.625,800,6.7000000000000002,0.1016,39.600000000000001,0.0057807600000000002
134.51499999999999,1000,6.7000000000000002,0.1016,39.600000000000001,0.0057807600000000002
132.39500000000001,1250,6.7000000000000002,0.1016,39.600000000000001,0.0057807600000000002
127.375,1600,6.7000000000000002,0.1016,39.600000000000001,0.0057807600000000002
122.235,2000,6.7000000000000002,0.1016,39.600000000000001,0.0057807600000000002
126.26600000000001,315,6.7000000000000002,0.1016,31.699999999999999,0.0059292700000000004
128.29599999999999,400,6.7000000000000002,0.1016,31.699999999999999,0.0059292700000000004
130.20599999999999,500,6.7000000000000002,0.1016,31.699999999999999,0.0059292700000000004
132.886,800,6.7000000000000002,0.1016,31.699999999999999,0.0059292700000000004
131.636,1000,6.7000000000000002,0.1016,31.699999999999999,0.0059292700000000004
129.256,1250,6.7000000000000002,0.1016,31.699999999999999,0.0059292700000000004
120.446,2000,6.7000000000000002,0.1016,31.699999999999999,0.0059292700000000004
133.41999999999999,200,8.9000000000000004,0.1016,39.600000000000001,0.012459599999999999
134.34,250,8.9000000000000004,0.1016,39.600000000000001,0.012459599999999999
135.53999999999999,400,8.9000000000000004,0.1016,39.600000000000001,0.012459599999999999
133.78999999999999,500,8.9000000000000004,0.1016,39.600000000000001,0.012459599999999999
131.91999999999999,630,8.9000000000000004,0.1016,39.600000000000001,0.012459599999999999
129.58000000000001,1000,8.9000000000000004,0.1016,39.600000000000001,0.012459599999999999
127.70999999999999,1250,8.9000000000000004,0.1016,39.600000000000001,0.012459599999999999
119.04000000000001,2000,8.9000000000000004,0.1016,39.600000000000001,0.012459599999999999
119.34999999999999,3150,8.9000000000000004,0.1016,39.600000000000001,0.012459599999999999
116.22,4000,8.9000000000000004,0.1016,39.600000000000001,0.012459599999999999
113.08,5000,8.9000000000000004,0.1016,39.600000000000001,0.012459599999999999
113.11,6300,8.9000000000000004,0.1016,39.600000000000001,0.012459599999999999
132.304,200,12.300000000000001,0.1016,55.5,0.036823300000000003
133.29400000000001,250,12.300000000000001,0.1016,55.5,0.036823300000000003
136.41399999999999,400,12.300000000000001,0.1016,55.5,0.036823300000000003
133.774,500,12.300000000000001,0.1016,55.5,0.036823300000000003
124.244,630,12.300000000000001,0.1016,55.5,0.036823300000000003
125.114,800,12.300000000000001,0.1016,55.5,0.036823300000000003
124.214,1250,12.300000000000001,0.1016,55.5,0.036823300000000003
121.824,1600,12.300000000000001,0.1016,55.5,0.036823300000000003
117.054,2500,12.300000000000001,0.1016,55.5,0.036823300000000003
116.914,3150,12.300000000000001,0.1016,55.5,0.036823300000000003
114.404,4000,12.300000000000001,0.1016,55.5,0.036823300000000003
112.014,5000,12.300000000000001,0.1016,55.5,0.036823300000000003
110.124,6300,12.300000000000001,0.1016,55.5,0.036823300000000003
128.54499999999999,200,12.300000000000001,0.1016,39.600000000000001,0.040826800000000003
129.67500000000001,250,12.300000000000001,0.1016,39.600000000000001,0.040826800000000003
129.41499999999999,315,12.300000000000001,0.1016,39.600000000000001,0.040826800000000003
122.205,500,12.300000000000001,0.1016,39.600000000000001,0.040826800000000003
121.315,630,12.300000000000001,0.1016,39.600000000000001,0.040826800000000003
122.315,800,12.300000000000001,0.1016,39.600000000000001,0.040826800000000003
121.16500000000001,1250,12.300000000000001,0.1016,39.600000000000001,0.040826800000000003
117.875,1600,12.300000000000001,0.1016,39.600000000000001,0.040826800000000003
114.08499999999999,2000,12.300000000000001,0.1016,39.600000000000001,0.040826800000000003
113.315,2500,12.300000000000001,0.1016,39.600000000000001,0.040826800000000003
113.05500000000001,3150,12.300000000000001,0.1016,39.600000000000001,0.040826800000000003
110.905,4000,12.300000000000001,0.1016,39.600000000000001,0.040826800000000003
108.625,5000,12.300000000000001,0.1016,39.600000000000001,0.040826800000000003
107.985,6300,12.300000000000001,0.1016,39.600000000000001,0.040826800000000003
125.857,250,12.300000000000001,0.1016,31.699999999999999,0.041875599999999999
124.717,315,12.300000000000001,0.1016,31.699999999999999,0.041875599999999999
123.20699999999999,400,12.300000000000001,0.1016,31.699999999999999,0.041875599999999999
118.667,500,12.300000000000001,0.1016,31.699999999999999,0.041875599999999999
119.28700000000001,630,12.300000000000001,0.1016,31.699999999999999,0.041875599999999999
118.767,1250,12.300000000000001,0.1016,31.699999999999999,0.041875599999999999
114.477,1600,12.300000000000001,0.1016,31.699999999999999,0.041875599999999999
110.447,2000,12.300000000000001,0.1016,31.699999999999999,0.041875599999999999
110.31699999999999,2500,12.300000000000001,0.1016,31.699999999999999,0.041875599999999999
110.307,3150,12.300000000000001,0.1016,31.699999999999999,0.041875599999999999
108.407,4000,12.300000000000001,0.1016,31.699999999999999,0.041875599999999999
107.267,6300,12.300000000000001,0.1016,31.699999999999999,0.041875599999999999
123.514,200,15.6,0.1016,39.600000000000001,0.052848699999999998
124.64400000000001,250,15.6,0.1016,39.600000000000001,0.052848699999999998
122.754,315,15.6,0.1016,39.600000000000001,0.052848699999999998
120.48399999999999,400,15.6,0.1016,39.600000000000001,0.052848699999999998
118.084,630,15.6,0.1016,39.600000000000001,0.052848699999999998
118.214,1250,15.6,0.1016,39.600000000000001,0.052848699999999998
114.554,1600,15.6,0.1016,39.600000000000001,0.052848699999999998
110.89400000000001,2000,15.6,0.1016,39.600000000000001,0.052848699999999998
110.264,2500,15.6,0.1016,39.600000000000001,0.052848699999999998
109.254,3150,15.6,0.1016,39.600000000000001,0.052848699999999998
106.224,5000,15.6,0.1016,39.600000000000001,0.052848699999999998
104.20399999999999,6300,15.6,0.1016,39.600000000000001,0.052848699999999998
