n,theta2,y
1.2715373,0.2030331315,0.2089059633
1.220119577,0.534684111,0.6510183287
1.031653585,0.2054119244,0.2065682829
1.351129026,0.504843162,0.6387403114
1.226058848,0.340224984,0.3641937471
1.355881691,0.4432840982,0.5278734411
1.373824782,0.2112221442,0.2184237993
1.200350203,0.3248289181,0.3460740344
1.327251039,0.3399506237,0.3706305587
1.38661394,0.2990278377,0.3208816614
1.194495291,0.3405449936,0.3648346797
1.153527697,0.0647069065,0.06504674364
1.120590701,0.5612921174,0.6657908711
1.3987748,0.05639034021,0.05635356256
1.30408751,0.4317454103,0.4989157615
1.07730835,0.09482764296,0.09438141994
1.290091897,0.2640316697,0.2756019969
1.234163593,0.4406555661,0.5038588935
1.115100283,0.589947031,0.7130410197
1.06918317,0.5091858176,0.5695288815
1.178014673,0.126190752,0.1267201605
1.003333706,0.3536325752,0.371813267
1.231919131,0.3705726809,0.4037680792
1.070391617,0.192616916,0.1950470452
1.139922144,0.1504916888,0.1519698005
1.32862684,0.579000385,0.7950683449
1.346022998,0.2024795927,0.2093666157
1.034521846,0.1467113155,0.1480768297
1.146560977,0.4211816035,0.465762996
1.001421536,0.2494420884,0.2548861938
1.022847597,0.4002912245,0.4270338268
1.05718564,0.2959181734,0.3066252907
1.07409191,0.549034025,0.6299390112
1.283795375,0.5714942265,0.7486822768
1.124054069,0.1560349556,0.1570807558
1.120433306,0.2860200016,0.2982011192
1.275573708,0.2532567461,0.2629618493
1.287614512,0.1766325238,0.1814659449
1.399683987,0.3838096115,0.4400811622
1.1311945,0.1412243595,0.1437334
1.027896414,0.1489272189,0.1508236499
1.03998117,0.579015906,0.663955857
1.116139049,0.130407827,0.1314321975
1.113120663,0.1239913453,0.1253355445
1.20930298,0.4326622475,0.4880905449
1.3191957,0.2213664294,0.2289631118
1.233268861,0.2542681214,0.2640577227
1.176109792,0.3785537196,0.4097356477
1.35742469,0.2903705609,0.3085185458
1.316820145,0.4880040723,0.5984909381
1.323703431,0.4402541353,0.5124787405
1.21487328,0.4534330028,0.5157885025
1.207852152,0.08180083916,0.08188129541
1.327697626,0.4918688217,0.6041301301
1.299343171,0.3949856751,0.4435179032
1.297420332,0.260892749,0.2739079441
1.284522647,0.3659257474,0.4021798802
1.241507661,0.3949259159,0.4378211773
1.179594582,0.1578465814,0.1597490236
1.162837731,0.4706524157,0.5368475617
1.163613774,0.4853930431,0.5574279917
1.282274911,0.1091767157,0.1097972715
1.1488458,0.3941576049,0.429512193
1.064469792,0.5356838864,0.6105391688
1.289925147,0.590887909,0.7972637984
1.041395986,0.4727582389,0.5189797305
1.269990159,0.3361337024,0.3628539826
1.242462411,0.0647306317,0.06443081035
1.37564581,0.2060740799,0.2124607637
1.057421428,0.52638531,0.5924044468
1.11596596,0.1656665302,0.1667058998
1.065180633,0.4851036062,0.536282177
1.370099242,0.06047761616,0.06050317172
1.132997136,0.528838853,0.6151336203
1.23990372,0.5233451368,0.6369769906
1.195871503,0.1598465083,0.1611219063
1.109313193,0.5841274568,0.6909008933
1.192514659,0.1606410575,0.1635099658
1.233122196,0.1237516969,0.1254089012
1.233876073,0.4983407662,0.5895715908
1.226463058,0.07717042808,0.07731169024
1.149500583,0.584847537,0.7100848181
1.266868424,0.310516792,0.3305741724
1.021452153,0.3632118029,0.3807666303
1.351970181,0.1589160156,0.162491534
1.291135942,0.2140940261,0.2206505063
1.254395051,0.5324276529,0.6610483593
1.070932118,0.094225465,0.09469110352
1.012669282,0.4986378925,0.5484253366
1.219721863,0.1850639105,0.1894177145
1.136224895,0.3326875843,0.3533105688
1.272209365,0.174697741,0.1769722753
1.325415525,0.1221977319,0.1245551046
1.334617843,0.4997845689,0.6242895564
1.225004469,0.1233826431,0.1250521332
1.296554933,0.5006637672,0.6157920068
1.303670119,0.432851483,0.5014319769
1.080130278,0.4521891073,0.4964599941
1.009730546,0.4294427889,0.4588765608
1.07612167,0.3951879508,0.4236618669
1.378782569,0.2549085054,0.2679638326
1.263015499,0.4637807552,0.5443618439
1.14100262,0.3963831917,0.4277415834
1.363663325,0.06933214636,0.06903281694
1.335270079,0.1506591307,0.1534257963
1.224560638,0.1207385945,0.1222291347
1.231757307,0.3735830331,0.4086824876
1.065918769,0.5725790157,0.6613720578
1.252450946,0.5696564222,0.7278699374
1.201204593,0.3566079443,0.3868120689
1.043395626,0.09249110614,0.09257867319
1.186751794,0.3937162153,0.4281087783
1.344999491,0.2901063754,0.3103307727
1.347495525,0.3860202097,0.4375128423
1.371186495,0.07168496806,0.07223272958
1.296347439,0.1053182644,0.1059536686
1.180046291,0.4847782278,0.5569304784
1.377894865,0.4609344346,0.56322986
1.373952282,0.5308505097,0.7064742684
1.012767909,0.3072701684,0.3179752162
1.199363124,0.5593538387,0.6865641006
1.169933611,0.1127421757,0.1128492276
1.110530699,0.2769942725,0.2873290692
1.05367988,0.1900676953,0.1927161892
1.3617323,0.3224571892,0.3533613975
1.164705028,0.5127681607,0.5963313228
1.281844253,0.5208479688,0.6468960184
1.167318734,0.1560277413,0.1580005808
1.22768857,0.5782466836,0.7333649285
1.080799728,0.1551703667,0.1558083693
1.157687485,0.07936095255,0.07986599949
1.060157347,0.5474895223,0.6277268944
1.068610359,0.4707483997,0.5195317349
1.118254512,0.4743006504,0.5337187329
1.151462318,0.3747376828,0.402274865
1.096891235,0.2445686785,0.2499900845
1.047760501,0.1813198705,0.1847631104
1.172791001,0.2364225653,0.2437055164
1.187367946,0.06086631864,0.06121630347
1.38385998,0.5234417234,0.6918045463
1.096512941,0.4799939687,0.539147443
1.227962291,0.2358157796,0.243714139
1.164610561,0.1359585679,0.1372977575
1.149515171,0.130288929,0.1317122945
1.182454514,0.06177229982,0.06201206991
1.064564738,0.1184319539,0.1193421142
1.305094458,0.1649352523,0.1682682093
1.316496179,0.1642432911,0.1681793144
1.098566063,0.4195396234,0.4581171476
1.37012667,0.4856439741,0.6096237117
1.041225817,0.32067388,0.3340462766
1.327031492,0.1325262337,0.1339249262
1.270624722,0.5893999167,0.7854999858
1.388993589,0.4599640223,0.5620773521
1.389003941,0.2674705149,0.2855681881
1.304592649,0.2189337669,0.2265192796
1.252200622,0.2197534155,0.2253919637
1.262737563,0.5931662564,0.7902176353
1.050870748,0.423234783,0.4556648523
1.138973333,0.1128418294,0.1143543995
1.166341944,0.1536026271,0.155808946
1.107106547,0.4278127154,0.4686210719
1.289103829,0.2186277083,0.2241487559
1.055279015,0.4300898701,0.4651454166
1.021636955,0.5927813523,0.6835980232
1.186883802,0.2964483301,0.3107968692
1.079536989,0.4232445381,0.4618913627
1.27674536,0.1213910947,0.1224180574
1.007603148,0.3855350493,0.4065610074
1.030496234,0.2766271914,0.2849583563
1.350344269,0.4515933207,0.5380321183
1.189969405,0.1022507746,0.1029965626
1.26876707,0.1417499664,0.1439606699
1.060190572,0.5904724969,0.6890209204
1.123028392,0.1891982406,0.1925778691
1.242511237,0.1547980903,0.1566788589
1.220891894,0.4098994619,0.4584575839
1.354457175,0.5429884283,0.723396024
1.220007094,0.2954274512,0.31265019
1.01143831,0.08525556819,0.08553632245
1.243026409,0.3830827442,0.421426512
1.150188531,0.2561087233,0.2621010901
1.203986637,0.5914477965,0.7539663841
1.240957767,0.2752705675,0.2898671749
1.067675004,0.3628206169,0.3834152586
1.161135863,0.3297925702,0.3487936324
1.331952972,0.07459404996,0.07505978354
1.219750987,0.4406875508,0.499929956
1.347721138,0.5864941597,0.8322829609
1.358939855,0.5468301606,0.7337430429
1.082134588,0.05053097106,0.05080605442
1.342638004,0.4800619498,0.5901066546
1.192148531,0.2024266078,0.207406595
1.36703781,0.4807773402,0.5956151861
1.124783196,0.5539720787,0.6520464705
1.205816975,0.467721722,0.5367686394
1.316517323,0.3671069559,0.4065393519
1.327130142,0.06314419955,0.062933806
1.140466964,0.1237933252,0.1239951851
1.352868215,0.2309481615,0.2426967054
1.167735539,0.4605458908,0.5214776669
1.289082761,0.5171675272,0.6447326859
1.358962327,0.3698495399,0.4170221567
1.149712604,0.4587807794,0.514880824
1.049151244,0.2024009275,0.2057773218
1.153227888,0.4847240682,0.5507212565
1.28374999,0.5218203134,0.6493896436
1.159134219,0.3180457667,0.335174273
1.115416676,0.2935896943,0.3058198484
1.386665115,0.1691036991,0.1730467064
1.113354658,0.07629148447,0.07610197487
1.273172755,0.5506107502,0.7056251842
1.122148063,0.08447104365,0.0848803999
1.329688514,0.5846923025,0.8163663685
1.237688397,0.4555023862,0.5262610573
1.107816353,0.4917165241,0.5563931082
1.377210813,0.3028811826,0.3246637073
1.030844399,0.1302097844,0.1308879748
1.236199899,0.3802130341,0.418064323
1.272066587,0.1395707414,0.1415897342
1.087190358,0.5043344524,0.5691970448
1.118933734,0.2282903099,0.23409803
1.313342373,0.4192441336,0.4827065832
1.383371111,0.2942491769,0.3154645662
1.106312433,0.256238763,0.2632589669
1.237370954,0.05875183962,0.05916670939
1.223538428,0.4734552736,0.5469054516
1.137072914,0.2379255939,0.2466195843
1.276809997,0.3771591289,0.414730036
1.335264408,0.3847249372,0.4323583559
1.268498964,0.07548052952,0.07593326188
1.221277989,0.05325830936,0.05351815199
1.176827801,0.5564156397,0.6782049964
1.366627295,0.2339433325,0.2433701012
1.073399531,0.1311259514,0.1323567041
1.276447363,0.1151118443,0.1161740737
1.136751279,0.1292615131,0.1304015189
1.042206691,0.08669077667,0.08672474746
1.057642944,0.3211739439,0.3367975252
1.213227235,0.3837140872,0.4182709496
1.297051424,0.3647234477,0.4028870279
1.320982878,0.06916516127,0.06922238502
1.296381844,0.4167541313,0.4758470165
1.188748356,0.2336127032,0.240840718
1.343348332,0.2781678681,0.2960832835
1.094532638,0.4417684963,0.4816730849
1.243285619,0.4457655922,0.5136356456
1.355737065,0.5962604717,0.8723180792
1.388739316,0.2109342735,0.2183092879
1.107008307,0.1791686278,0.1807198359
1.021892012,0.2798022615,0.285553906
1.216312545,0.3768221409,0.4096050975
1.14101558,0.1525783319,0.1544229316
1.020760118,0.4272964958,0.4593978186
1.052148662,0.2632621717,0.2701269849
1.237055845,0.5557932281,0.6960493915
1.111330353,0.5200451171,0.5985838391
1.155949187,0.5644814777,0.6805214363
1.109379799,0.5084435927,0.5785590981
1.245815404,0.386069646,0.4231922
1.121740586,0.5243284776,0.6016686966
1.084041027,0.3235065578,0.3359608881
1.268497956,0.2284260535,0.2370163034
1.192618768,0.5334661326,0.6417067642
1.035961047,0.490004352,0.5409817245
1.15401007,0.2880669881,0.2993495148
1.120169829,0.1143012011,0.1144572658
1.149354632,0.1653318652,0.1674999814
1.250934902,0.5843818199,0.7587545263
1.146698672,0.4869725878,0.5553758401
1.318841826,0.05160102643,0.05211170498
1.035223673,0.1415906095,0.1431201274
1.365356439,0.5695780253,0.7986554083
1.118417303,0.4242211443,0.462194447
1.177516698,0.1031389557,0.1041366914
1.02233449,0.5830793383,0.669842898
1.103894411,0.2782755509,0.2895636982
1.353869574,0.1728432041,0.1774627458
1.305599023,0.5748566208,0.7760306601
1.384705425,0.2203237294,0.2290900126
1.397883453,0.2967850916,0.3193713208
1.087399455,0.3266490143,0.3427116592
1.213077555,0.5577045777,0.689916775
1.046978794,0.1374438103,0.138573239
1.017095645,0.1466615481,0.148938323
1.161682714,0.4982903952,0.5732890907
1.360359548,0.3534682417,0.3922244338
1.011786523,0.4534445952,0.4847722916
1.163560168,0.1275932817,0.1283505627
1.300446335,0.1449841534,0.1476669203
1.017244624,0.4487433692,0.4824982105
1.376479313,0.3221322621,0.3505602128
1.20984813,0.4375536794,0.4913168066
1.009017212,0.1427492494,0.144032493
1.127997194,0.4011227794,0.4342166849
1.336269423,0.4784267606,0.5803510059
1.370358033,0.503910509,0.6478719864
1.251377342,0.5286399833,0.6495683407
1.096843726,0.5340675744,0.6113459903
1.13270536,0.2135231185,0.2169272459
1.38101002,0.4966648505,0.6336387643
1.130908372,0.1481551247,0.1497430214
1.059456874,0.4711698578,0.5191648679
1.3923885,0.3925084659,0.4496652101
1.338906215,0.3308556653,0.3611447718
1.001885944,0.3140617134,0.3244141683
1.05355929,0.07452199086,0.07414507666
1.193324502,0.4950781046,0.5743954286
1.033415338,0.2241180771,0.226847842
1.005736366,0.2983040995,0.3074773901
1.061414128,0.369457907,0.3912559757
1.071711847,0.4568373613,0.5029729684
1.104518149,0.2803536485,0.2904812244
1.315653294,0.4032823183,0.4577908445
1.013965095,0.2542696647,0.259183461
1.318957237,0.3503762252,0.3859583528
1.373531049,0.1868597297,0.1914200277
1.362132634,0.1166993933,0.118318127
1.393142782,0.5507209411,0.7697878532
1.08301056,0.2302532658,0.2345664275
1.234866868,0.1661710295,0.1696756575
1.043907654,0.2914167745,0.3000460037
1.031944117,0.1470549876,0.1480371445
1.352338336,0.06889953639,0.06959910336
1.067015979,0.1729923707,0.1744640645
1.060754441,0.3721455516,0.3946625287
1.056948762,0.3862085667,0.4107372376
1.002414518,0.09200119363,0.09297829254
1.103994421,0.3649615038,0.3880249201
1.075807905,0.3430863917,0.3625277937
1.14701854,0.1601967734,0.1629638713
1.18069519,0.5006395318,0.5817830277
1.043464099,0.3133299913,0.3244777888
1.36384735,0.05077134603,0.05072897331
1.265090643,0.5792472192,0.760371954
1.128149593,0.1330365976,0.1338205133
1.104301224,0.09767587857,0.09780823368
1.321061406,0.2633671895,0.2779855049
1.25730874,0.4467076878,0.5178070041
1.388743151,0.5894998225,0.8767055004
1.096051483,0.1903450391,0.1920463868
1.178107511,0.1651614799,0.1678113236
1.155599092,0.2816591634,0.2951503258
1.393299788,0.4985348362,0.6415143828
1.244505002,0.4183329471,0.474577367
1.396653862,0.3987660915,0.4615005186
1.395132576,0.2005402375,0.2068496991
1.346882958,0.4854675119,0.6001519167
1.270553869,0.1564122257,0.1593068165
1.001448896,0.07887017599,0.07859950719
1.004493071,0.4045949503,0.4272962524
1.280727367,0.08322022203,0.0836309087
1.204766352,0.2940510504,0.3067510482
1.007595281,0.3989188943,0.4208380514
1.321727297,0.3959584263,0.4480006393
1.270782179,0.3899987591,0.4356786038
1.049628643,0.5208301175,0.5838760578
1.197867337,0.09553096641,0.09569066765
1.077364783,0.1545868885,0.1557781813
1.010542344,0.5796886529,0.657256588
1.255749567,0.3691998562,0.4067896783
1.315473407,0.05995433063,0.06022972643
1.132775406,0.4741229439,0.5326086845
1.167374919,0.2358730024,0.2434587769
1.245609888,0.2995049774,0.3172164411
1.117666376,0.5528263952,0.652600159
1.346121597,0.129782927,0.1311518072
1.033356832,0.4012942842,0.4243351961
1.354828764,0.2287130022,0.2391387385
1.041363185,0.4636184672,0.5043530415
1.127758901,0.5422273825,0.63846255
1.001100541,0.2698252126,0.2771286058
1.304136675,0.152914063,0.1559036804
1.183070352,0.4505115304,0.5091110492
1.023051215,0.5024434186,0.5569204822
1.221332692,0.2735443555,0.2870562008
1.294807651,0.1050314676,0.105797427
1.074843748,0.2742663124,0.2848384461
1.399294227,0.1242171556,0.1256064058
1.05675747,0.1683363165,0.1711486313
1.361457593,0.5299367233,0.6999314974
1.260576036,0.5585851531,0.7104140274
1.128496718,0.5836906805,0.7029248789
1.14278915,0.3564745753,0.3805186576
1.392937729,0.3521162371,0.3950426094
1.103824991,0.5284617265,0.6082609676
1.004675024,0.2823743631,0.2899234954
1.240716585,0.544512175,0.6740426728
1.043007986,0.5405759603,0.6101372007
1.084728942,0.3191800347,0.3330599517
1.370209812,0.1458921086,0.1484305182
1.094051665,0.3181748588,0.3337627717
1.018571667,0.1437679183,0.1440415243
1.290790169,0.2310967733,0.2406997093
1.377729221,0.4956904608,0.6269877074
1.185488361,0.1495420759,0.1503680346
1.264786209,0.4902875907,0.5880777221
1.30731714,0.5161522067,0.647390907
1.10078009,0.5500590802,0.6380897045
1.258362701,0.3974157891,0.4433714999
