task_id,layer,kind,formula,verdict,holdout_rmse,extrapolation_rmse,dimension,reference_formula,matches_reference
phys-buoyancy,base,gold-reference,rho*V*g,accepted,0.0086714,0.00848339,True,rho*V*g,
phys-buoyancy,base,wrong-variant,rho*V,rejected,,,,rho*V*g,
phys-coulomb,base,gold-reference,k*q1*q2/r**2,accepted,0.00598585,0.0053982,True,k*q1*q2/r**2,
phys-coulomb,base,wrong-variant,k*q1*q2/r,rejected,,,,k*q1*q2/r**2,
phys-cyclotron,challenge,gold-reference,q*B/m,accepted,0.00507573,0.00236068,True,q*B/m,
phys-cyclotron,challenge,wrong-variant,q*B*m,rejected,,,,q*B/m,
phys-elastic-pe,challenge,gold-reference,c*x**2/2,accepted,0.00589003,0.00354736,True,c*x**2/2,
phys-elastic-pe,challenge,wrong-variant,c*x/2,rejected,,,,c*x**2/2,
phys-energy-shift,challenge,gold-reference,(A-B)/h,accepted,0.0641222,0.0309727,True,(A-B)/h,
phys-energy-shift,challenge,wrong-variant,A*B/h,rejected,,,,(A-B)/h,
phys-grav-potential-energy,base,gold-reference,-G*m1*m2/r,accepted,0.00664254,0.00484022,True,-G*m1*m2/r,
phys-grav-potential-energy,base,wrong-variant,-G*m1*m2/r**2,rejected,,,,-G*m1*m2/r,
phys-gravitation,base,gold-reference,G*m1*m2/r**2,accepted,0.00688375,0.00619655,True,G*m1*m2/r**2,
phys-gravitation,base,wrong-variant,G*m1*m2/r,rejected,,,,G*m1*m2/r**2,
phys-hydrogen-level,challenge,gold-reference,-me*el**4/(2*(4*pi*eps0)**2*hbar**2*n**2),accepted,0.00744919,0.00223512,True,-me*el**4/(2*(4*pi*eps0)**2*hbar**2*n**2),
phys-hydrogen-level,challenge,wrong-variant,-me*el**4/(2*(4*pi*eps0)**2*hbar**2*n),rejected,,,,-me*el**4/(2*(4*pi*eps0)**2*hbar**2*n**2),
phys-ideal-gas,base,gold-reference,n*R*T/V,accepted,0.00606509,0.00805481,True,n*R*T/V,
phys-ideal-gas,base,wrong-variant,R*n*T,rejected,,,,n*R*T/V,
phys-index-vacuum,challenge,gold-reference,1/sqrt(eps*mu),accepted,0.0212973,0.0185376,True,1/sqrt(eps*mu),
phys-index-vacuum,challenge,wrong-variant,eps*mu,rejected,,,,1/sqrt(eps*mu),
phys-joule-heating,base,gold-reference,I**2*R,accepted,0.00528938,0.00530535,True,I**2*R,
phys-joule-heating,base,wrong-variant,I*R,rejected,,,,I**2*R,
phys-kinetic-energy,base,gold-reference,m*v**2/2,accepted,0.00508397,0.0052265,True,m*v**2/2,
phys-kinetic-energy,base,wrong-variant,m*v/2,rejected,,,,m*v**2/2,
phys-ohm,base,gold-reference,I*R,accepted,0.00736598,0.00621277,True,I*R,
phys-ohm,base,wrong-variant,I/R,rejected,,,,I*R,
phys-pendulum-exact,challenge,gold-reference,2*pi*sqrt(L/g)*(1 + theta0**2/16),accepted,0.00135393,0.000871652,True,2*pi*sqrt(L/g)*(1 + theta0**2/16),
phys-pendulum-exact,challenge,wrong-variant,2*pi*sqrt(L/g),rejected,,,,2*pi*sqrt(L/g)*(1 + theta0**2/16),
phys-pendulum-period,base,gold-reference,2*pi*sqrt(L/g),accepted,0.0118581,0.00998851,True,2*pi*sqrt(L/g),
phys-pendulum-period,base,wrong-variant,2*pi*L/g,rejected,,,,2*pi*sqrt(L/g),
phys-radioactive-decay,challenge,gold-reference,N0*exp(-t/tau),accepted,0.00476177,0.00313099,True,N0*exp(-t/tau),
phys-radioactive-decay,challenge,wrong-variant,N0*(1-t/tau),rejected,,,,N0*exp(-t/tau),
phys-snells-law,challenge,gold-reference,d*sin(theta2)/sqrt(1-(n*sin(theta2))**2),accepted,0.00883373,0.00635928,True,d*sin(theta2)/sqrt(1-(n*sin(theta2))**2),
phys-snells-law,challenge,wrong-variant,d*sin(theta2)*n,rejected,,,,d*sin(theta2)/sqrt(1-(n*sin(theta2))**2),
phys-spring-energy,base,gold-reference,k*x**2/2,accepted,0.0057766,0.00579946,True,k*x**2/2,
phys-spring-energy,base,wrong-variant,k*x/2,rejected,,,,k*x**2/2,
phys-stefan-boltzmann,base,gold-reference,sigma*A*T**4,accepted,0.00553959,0.00546602,True,sigma*A*T**4,
phys-stefan-boltzmann,base,wrong-variant,sigma*A*T**2,rejected,,,,sigma*A*T**4,
phys-surface-gravity,base,gold-reference,G*M/R**2,accepted,0.00527124,0.00500282,True,G*M/R**2,
phys-surface-gravity,base,wrong-variant,G*M/R,rejected,,,,G*M/R**2,
phys-transit-depth,challenge,gold-reference,A*(Rp/Rs)**2,accepted,0.00564293,0.00466753,True,A*(Rp/Rs)**2,
phys-transit-depth,challenge,wrong-variant,A*(Rp/Rs),rejected,,,,A*(Rp/Rs)**2,
phys-weight,base,gold-reference,m*g,accepted,0.00869578,0.00575099,True,m*g,
phys-weight,base,wrong-variant,m/g,rejected,,,,m*g,
