q1,q2,r,y
0.001616607318,0.00257791806,0.23697343749999999,668231.79810000001
0.003803709573,0.003036786788,0.1973123665,2676156.8620000002
0.0036624754270000001,0.004520158057,0.40418543750000002,910166.69660000002
0.003887604701,0.0026398260619999998,0.44799994739999999,457918.9828
0.003709588484,0.001662675249,0.17512772090000001,1800434.5560000001
0.0016565361180000001,0.0047577387359999997,0.24503022090000001,1172929.118
0.0019896192069999998,0.0022039455270000002,0.39163219570000002,255347.33989999999
0.0040277048890000004,0.001264218293,0.42168189919999999,257151.49290000001
0.003768916058,0.00114044368,0.4079577144,231993.21280000001
0.0042083760259999997,0.004754445209,0.25338263449999998,2803476.2919999999
0.0012241290819999999,0.0014615218810000001,0.446247797,80818.614499999996
0.0029148614810000002,0.002451602909,0.34188227630000001,551496.63049999997
0.0043600833629999997,0.0047204578029999998,0.45722329950000001,878781.27289999998
0.0046798944039999997,0.002934868912,0.15140335469999999,5403982.5199999996
0.0026124606839999999,0.0036057191510000001,0.26704274900000002,1174982.621
0.0027816648119999999,0.0031824139170000001,0.2364859467,1423279.523
0.0044390894449999998,0.0044411298549999999,0.35206833770000001,1432800.023
0.0040225294580000003,0.002445894579,0.26851821180000002,1230334.1610000001
0.001191413191,0.0038263459680000001,0.32539223179999999,389205.01640000002
0.0035833967719999999,0.0042215176829999996,0.2354663826,2443176.3110000002
0.0030381916210000001,0.0044498797499999999,0.20964546780000001,2783810.0630000001
0.0040765287270000004,0.004520827277,0.41409533929999998,960106.98199999996
0.0030229999449999999,0.002456902855,0.39248051389999999,432730.9056
0.001691026491,0.0048215486760000001,0.29621644320000001,833002.46299999999
0.0036222600850000001,0.001649211066,0.46578663269999998,247787.20610000001
0.0023023455349999999,0.0039333591700000002,0.31364086559999999,828309.66299999994
0.0039108720590000003,0.0046688708529999999,0.13091288240000001,9639742.4519999996
0.0038585990660000001,0.001530766126,0.18689451369999999,1526863.3100000001
0.0045818183389999996,0.001140154475,0.17469124990000001,1534890.3049999999
0.0049594492109999999,0.001740035173,0.1971187167,1982409.3570000001
0.0030415983649999998,0.0036575909069999999,0.18491657010000001,2920895.8289999999
0.0021205432630000002,0.0015494749119999999,0.41086606149999999,175266.81450000001
0.0029240394069999999,0.003143995463,0.3847054815,556486.88780000003
0.001658621665,0.0013618929259999999,0.16337193059999999,762934.11690000002
0.0042392701469999997,0.0049189791,0.34179784940000002,1609292.1969999999
0.0012741890410000001,0.0027685925569999998,0.1931852969,847986.50589999999
0.003745710369,0.001097200274,0.25007711420000001,589278.54630000005
0.0047875131179999997,0.0049528853939999999,0.35211866069999997,1725611.2520000001
0.0030785811419999998,0.002734603971,0.42829177499999999,414200.80430000002
0.0039248267410000003,0.0026609344680000001,0.35977133859999999,723526.79839999997
0.001982977415,0.0023617199069999998,0.26160311219999999,616743.34039999999
0.0037763312950000001,0.001965552691,0.43365316539999998,354493.9276
0.0017038746069999999,0.0023506097370000001,0.2429804331,610717.9142
0.004484006754,0.001891823851,0.2973148041,859453.73270000005
0.0046114776169999998,0.0022814544060000001,0.39258773260000002,607760.81909999996
0.0046939409220000004,0.0016796345479999999,0.1729934987,2354529.3650000002
0.0047465950289999996,0.0043816728570000001,0.18086329910000001,5703281.6909999996
0.0044038399449999998,0.0040474916480000003,0.30712605300000001,1698421.253
0.002756331842,0.0031245555379999998,0.18465912979999999,2256068.7650000001
0.0020063110320000001,0.0026596324850000001,0.1753490516,1552719.193
0.001029586304,0.0032134986270000001,0.23948968910000001,519366.45429999998
0.0027959870340000001,0.0026421292699999998,0.18163894380000001,2020981.2960000001
0.002454899095,0.0043974822529999997,0.3827359769,660567.76260000002
0.0029361413400000001,0.0023019108980000002,0.1787083786,1898659.7860000001
0.0042749299670000003,0.0034391537729999999,0.2491482256,2142772.9270000001
0.0016380845429999999,0.0024355738979999998,0.26775780630000001,500883.44900000002
0.0045015177599999996,0.0039961884429999999,0.42535146260000001,892299.70209999999
0.001583679254,0.003791551917,0.2187924155,1127681.064
0.003518655947,0.0028262671399999998,0.19287771579999999,2400849.6039999998
0.0024193471469999999,0.0015786566449999999,0.16198887140000001,1300471.3
0.0042615733530000002,0.001539595537,0.1305709571,3478708.8360000001
0.002878085827,0.0021503359770000002,0.22273189290000001,1131432.7050000001
0.002939194103,0.0015806969370000001,0.18033114510000001,1293965.7350000001
0.0048821247409999999,0.002523591971,0.13872524559999999,5729672.2609999999
0.001785347277,0.0031022437850000001,0.1474581881,2266745.3640000001
0.001874185372,0.0026694245089999998,0.37807701560000001,312045.13929999998
0.0033049450040000001,0.0033989104420000002,0.18924644869999999,2808544.4309999999
0.0034959538530000001,0.001877750896,0.35901701930000002,459147.97749999998
0.0019232803290000001,0.001396077748,0.43888873010000001,125040.22169999999
0.0019779681170000001,0.0042346643200000004,0.2710950916,1019357.0649999999
0.0049815426900000001,0.0044756526260000002,0.1631239988,7601563.7240000004
0.0016238383659999999,0.0046450704509999998,0.1749578376,2222679.7259999998
0.0046463458960000004,0.0032362578990000001,0.41739028979999998,770330.07220000005
0.001437406227,0.0043350974059999997,0.4363649852,294457.40509999997
0.0046979381699999998,0.0049576892709999997,0.1575860566,8454820.2620000001
0.002147610938,0.004127134165,0.37780036709999998,561569.2879
0.002743661675,0.0022252257260000001,0.30710041179999997,580815.47360000003
0.0038030706679999999,0.0036865649980000002,0.33692679330000003,1109791.936
0.0038444816930000001,0.0034219719770000002,0.15207324019999999,5108170.7560000001
0.003258682268,0.001952043885,0.33576619549999998,506167.70390000002
0.0030018596779999998,0.0019681074670000001,0.25198450010000001,834714.84490000003
0.0034616270629999999,0.0036671828810000001,0.37193544319999999,824216.97660000005
0.002327075018,0.001723614129,0.24428376060000001,606561.52830000001
0.002003678229,0.001013621144,0.14500920179999999,869619.46149999998
0.001343049812,0.0037641715510000002,0.1363228383,2442458.227
0.0025643435019999999,0.0041687454779999996,0.15569918660000001,3952688.4720000001
0.0044554575579999998,0.0042042643889999998,0.35470951039999998,1338045.3230000001
0.0015853077809999999,0.0037453131709999999,0.35635546839999999,421709.87339999998
0.0010512217900000001,0.0049153300639999996,0.27849312440000001,604725.59250000003
0.0020083886299999999,0.0044217692980000004,0.15260232739999999,3412195.5780000002
0.0034383626010000001,0.0024028979389999999,0.32818735440000002,682841.91799999995
0.0017645309640000001,0.001440086748,0.1383872894,1194295.804
0.0048282127940000004,0.0033701381419999998,0.17716262669999999,4621683.3729999997
0.0012069741299999999,0.0033972024289999998,0.28473908390000002,451458.3075
0.00294228515,0.0017053042880000001,0.3129964288,456183.29070000001
0.003270992622,0.0019365301740000001,0.15605069930000001,2362158.7659999998
0.0045445042220000004,0.0046200107159999997,0.39837588569999999,1188581.9169999999
0.0047924149279999998,0.0037861024429999999,0.23996960419999999,2830405.966
0.0015537331399999999,0.0025639615230000001,0.44862484829999999,178820.74770000001
0.0012945211499999999,0.0035498694199999998,0.2801139218,527101.92180000001
0.0020010719610000002,0.001047939833,0.1909941453,516985.45789999998
0.0044479245800000001,0.0045951468150000003,0.16906513300000001,6411928.5530000003
0.001767729485,0.0018405024530000001,0.44400712260000003,148074.9608
0.0032921451949999999,0.0033296303709999999,0.22675741290000001,1919087.6780000001
0.002615241733,0.0043370887270000004,0.20906138329999999,2320635.1680000001
0.0019147111149999999,0.0024352362860000001,0.271516278,566551.28090000001
0.0038678785840000002,0.0042781949290000001,0.30623500259999997,1582701.493
0.0031952698169999999,0.0025949710160000001,0.27114969049999998,1015378.575
0.0033299954300000001,0.0030827556020000002,0.4019680061,569897.73239999998
0.0016739887290000001,0.002161469224,0.21998384570000001,673344.88370000001
0.0021729306020000002,0.0049616404899999996,0.43115110490000003,521099.42790000001
0.0016539093029999999,0.0042666500729999996,0.27844329490000003,824920.30390000006
0.003767878257,0.0032427799040000002,0.1915119294,3008007.588
0.0021457707030000002,0.0033487688770000002,0.25077032700000002,1015571.904
0.0015638440280000001,0.004625694229,0.1336865823,3640177.7659999998
0.0040064058449999999,0.001286102951,0.32583402169999998,435329.41019999998
0.0047445023759999996,0.0045239101480000002,0.35770284870000002,1514496.4450000001
0.0046540371759999999,0.002452577242,0.43491443190000001,542694.13919999998
0.0039137102710000002,0.002343658059,0.38816161669999999,544348.56299999997
0.004821852792,0.0010788002450000001,0.29190535400000001,549942.57640000002
0.0020336514180000001,0.002598371304,0.24935017239999999,765472.86419999995
0.004178928032,0.001549290279,0.30164629539999999,638777.32250000001
0.001796053518,0.001599052743,0.35178663580000002,208000.68210000001
0.0019481805249999999,0.002579451525,0.1822971605,1355758.227
0.001224883911,0.0047133565519999997,0.26556735149999999,733067.6851
0.0016103738470000001,0.0042611547970000004,0.29915103580000002,690653.54229999997
0.0036071345230000002,0.0029818721469999998,0.42849716259999998,526325.88959999999
0.0025651260730000002,0.0033550161140000001,0.28789595350000002,935328.15709999995
0.002204421704,0.002795743063,0.39990115479999999,347383.64769999997
0.0025152498930000001,0.0016556373000000001,0.44775410799999998,187121.83910000001
0.0019887311689999999,0.0022718251590000001,0.13456534019999999,2239002.915
0.0010571612449999999,0.0035921443099999999,0.26148904090000002,501865.70069999999
0.0024980051370000001,0.0041047507700000003,0.35119986749999998,743870.68700000003
0.0030254166579999999,0.0010501369769999999,0.14085940020000001,1451044.902
0.001628048811,0.0028871537889999998,0.34084866959999999,364723.79060000001
0.003103958745,0.0011132720779999999,0.26625457340000003,437139.2096
0.0044306370770000004,0.0049031316150000004,0.43535085810000002,1032311.821
0.0035692876659999999,0.0035012785639999999,0.27734169829999999,1459113.0900000001
0.003835936279,0.0014108928249999999,0.16140575090000001,1863741.6680000001
0.0017754715380000001,0.00183398803,0.31683940770000002,290564.86450000003
0.0037347844989999998,0.0049043097569999999,0.26712994220000003,2306862.0639999998
0.0012427592410000001,0.0029278030840000002,0.36432789729999998,246989.98980000001
0.0015025209710000001,0.0014303892899999999,0.23890983830000001,336412.86300000001
0.003264194585,0.0019052863500000001,0.16406898540000001,2069208.5530000001
0.001613821794,0.0047649326050000001,0.41871298800000001,396498.26429999998
0.0038673392080000001,0.001686490532,0.28199103539999998,732621.81949999998
0.0013292505949999999,0.0042556809229999997,0.29384698139999998,590874.20279999997
0.002892504899,0.003463748986,0.41533785719999999,523187.61680000002
0.0033072370350000001,0.0048184182359999996,0.4692247491,648724.7023
0.0038935221239999999,0.0030812950760000001,0.29181220340000003,1268396.736
0.0020390425330000001,0.0018041851429999999,0.33436834069999999,297276.72409999999
0.0034556083420000001,0.0032789408900000001,0.1608910113,3920908.412
0.0040396959579999999,0.0033596385469999998,0.3722658955,874648.19680000003
0.0046453493090000001,0.001277755217,0.23227094300000001,986024.73690000002
0.0029637137369999999,0.0014169135359999999,0.26984534430000001,517891.5822
0.001154884301,0.0047037921059999996,0.1601420751,1907893.4439999999
0.0021885503170000001,0.0046360965969999999,0.15700652909999999,3700378.4079999998
0.0024687234479999999,0.0022685308779999999,0.13202068820000001,2895722.2710000002
0.0025985557,0.0024642430950000001,0.15783792990000001,2326236.6669999999
0.0025794449289999999,0.0035787350469999998,0.4545690302,401436.44439999998
0.0017892807020000001,0.0024930050650000001,0.3811164527,274586.91519999999
0.0025862576339999999,0.0046968149540000002,0.4024752076,676370.05200000003
0.00102756854,0.0048674874990000004,0.22927928389999999,860472.33669999999
0.0014536785409999999,0.0040311873159999999,0.32005431049999999,515275.45449999999
0.00135682367,0.001438641611,0.37803568599999998,122022.01519999999
0.004022234966,0.0020761904850000001,0.1900945922,2073205.953
0.0024700253710000001,0.002472619133,0.40393148699999998,338453.0955
0.0045554346330000002,0.0024228768019999999,0.1683404221,3478061.5959999999
0.003345248076,0.0021288668510000002,0.30060755389999999,709981.9865
0.0046006631759999998,0.002472840015,0.18479785309999999,2978982.6260000002
0.0040572160059999998,0.0021374616329999999,0.45449998120000001,376456.08889999997
0.0025706735539999998,0.0045899455240000003,0.36719726110000001,787121.51009999996
0.0025086195979999999,0.0036610974960000001,0.34656602689999999,686685.00970000005
0.0048003945020000001,0.0010088005179999999,0.42160469579999998,243860.38010000001
0.0043156138620000003,0.0049301332410000001,0.14215919639999999,9456910.6309999991
0.0028659608659999999,0.002002860862,0.18468321930000001,1507338.118
0.0026600872059999998,0.0037501221929999999,0.29659430889999999,1020650.334
0.0018171114000000001,0.002226301326,0.14199579740000001,1805873.817
0.002044309379,0.0044784405579999997,0.1758260821,2650301.7319999998
0.0020799594210000002,0.002608993856,0.43479798780000001,256512.3291
0.0020761052640000002,0.001140969036,0.4363469794,111447.56600000001
0.0021965441470000002,0.001494186605,0.46296077619999998,137387.7781
0.0031797470639999999,0.0021830734099999999,0.21963078680000001,1292758.71
0.0040425120090000002,0.0023576228359999999,0.26806529179999999,1186163.058
0.0029081059509999999,0.0046660861910000004,0.15011324509999999,5386927.6660000002
0.0040866430630000002,0.0011689929000000001,0.39844031009999997,270432.23149999999
0.0022915101719999998,0.0024397853890000001,0.41250410599999998,295204.55219999998
0.0040153483960000003,0.0041800900890000001,0.1993779517,3799263.3309999998
0.0024798259730000002,0.0029504222530000001,0.45527621419999997,318324.32750000001
0.0016064597330000001,0.0031170055739999998,0.3068645264,476287.45659999998
0.0037196400290000001,0.0023439043499999999,0.15141461680000001,3405185.4380000001
0.0049311775929999999,0.00100255902,0.35184154429999998,357929.31329999998
0.0029699461430000001,0.0049992112299999999,0.44924248259999999,661286.09239999996
0.0047292861640000003,0.0034903659309999998,0.16077441149999999,5731463.7869999995
0.0032034619250000001,0.002957910059,0.33064725919999999,784090.91350000002
0.002551739858,0.00465197436,0.21323648070000001,2348796.5839999998
0.0016500252640000001,0.0024534131110000002,0.13959363659999999,1863233.693
0.001796379889,0.001447122953,0.26984350709999999,320666.38189999998
0.0025839452979999999,0.0040900028579999997,0.14260575750000001,4712045.2620000001
0.0010478335529999999,0.0039143993760000001,0.17632186120000001,1184782.8060000001
0.002352241688,0.0039447389809999997,0.24047887940000001,1441624.591
0.0038143127659999998,0.0030983101259999999,0.2168170767,2247791.0950000002
0.0038455775630000001,0.001266180871,0.4322935477,234528.17139999999
0.0049154359619999997,0.0048154070780000004,0.2295626764,4038363.9849999999
0.0025046378630000001,0.0049062460029999999,0.19070715739999999,3025981.6869999999
0.001168981041,0.0012985974799999999,0.31514275289999999,137656.87160000001
0.003318512561,0.0018767462669999999,0.18645901270000001,1616253.3130000001
0.003519139464,0.0025648150140000002,0.14182989539999999,4028853.6310000001
0.0041222633519999996,0.0027093197330000001,0.30735254880000001,1064503.031
0.0023667833880000001,0.0026293881470000001,0.4145033743,326896.50790000003
0.0013566211200000001,0.0016458715949999999,0.2416129461,342890.22110000002
0.0027609462039999999,0.0040029294740000004,0.31387918329999998,1009955.664
0.004083056927,0.0027695466940000002,0.3862461566,680958.75730000006
0.0021097007599999999,0.002185038272,0.14333343549999999,2034432.058
0.0014040840429999999,0.0012710030049999999,0.22837321899999999,308210.07370000001
0.001901917469,0.002247032205,0.2335826812,701891.65960000001
0.0010635639959999999,0.0025813214809999999,0.45443027809999997,119745.52860000001
0.001165585067,0.0018033760729999999,0.29255589980000002,220693.77770000001
0.0031458826719999999,0.0035043074770000002,0.1782570098,3131541.4399999999
0.0035378387540000002,0.0024922108000000002,0.42743817140000001,432966.3259
0.004885320288,0.0047113630340000004,0.23691557120000001,3681065.6299999999
0.0029097281229999998,0.002267973634,0.15459789660000001,2474015.0490000001
0.0034733641770000002,0.0040101504660000004,0.45630914950000001,599022.97030000004
0.0037210879740000001,0.0042928758359999999,0.44732526119999999,716059.99349999998
0.0020390266560000002,0.0041729597260000001,0.20145521860000001,1881192.773
0.0027735786430000001,0.001322818856,0.45663204670000002,157395.03330000001
0.0025578444759999999,0.003730188915,0.46129454479999998,402332.79080000002
0.001517306485,0.001702450833,0.38371786470000002,156947.329
0.0027912723629999999,0.0022091421710000001,0.37667209159999998,389725.75319999998
0.0011415159680000001,0.0048059423879999999,0.26444634169999998,702632.66720000003
0.0043263485729999997,0.0020273577089999998,0.30007286890000001,880603.70510000002
0.0046581672569999998,0.0035328533159999999,0.43011085329999998,799613.65850000002
0.0014461696589999999,0.0016094434319999999,0.20473694810000001,502922.93420000002
0.001165910229,0.00196086056,0.4230326827,114347.8642
0.0018768019000000001,0.0036993148099999998,0.1914876553,1707958.564
0.0020340744299999999,0.003226355476,0.38915027759999998,390403.63329999999
0.003028242753,0.0033731180439999999,0.28912466520000002,1099077.7560000001
0.0019684363050000001,0.004751924508,0.44075354859999999,434242.17820000002
0.004463368891,0.0031658201859999999,0.46109739910000003,596024.95490000001
0.0010553297480000001,0.001719982846,0.20617083990000001,382907.77919999999
0.0040773403870000002,0.001332385092,0.26169185389999999,710651.3737
0.0030971501279999998,0.0029371909760000001,0.32868601539999998,754883.96680000005
0.0028427868949999998,0.0048389323289999998,0.3016082873,1366942.5079999999
0.002933165471,0.001438740204,0.23543291250000001,684436.01069999998
0.0045960512129999999,0.0022475819810000002,0.3261549708,877553.89229999995
0.0027496358120000001,0.0034610250700000001,0.29097590400000001,1011441.012
0.0014667631399999999,0.0032134267189999999,0.26853950370000002,583300.36060000001
0.002496629041,0.001695654923,0.19649792190000001,980634.5416
0.0048199717159999999,0.0023105952810000001,0.27293194250000002,1342394.713
0.004091401136,0.0042862969040000001,0.3200278138,1534682.8100000001
0.0013265118509999999,0.00384189372,0.26826818450000001,633425.74210000003
0.0033381912289999999,0.0043034531799999998,0.13593060470000001,6960537.1399999997
0.0026471439679999998,0.003487897386,0.31119706670000002,854855.05099999998
0.0043421757370000003,0.004965304054,0.22956480230000001,3673690.7259999998
0.00114167483,0.0016728554720000001,0.41163516919999998,100847.55869999999
0.003895112893,0.0029298860449999999,0.35590915029999998,811845.40919999999
0.0043661368419999997,0.0044906915600000001,0.46633396599999999,807583.79310000001
0.0028004989010000001,0.0037276411320000002,0.24514045200000001,1568260.7509999999
0.0047296231069999996,0.0025050842740000001,0.21562350199999999,2289642.9399999999
0.0021507800509999999,0.0031072900439999998,0.27395296679999998,799107.29879999999
