q,B,m,y
6.320429799e-19,1.705618245,5.644203613e-27,191034468.3
9.195899551e-19,1.215433301,8.612604674e-27,129559726.5
3.673290673e-19,0.5483398807,3.125121216e-27,65014000.54
9.177185129e-19,1.103096174,4.923368066e-28,2060772768
5.854135149e-19,0.8415731336,7.655907552e-28,639414075.3
6.706963789e-19,1.263987821,5.603967337e-27,152443502.4
5.625958016e-19,1.560127942,5.128367677e-27,170702300
9.002605667e-19,0.5206996866,6.735608474e-28,695055872.8
5.04152798e-19,1.041103442,5.747665714e-28,915047200.6
8.024460745e-19,0.4923305536,3.007018636e-27,131123686.6
3.403875812e-19,0.871882992,3.222369568e-27,92424202.39
7.411279518e-19,1.810717518,5.949296156e-27,226629124.7
5.318587463e-19,1.747613329,4.716399985e-27,197246224.8
6.530813353e-19,0.8590264309,1.489517641e-27,375409319.3
1.087164112e-19,1.191214845,7.191740359e-27,18027174.11
9.441413575e-19,0.5528793313,6.354747545e-27,82362079.78
6.125049266e-19,0.9934594216,9.099325063e-27,66838754.21
9.633013431e-19,1.240648007,5.24660761e-27,227950762.8
2.166777409e-19,0.585635274,7.659798029e-27,16526443.37
6.774920696e-19,1.007973633,4.846929378e-27,140401152
4.27034449e-19,0.5524537304,6.43828922e-27,36717517.57
7.883639245e-19,1.314631052,9.298479401e-27,111428836.2
3.462952998e-19,0.4071215071,8.825491357e-27,15894392.49
8.557199404e-19,1.477273341,5.274178648e-27,240093540.9
9.357287084e-19,1.01133608,4.760500902e-27,197932805
2.041147991e-19,0.8171575294,4.707108254e-27,35670278.6
3.93592254e-19,1.640774977,5.96427294e-27,107728577.4
1.834923051e-19,0.7053238823,6.402387936e-28,200762659.7
6.031562467e-19,1.919182213,7.593123821e-27,152289574.2
3.88225231e-19,1.352425742,1.81979047e-27,288813333.1
3.914362694e-19,1.371417141,8.96318118e-28,597200115
8.42153126e-19,1.855018675,8.214827809e-27,189408351.6
2.36145879e-19,1.811361377,1.53010857e-27,279890786
3.137198881e-19,0.2347369918,9.839282782e-27,7460189.491
1.686589862e-19,1.71089202,3.998192747e-27,72364857.63
3.486521807e-19,1.515679834,5.589835363e-27,94038489.49
7.458548382e-19,1.652024116,7.863181616e-27,156309541.1
3.967254661e-19,0.8226442857,6.20364375e-27,52680837.24
6.940820797e-19,0.6992042812,8.852418522e-27,54639976.03
1.863315433e-19,1.733480811,7.629325711e-27,42339529.15
9.254359681e-19,1.377145071,2.233002276e-28,5703384618
4.71807857e-19,1.974091649,4.000928939e-27,233102601.2
7.8063367e-19,0.8601973437,7.581313886e-27,88484811.39
1.001944735e-19,0.6549739623,5.946748935e-28,109796719.6
2.841086282e-19,1.767727662,4.358888434e-27,114457493.4
1.111795172e-19,1.054978271,9.523567101e-28,123536828.4
5.762281702e-19,1.38257191,4.171718521e-27,189896737.4
3.70301297e-19,0.1540392688,7.180386028e-27,7961404.162
5.70230057e-19,1.749650614,6.830010549e-27,145979577.1
6.269661707e-19,1.236174774,3.190230029e-27,243413588.7
7.80971067e-19,1.503688913,3.325313495e-28,3511762710
5.936484256e-19,0.4549578956,3.945596971e-27,68780886.08
2.485433804e-19,1.812316378,6.796785682e-27,66196961.55
2.606195953e-19,1.770877518,3.335068074e-27,138742108.7
7.143460012e-19,1.216328063,6.23085798e-28,1399849273
1.882431115e-19,1.438719374,4.020210632e-27,66837508
1.255826748e-19,0.2541571633,6.559896631e-27,4881397.214
3.152759068e-19,0.7040269153,6.165180396e-27,35856016.81
8.757977968e-19,1.513543891,7.235831718e-27,182689342.3
1.265426264e-19,0.1424596229,3.439811108e-29,522796800.2
7.682698264e-19,1.338625599,6.994322768e-27,146023476.7
4.620885853e-19,1.075597355,5.919736914e-27,83931774.41
8.207497938e-19,1.693429425,8.755557577e-27,157844998.2
8.66285083e-19,1.892362428,2.412680697e-27,675260991.7
9.82549043e-19,1.761218984,8.861006955e-27,197260292.1
3.09409132e-19,0.7462212622,8.282475405e-27,27914821.85
5.68926755e-19,0.7641748532,8.161227517e-27,53272991.1
1.109654645e-19,0.2984112113,8.453739178e-27,3918963.98
7.286008257e-19,0.5283482518,9.733320054e-27,39474107.32
6.112487806e-19,1.74927195,9.429362413e-27,113533976.5
1.826749051e-19,1.299333442,7.703647018e-27,30935291.45
6.681382071e-19,1.694236558,5.246447446e-27,216049995.4
9.62555698e-19,0.8125716029,1.870229362e-27,420585132.9
7.050002011e-19,1.113716093,6.168551225e-27,126877445.7
2.667941769e-19,1.983708874,2.873883792e-27,183729318
4.738671795e-19,0.3806092225,9.826315429e-27,18328808.58
3.978396238e-19,0.9102307912,5.711732282e-27,62952073.55
1.553262576e-19,0.9511687486,8.612504612e-27,17220721.53
2.924484913e-19,1.269674214,8.76661937e-27,42463457.89
5.244235508e-19,1.040142532,1.613275204e-27,340537738.5
1.610133779e-19,0.8380594196,3.722880303e-27,36056816.9
1.323583357e-19,0.7874139416,3.32422108e-27,31396424.21
6.860013403e-19,1.561996953,7.0973248e-27,150373969.1
2.655676625e-19,0.2681451281,9.146370525e-27,7807314.391
2.683508835e-19,1.86644496,2.600103411e-27,192547512.1
9.390322228e-19,0.8836815234,8.647290225e-27,95873440.1
5.417013373e-19,1.762825079,2.274860765e-27,417906719.8
6.132635368e-19,1.996245686,7.661593355e-27,158441838.4
7.340122828e-19,0.9941700005,8.358844679e-27,86968825.34
8.829216958e-19,1.971710988,9.818438491e-27,176179903.6
8.510398748e-19,0.9390198585,7.139356969e-27,111533345.9
3.633874171e-19,1.47075574,3.865555048e-27,138272123.6
6.84353611e-19,0.762755294,2.591819161e-27,200048193.5
4.020539581e-19,1.802409871,4.409610353e-27,163812738.9
4.213779483e-19,0.15333575,1.638225248e-27,39405553.01
1.041588285e-19,0.8034152466,1.424991711e-27,59131118.15
8.489890397e-19,1.86523997,3.756281655e-27,420262604
3.922738023e-19,0.1651407316,4.140009904e-27,15668529.9
1.52936984e-19,1.589907347,5.554587695e-27,44225413.39
1.606562373e-19,0.9081636356,2.635642333e-27,55374139.86
5.360986481e-19,1.641440405,1.439157246e-27,611977744.1
7.395211388e-19,1.427738683,7.166062027e-27,147359094.6
4.597459581e-19,1.60516657,9.140448765e-28,804823886.6
1.337165309e-19,0.7453509944,4.077347134e-27,24352230.99
1.111809982e-19,0.143083524,6.061679098e-27,2617552.613
7.284569981e-19,0.7637110153,1.746446254e-27,318368616.9
9.093900869e-19,1.041646781,5.393493119e-27,175989212.2
6.409891657e-19,0.964538802,9.367112331e-27,65713707.73
3.154666108e-19,1.665356694,1.342731473e-28,3927155149
9.585145042e-19,1.420595877,3.293107918e-27,413918832.2
6.34194331e-19,1.945429426,6.907264127e-27,178415842
5.989592528e-19,0.1931030068,3.948710931e-27,29195580.45
7.847121907e-19,1.843484556,3.449924938e-27,417238790.5
8.894215543e-19,0.6343691397,2.599533113e-28,2171751138
6.124349031e-19,0.3702241042,3.117457584e-27,73037639.32
5.760391471e-19,1.882745433,5.106493744e-27,211888504.3
9.152170821e-19,0.2575941515,8.007504862e-27,29494902.3
9.467572757e-19,1.274935768,9.673836337e-27,125046775.8
9.867964253e-19,1.876279838,6.772803181e-27,271867151.3
3.714541881e-19,1.680107798,4.336485173e-27,144378717.5
4.599002359e-19,1.05228338,5.644478917e-27,85790927.52
2.995127953e-19,1.467313024,9.145248567e-27,47965038.8
9.483883221e-19,1.789631664,8.381208815e-29,2.02902889e+10
4.700166118e-19,1.745761936,9.871231291e-27,83432313.44
5.171638961e-19,0.5681148396,6.258144918e-27,46962889.29
7.113816368e-19,1.643418378,9.093739716e-27,129403037.5
4.812014694e-19,0.1265409527,5.428301636e-27,11198393.64
8.13328273e-19,0.5377679021,7.916505988e-27,55691140.74
9.089156042e-19,0.5236052757,1.094239834e-27,433164092.6
5.133931633e-19,1.666592081,3.493922795e-27,244871576.9
8.412570819e-19,0.2542191339,1.791065446e-27,119864865.7
7.070639604e-19,1.318560489,3.226619655e-27,288055439.9
7.309680037e-19,1.469239616,1.218760721e-28,8749163470
2.429369406e-19,1.184076513,8.990681577e-27,31995658.74
1.992870904e-19,1.575836912,9.622431733e-27,32414152.58
1.486882005e-19,0.2817919057,5.070437492e-27,8259871.83
5.090222842e-19,1.94949971,3.486650064e-29,2.851491634e+10
3.619566385e-19,0.230816452,6.137264744e-27,13598160.45
9.420640262e-19,1.739209531,8.562683425e-27,190302940.7
6.945298633e-19,1.243918125,6.626761862e-27,130738750.8
5.441277752e-19,0.6419979487,9.411048204e-27,36981359.96
5.606400435e-19,0.7934448381,5.177027291e-27,85606455.41
8.79509103e-19,0.174086175,1.019640197e-27,149861541.9
1.989576239e-19,0.886193391,7.71546784e-27,22812450.09
3.465698383e-19,1.311091549,9.273686037e-28,488399515.6
8.779501129e-19,1.201917082,9.514795749e-27,110964278
6.960297509e-19,1.609231329,9.874458957e-27,112935543.9
4.325932478e-19,1.582206329,7.381373974e-27,91978432.75
3.465844938e-19,1.180962461,8.273019847e-27,49267294.62
2.11447917e-19,0.8432255978,4.463785354e-27,39720215.72
2.807656593e-19,0.5598646245,4.804831934e-27,32839343.18
4.763609603e-19,0.7806528938,1.951605225e-27,189809717.6
5.714058741e-19,1.001876421,6.969276705e-27,82626067.69
8.527666713e-19,0.7103752617,8.870198028e-27,68383231.28
9.606451168e-19,1.460953388,8.69610678e-27,160697754.3
5.385364941e-19,1.663176513,3.706221346e-27,240777681.6
7.433003224e-19,1.370021239,9.638575364e-27,105687881.5
4.776148659e-19,1.507377537,9.040037281e-27,79529032.38
2.134035272e-19,1.786871509,6.86577113e-28,550638795.8
8.351107572e-19,0.8749219548,5.380185344e-27,135613360.4
3.538373725e-19,1.043358796,7.184585909e-27,51542037.95
3.112852741e-19,1.246341279,5.315111847e-27,73085956.97
3.623594195e-19,1.731649021,6.967406343e-27,89352255.71
7.624321728e-19,1.824829406,4.47077299e-27,311041973.9
1.117958826e-19,0.9775445488,1.244552846e-27,87832137.12
2.76529272e-19,0.4091574354,5.583691272e-27,20264757.89
3.1255775e-19,1.46105103,7.997273654e-27,57318573.05
2.334354556e-19,1.83352553,7.453431014e-27,57267096.96
7.202764626e-19,0.9956062595,7.952035992e-27,90246631.65
1.535780794e-19,1.69326722,2.910105523e-27,88916216.06
6.277500413e-19,1.895458674,5.384121935e-28,2198885024
3.833806444e-19,0.4863124417,1.008619038e-27,184964431.9
2.807952133e-19,1.137881111,5.506100486e-27,58100014.37
3.615355744e-19,1.560980033,2.063103438e-27,274447353.4
1.651941092e-19,0.2417496074,3.087128873e-27,12908696.3
3.46589721e-19,0.4365315501,1.860065356e-27,81617237.2
6.151396296e-19,0.8110592814,1.520579275e-27,329523694.9
1.4391292e-19,1.913699269,6.443906521e-27,42974231.04
5.511994557e-19,0.7446597368,5.72457438e-27,72030108.13
1.673122982e-19,0.8955124944,7.290501044e-27,20393097.24
1.971609755e-19,1.73889955,1.016263164e-27,337262557.5
2.776525251e-19,1.72952537,5.980784446e-28,797132066
4.375984132e-19,1.842488492,4.798232651e-27,168397818.8
1.871399111e-19,0.3283745323,5.496951991e-27,11134060.22
3.227794626e-19,1.834815141,8.180303285e-27,72494803.18
2.641050972e-19,0.4629490276,5.024319422e-27,24097174.09
8.297821741e-19,1.37472031,1.870659133e-27,612178691.3
7.365313957e-19,0.1928664519,1.233006934e-27,115963694.8
5.737543727e-19,1.026446917,4.981224778e-27,117472249.5
9.38556057e-19,1.217321348,9.275047609e-27,123173523.1
9.206630533e-19,1.915818552,6.922769069e-27,255068747
8.810762425e-19,0.9071893073,5.186662051e-27,154123164.4
6.866027412e-19,1.096904635,8.713229087e-27,86158689.78
7.726660805e-19,0.8333140165,6.036479613e-27,107678254
9.254981649e-19,0.3448897761,5.286343077e-27,60399701.05
9.564573701e-19,0.97632545,7.539516699e-27,123199675
7.822600985e-19,0.8673701654,2.833362564e-27,238939670.6
3.725838801e-19,1.587376114,5.205684803e-28,1131450551
8.446220446e-19,0.8741870133,3.181719186e-27,233494922.2
7.906990818e-19,0.7609895989,2.461642529e-27,244256824
4.358647008e-19,0.4989812483,3.771728495e-28,573672308
2.154517185e-19,0.1837333829,4.479215401e-27,8846420.702
7.382743782e-19,1.561817197,4.161760486e-27,278098719.7
9.809162858e-19,1.572944157,6.691921704e-27,230628914.4
6.05971827e-19,0.8987196754,9.67662349e-27,56406585.63
2.183036042e-19,1.736493751,5.232293342e-27,72501223.98
6.679655663e-19,0.6470392132,6.321905174e-27,68283766.08
1.632019505e-19,1.605738173,1.862258337e-28,1410483721
7.741225762e-19,1.485692241,4.003992186e-27,286711322.4
9.554659023e-19,1.784125027,8.71296321e-27,195734046.1
7.702743699e-19,1.284419349,7.560459715e-27,130321435.1
1.940287031e-19,1.349557433,1.614302017e-27,161739317.8
8.018138453e-19,0.9123862993,2.394745782e-27,304760668.9
9.74120395e-19,0.6881454499,6.49894556e-27,102546108.6
3.597323276e-19,1.131063133,8.495551812e-28,478282480
9.364018041e-19,0.8732266929,9.050783856e-27,90630775.79
5.389636396e-19,1.778854728,9.143666388e-27,105136669
7.187964753e-19,1.093213177,4.586399135e-28,1713733371
4.08600903e-19,1.444242441,8.707383258e-27,67628348.93
6.836979837e-19,1.421081305,6.79904404e-27,143566364.5
4.675339523e-19,1.591406627,2.303152207e-27,324490764.7
8.578311961e-19,0.3174807673,4.46781659e-27,61124639.98
1.494408193e-19,1.597254644,2.747374852e-29,8681063616
8.137326858e-19,1.918393055,2.627550768e-27,594429420.1
9.241617962e-19,1.536279101,7.674982365e-27,184188750.6
3.898467867e-19,0.4454298342,5.119310531e-28,340003189
4.081456801e-19,0.1546373417,9.919019839e-27,6379757.352
6.315895774e-19,1.234095909,1.655259432e-27,471686672.9
1.095729928e-19,0.1994604767,7.940407693e-27,2750281.978
4.074832709e-19,0.8216160342,3.42105297e-27,97948455.57
2.352399359e-19,0.3021487062,8.884320597e-27,7995894.336
8.025750432e-19,0.1672248946,6.528553186e-27,20572366.99
5.156794222e-19,0.1738471886,3.858774569e-28,230667491
3.478610859e-19,1.81119682,6.740632876e-27,92685326.47
8.957893327e-19,1.550218987,6.009916392e-27,231196772.4
3.260308713e-19,0.692807157,6.136539429e-27,36850302.83
3.552614253e-19,1.944031617,9.997947808e-27,69171550.98
9.068685515e-19,1.114624213,6.861643239e-27,148252445.1
8.820164639e-19,1.582788938,9.90711465e-28,1404731568
6.334501784e-19,0.1876017241,9.342586546e-27,12730386.24
1.4825675e-19,1.309674507,6.111167087e-27,31610740.12
8.358314767e-19,1.689691848,4.735829232e-27,298391044.5
4.082686741e-19,1.03772859,8.078068283e-27,52517374.32
1.042962892e-19,0.7771932816,1.057055398e-27,76528807.1
1.001230472e-19,0.6234752955,3.833429163e-27,16252393.4
9.042650104e-19,1.502723554,2.155060559e-27,629695660.4
2.665682677e-19,0.5414869283,7.825418937e-27,18423218.19
7.360886935e-19,0.1511287646,8.702477509e-28,127989651
1.620844565e-19,1.349557096,6.300372943e-28,348928097.2
8.807921852e-19,1.963866687,5.902109954e-27,291440560
7.401593503e-19,0.9000151167,9.246889994e-27,72200751.59
6.419036988e-19,0.5372041851,6.448690885e-27,53753538.31
4.925233825e-19,1.122351154,9.261951176e-27,59802443.97
8.538870327e-19,0.9392428227,6.757643997e-27,118539521
5.393654781e-19,0.6579041428,3.272550842e-27,109178776.2
6.455296323e-19,0.9655099611,4.798465013e-27,129470940.7
3.797368658e-19,1.301068224,6.95577143e-27,71294986.27
5.603973125e-19,0.6709447004,4.169175626e-27,89808310
7.38764465e-19,0.2256570737,4.995833738e-27,33459819.95
5.111553723e-19,0.5793729713,4.761994341e-27,62170481.75
8.075961843e-19,0.2455936599,4.188198891e-27,47218992.17
4.829944859e-19,1.021762183,6.34941465e-27,77762770.01
4.034018401e-19,0.6911422131,9.920306478e-28,282291516.8
1.847556321e-19,1.930366576,8.711555353e-27,41035309.34
1.542130697e-19,1.885506303,8.220037523e-27,35362547.21
4.545102986e-19,0.9743680701,4.617535076e-27,95962838.87
4.105507544e-19,1.704126825,7.187270013e-27,96863237.19
4.414166338e-19,0.5305371533,6.593504202e-27,35739922.22
7.088238413e-19,0.6942334803,7.656310828e-27,64442172.76
5.646262248e-19,0.9184407074,2.92516134e-27,177595745.6
7.900652526e-19,0.4815519394,3.046618165e-28,1244486554
5.582730258e-19,1.787281081,5.255567622e-27,188614316
5.727879607e-19,0.2698236124,1.860177443e-27,82788430.18
4.36492139e-19,1.54937192,4.465164621e-27,150957135.3
2.417480677e-19,0.8689654784,3.646266968e-27,57530272.42
8.466205219e-19,0.1305159205,3.664141623e-27,30034179.86
7.266801628e-19,0.829770058,9.406034739e-28,641507298.6
6.604062873e-19,1.190797884,2.371258837e-27,330593586.4
7.30108088e-19,0.851184406,5.30689815e-27,116675545.2
2.734075883e-19,1.272531047,5.185310547e-27,67284794.69
8.882571314e-19,1.996342137,4.199787379e-27,423100827.8
8.261854765e-19,1.915443239,3.2170181e-27,489467834.6
2.575784537e-19,1.290783652,7.300069552e-28,456555050.8
3.654995746e-19,0.6633023645,9.783371814e-27,24721704.51
7.981709049e-19,1.097460255,4.225396694e-27,207758402
1.433027694e-19,1.086889853,6.683926969e-27,23441913.92
6.106662777e-19,0.8838269664,9.605454773e-27,56332105.22
2.708562503e-19,1.264214574,6.578981045e-27,52049585.81
7.852872683e-19,0.4905967558,2.806666577e-27,138274023.7
5.857448223e-19,0.403667477,8.977359217e-27,26491331.47
9.820304627e-19,0.1837415103,2.69443339e-27,66684914.08
7.247298351e-19,1.336537638,5.932974177e-27,163787068.7
4.807078791e-19,1.685373623,2.765282424e-27,293129256.9
5.979438845e-19,1.970373794,4.376279871e-27,266184954.4
7.820181877e-19,1.970576023,1.118063687e-27,1382312054
4.543599308e-19,1.395987814,7.177483721e-27,88118633.32
8.265328319e-19,0.9382904247,1.313929553e-27,588016109
3.48116309e-19,0.7235951234,3.327706187e-27,75214341.78
5.453253091e-19,0.8764935484,6.814441458e-27,70011845.92
7.174463929e-19,1.566459591,4.038241558e-27,277833908.6
1.476117174e-19,0.7361010229,4.592633499e-27,23590181.02
2.634928356e-19,0.1999861787,6.421382599e-27,8184923.885
2.696414845e-19,0.8945706581,7.834184939e-28,307514654.7
6.975014108e-19,1.8196232,1.651423955e-27,765142537.3
7.578890762e-19,0.3124165244,8.663385904e-27,27354726.1
8.965918299e-19,0.6815262099,1.426370186e-27,427432677.7
8.332138172e-19,0.3836944346,6.58203328e-27,48435960.35
6.625580003e-19,1.14510957,5.592049542e-27,135511007.7
7.445232753e-19,0.1432350055,7.371288478e-27,14500169.22
2.11981918e-19,1.516290382,4.806270568e-27,66881546.37
6.625035548e-19,0.6970987578,4.63357273e-27,100980968.9
1.335514763e-19,0.761010734,4.576337793e-27,22187637.08
1.234173646e-19,1.629216963,4.637937653e-27,43315734.76
8.104072581e-19,1.564379591,9.534290862e-27,132652035.3
9.385482719e-19,1.564413098,1.582885904e-27,931238721.2
7.659737776e-19,0.1302059975,9.253015742e-27,10785924.14
7.104118914e-19,1.868407323,4.419758288e-27,301811739.9
5.911649679e-19,1.761938893,5.034400741e-28,2067431517
3.392587766e-19,0.4588786173,8.410902883e-27,18423756.4
4.738747009e-19,1.472396954,6.090745243e-28,1136938756
6.366893157e-19,0.7709705471,3.928162443e-27,125586780.5
5.486645319e-19,1.91041265,6.695426127e-29,1.570208975e+10
9.66973691e-19,1.688565284,1.688707824e-27,966159064.4
5.815685663e-19,1.589792857,6.919246566e-27,133817757.9
3.038684647e-19,1.680278999,9.353567169e-27,54723386.64
3.593708042e-19,1.002410854,8.974073553e-27,40262931.46
9.445916413e-19,1.392110924,2.504867923e-27,524178475.3
9.256437059e-19,1.109144406,9.652570667e-27,105789009.6
3.560042735e-19,0.1763736642,9.135418262e-27,6862236.922
9.162972882e-19,0.9342300848,7.259114355e-27,118229103.5
5.602830324e-19,0.5997052249,5.664031461e-27,59614383.78
6.560895926e-19,0.9921473697,9.790259778e-27,66843824.15
6.784865623e-19,1.586267559,3.54509055e-27,303507419.3
5.169297841e-19,0.5646525329,5.697077508e-27,51292922.81
8.803929623e-19,0.8904251565,8.417031909e-27,92702170.99
7.852169047e-19,1.095064733,5.637634185e-28,1522354273
7.374539381e-19,1.01658494,5.535900674e-27,135807104.9
8.570409772e-19,0.3121371754,8.208434812e-27,32620450.21
6.770635883e-19,0.9471408549,4.222345481e-28,1511288569
1.341994326e-19,1.701383053,5.870479451e-27,38649131.85
3.284832118e-19,1.041492922,2.316952906e-27,148230483.3
2.159078138e-19,1.747000077,2.524038268e-27,149791809.6
1.465527227e-19,1.866818167,9.184415743e-27,29892013.91
6.707994735e-19,1.854072032,1.063575937e-27,1155521133
8.170439288e-19,1.021016156,7.57970258e-27,110236020.4
5.074438847e-19,0.7962132326,7.7648597e-27,51477284.62
2.257078456e-19,1.792950456,1.078733983e-27,374094386.3
7.536831037e-19,1.815822634,4.270302941e-28,3185822199
7.499903227e-19,1.964198887,6.49950089e-27,226482235.3
4.749317278e-19,1.440379035,1.899946649e-27,361413259.2
6.226697654e-19,0.7395243395,5.615773436e-28,823719150
1.304914611e-19,1.941783978,6.055143382e-27,41965463.45
1.053812591e-19,1.139608041,7.942365748e-27,15121259.16
4.035523628e-19,1.375718732,8.04510689e-27,68498407.74
4.241313193e-19,0.8604155163,4.00694652e-27,91309826.36
7.653829546e-19,1.267233954,1.232744306e-27,787168955.8
2.190341536e-19,1.90688057,3.008631713e-27,139151132.3
8.300834633e-19,1.261610064,5.113361404e-27,205140576
5.001867282e-19,0.1203915089,3.466088265e-28,174300651.6
9.381121456e-19,1.264389915,7.823842614e-27,152808209.3
9.270519055e-19,0.6350109391,7.80100039e-27,75212738
5.103388816e-19,0.330989026,3.05993657e-27,55045888.84
2.859098797e-19,1.309282782,6.591746223e-27,56675941.03
2.105489836e-19,0.5473867163,8.41166462e-27,13609914.94
7.778171372e-19,1.099719935,1.19258364e-27,724110455.6
5.898161465e-19,0.9853263223,7.920590439e-28,734996774.3
9.253566186e-19,1.495876215,8.95455007e-27,154559796.9
5.283902944e-19,1.30150083,1.607357092e-27,429819765.6
4.372322639e-19,0.4472498946,8.110255026e-28,241483408.4
3.056339721e-19,0.8817522888,3.966004672e-28,679922075.2
9.05832628e-19,1.218071158,1.651256996e-27,668135574.4
2.021904759e-19,0.7557521801,6.660816481e-27,22886730.75
9.388612786e-19,1.053700402,4.761452435e-27,208143431.7
7.834479054e-19,0.2547667208,1.601424615e-27,124280542.7
1.382986537e-19,1.553435201,5.372773542e-27,39892120.05
8.665661158e-19,1.772215622,1.090061287e-28,1.400506213e+10
3.034129078e-19,1.954956943,4.815668242e-27,122601431.8
5.719776581e-19,1.635188769,6.485433626e-27,143841745.1
4.376443255e-19,1.97976722,8.015080224e-27,107803712.2
7.958727598e-19,1.954050814,3.072989764e-28,5039311334
2.206891924e-19,0.615983323,3.666677176e-27,37177567.33
8.830285492e-19,1.888505708,8.34138329e-27,200340270.2
8.524069273e-19,1.935362696,4.535450466e-27,366718855.7
3.683006419e-19,1.585354483,7.875720873e-28,740578873.1
6.302984478e-19,0.1072153762,3.871601555e-27,17430418.32
8.17672133e-19,0.2331473706,9.30949684e-27,20352673.21
6.442794241e-19,1.758750417,3.470816553e-27,326350387
2.046300727e-19,1.800842159,2.246902532e-28,1646705136
2.510359475e-19,1.917096164,2.22067226e-27,216645215.3
3.593267756e-19,1.26353123,2.714314267e-27,166490989
1.850881153e-19,1.130870021,5.122640128e-27,40700104.95
9.585167895e-19,0.2546959331,4.125219819e-27,59261620.19
8.448405359e-19,0.3536646829,9.700382714e-27,30703698.61
9.078068976e-19,0.7179503331,9.515213696e-27,68529932.87
5.131063541e-19,1.316085935,1.39749437e-27,487640068.6
8.73113881e-19,1.507251017,5.700679008e-28,2298688343
4.731327423e-19,0.2246826598,2.703535029e-27,39231056.16
9.533696593e-19,1.587189265,4.602966957e-27,326098156.8
4.041421143e-19,1.215291919,2.228775685e-27,219627171.7
8.675332698e-19,1.456554088,6.920865363e-27,181828895.4
