L,g,theta0,y
1.411694322,11.555381840000001,0.1094754094,2.1972612119999999
1.0144758060000001,2.2822258629999999,0.3558594014,4.224547415
1.2731911490000001,1.811460649,0.88376893170000004,5.5268607459999997
0.76039340249999998,11.318032240000001,0.40012186970000002,1.6420673079999999
0.34898994589999999,1.9754864430000001,0.59460204890000001,2.6963782950000001
0.23953883040000001,11.447280709999999,0.50937919890000005,0.92375286270000001
1.736833077,11.28755265,0.51218964830000002,2.5049427689999999
1.7661807439999999,11.111556240000001,0.82419881210000001,2.6090186709999998
0.24591121539999999,2.2460691420000001,0.20580763050000001,2.0850536960000001
0.43721865139999999,11.859373039999999,1.059961795,1.291200941
0.99569133099999996,11.761775999999999,0.1777991105,1.8322101
1.111557506,11.92029125,0.60104285909999999,1.9618289849999999
0.57301177820000004,11.210261770000001,1.045167559,1.5157795080000001
1.4852950709999999,11.374561780000001,0.34346682919999999,2.287194832
0.86769818580000002,2.1696186289999999,0.41736630149999998,4.0152481309999999
1.4239729489999999,1.83108823,0.72847140659999998,5.7250989099999998
1.1198123799999999,1.8193546249999999,0.094129952439999998,4.9333462140000002
0.7711687223,2.3269554339999998,0.052719986019999998,3.6151926030000001
1.4166768000000001,1.8157991360000001,0.80829992439999998,5.7770237660000001
0.57692865630000001,2.0138850559999999,1.0703135969999999,3.603739247
1.5859263539999999,11.65717117,0.89700019740000003,2.4321771280000002
0.29669546489999998,2.1066117630000001,1.1783452160000001,2.561946872
0.9616397122,11.099610330000001,0.62804772399999997,1.8939628770000001
1.5051067389999999,1.8457296590000001,0.43285655309999999,5.7393853979999996
0.48388649080000001,2.2234784190000001,0.68056980899999997,3.016855777
0.53737158760000003,11.745286139999999,0.75810686279999995,1.3925135239999999
0.95625467529999997,11.311783200000001,1.1431928570000001,1.9765465879999999
1.657351249,11.60544631,1.009132379,2.526164096
1.0971350660000001,11.627394499999999,0.2223402709,1.936964489
0.8422175381,2.0564120400000001,0.40460117449999999,4.0623144140000003
1.6690232389999999,11.690303549999999,0.52284024890000003,2.4151730919999999
0.40582324269999998,11.593254979999999,0.087464813150000001,1.1782263900000001
1.211405646,11.556437109999999,1.0730825390000001,2.1801648839999999
1.7074018740000001,1.754789873,0.26045815680000001,6.2241562730000002
1.356922228,1.773362474,0.0970307277,5.5002781020000002
1.2162030020000001,11.18149846,1.0568774869999999,2.2172021630000001
0.74908668940000001,11.88617693,0.83007545660000004,1.64374804
0.75493704230000003,2.1783877399999998,0.17734472379999999,3.7052673600000001
1.1977008360000001,11.90513267,0.62349930610000004,2.0412428540000001
0.61383767919999999,1.9933296890000001,0.1728868257,3.4932589350000001
0.31133757140000001,11.99880518,1.0015394900000001,1.0757488930000001
1.598091862,1.813644169,0.99813555369999996,6.2624935639999997
1.2065091830000001,11.4754044,0.81396997370000002,2.1218983769999999
1.0146184899999999,2.3779233990000002,0.97961107889999999,4.3505015440000001
1.849677907,11.39251136,1.0429328259999999,2.702162264
0.37229099999999998,2.3825473330000002,0.18133479869999999,2.4930577719999998
1.6200706220000001,11.39670915,1.137408212,2.559181266
1.9692100299999999,2.1560083730000001,0.3022072328,6.037780207
1.406875495,11.097572919999999,0.58075522049999995,2.2849599409999999
0.86170167720000002,11.33535848,0.259795791,1.7410098759999999
1.205434994,2.319100524,0.23177964919999999,4.5439650919999997
1.460074415,2.0387094569999999,0.44789256080000001,5.385980773
0.29515636509999998,2.137239938,0.47787501999999998,2.3672829989999999
1.4869145399999999,1.6435166139999999,0.63481755740000001,6.1275705460000003
1.6415595730000001,11.402231329999999,0.81932552079999998,2.4815009739999998
1.7947819009999999,1.650009176,0.70581058350000003,6.7559742979999999
0.93983940030000002,2.128962757,0.93589201369999997,4.4046210099999996
0.65536835049999997,1.93547639,0.28431774240000002,3.675730019
0.78448182170000003,11.205577959999999,0.79618309450000002,1.7293664040000001
1.613530817,2.2897672939999998,0.74035010059999995,5.4547545900000003
