m,g,y
15.83981401,9.6768058490000008,153.4966881
14.420595779999999,2.5016145289999998,36.215298099999998
14.986905419999999,9.7661329230000007,146.34388519999999
3.5892121619999999,3.4331357320000002,12.289482270000001
2.0038069780000001,2.9721454330000001,5.9636592259999999
15.19347018,6.8460179800000001,103.47699609999999
15.648020730000001,3.112740439,48.284395160000003
5.0638953080000002,2.055109469,10.34676773
16.171164390000001,10.72888459,173.47408820000001
7.245122168,2.4949039470000001,17.94045362
9.3548960080000008,3.4371183059999999,32.311987569999999
7.9107770000000004,10.52741926,83.237055139999995
11.44399222,8.7488220190000003,100.414295
6.413663165,4.0165045880000001,25.785025780000002
17.939851350000001,10.41834834,187.42733899999999
13.126369800000001,8.1675412109999996,108.0173432
14.807120469999999,9.7995904310000004,144.10401780000001
8.6993996159999991,11.788506590000001,102.64682209999999
17.660595449999999,4.2866800400000002,75.724512349999998
17.17177555,3.6178227719999998,61.769060590000002
7.320476373,6.1077254200000004,44.715393880000001
12.012372969999999,1.6772475929999999,20.149383050000001
15.514001670000001,3.4521244690000001,53.548247949999997
17.87860555,3.596227523,63.800679359999997
6.7094613870000002,8.5348975720000002,57.420892270000003
12.16820416,7.4376208410000002,89.966091789999993
12.68250115,4.4027857209999999,56.02326592
4.9679483900000001,2.3438996670000001,11.66261976
9.1171395079999993,5.1586179019999996,46.765237319999997
7.2209973099999996,4.2436184790000002,30.563467889999998
12.38544767,4.0056035330000004,49.443661329999998
16.687194250000001,5.1878795379999998,86.954490300000003
2.6315317610000002,9.2988938860000001,24.38399021
12.55678943,3.201091468,40.213878039999997
15.513177629999999,7.6165394869999998,118.3315885
14.46421947,3.9005409709999999,56.393979700000003
4.2192477879999997,4.6092738290000002,19.532198520000001
16.4283258,1.898985973,31.297867830000001
15.91206637,6.1197090010000004,97.076678150000006
14.16530114,10.29388533,145.9902424
3.5569917719999999,2.6090138980000002,9.3862975899999999
15.187895360000001,7.2856061240000001,110.36437429999999
11.134110420000001,8.6481740540000001,96.511489400000002
13.46865977,9.6442652730000002,129.63927659999999
7.7975259100000001,4.8541184429999999,37.591052240000003
16.127312239999998,8.3561577200000006,135.6399763
16.46173989,10.96186322,180.5467592
10.426433129999999,5.0097045109999998,52.469695770000001
4.3338183280000004,2.674167057,11.581361019999999
13.285945480000001,9.7502300089999991,128.66895840000001
16.144252049999999,9.8807496239999999,160.65684859999999
13.662494840000001,6.2118478789999996,85.347548880000005
12.531214159999999,6.5713141759999996,82.130995929999997
9.687217296,4.5095217779999999,43.384660150000002
12.454010090000001,3.9393825389999999,49.081340699999998
15.5523291,4.3216889399999996,68.014231469999999
15.04966698,9.471259581,143.36001250000001
17.646436170000001,11.09579579,197.9030381
17.927288879999999,7.7525325599999997,139.5069033
6.6369862900000003,2.4768429379999999,16.324901520000001
7.2818285180000002,2.004868482,14.61655588
14.39417664,7.4318537459999998,106.5142518
8.4794814719999998,2.3363753429999998,19.742997679999998
6.0193242040000001,2.423240469,14.62612011
14.143405339999999,4.2253804539999997,59.371458730000001
9.6578438290000008,10.8491219,105.0598083
2.2858242870000001,6.1957837099999997,14.071918030000001
17.419794469999999,9.3935452890000004,163.79542029999999
3.8577613529999999,3.6793784610000002,14.309787099999999
5.8117133790000004,4.5632664949999997,26.472777260000001
8.2386412819999997,10.61567769,87.851237949999998
4.3152950800000003,8.8192611240000005,37.85189853
13.665231009999999,5.8210353960000001,80.064148410000001
6.7786855929999996,8.8013863860000008,59.828621830000003
16.170680059999999,7.8631588280000004,127.998884
10.967536340000001,10.976805949999999,120.5838505
4.1491008430000003,7.4311499559999996,30.824575719999999
2.9671499809999999,5.0271393260000004,14.902277010000001
9.4886572759999996,8.6240962959999994,82.197546860000003
13.483954949999999,8.2798359050000006,111.9876278
13.435126439999999,5.0919294019999999,68.739916989999998
6.9532336900000002,8.4017803180000001,58.112706660000001
3.4719950040000001,7.3312033239999996,25.355600720000002
7.1169789559999996,6.5054118939999999,46.367458999999997
13.694197750000001,6.1068061870000001,83.874859689999994
3.6417280430000001,8.7880175149999999,31.922773759999998
9.4282149749999995,6.6971541889999999,63.416270249999997
2.4523202130000001,8.8122992730000007,21.69916259
9.0004198570000007,7.4311744109999998,66.786352399999998
4.719771776,10.07284754,47.569868409999998
7.6594010719999996,11.69551145,89.419546060000002
9.2831003429999992,5.8491766409999997,54.511817919999999
13.06274325,3.5342982350000001,46.227523259999998
5.8805999260000004,2.950483454,17.258662999999999
5.8314122570000002,3.8815597140000002,22.541257649999999
11.59173481,3.8963906270000002,45.197209579999999
7.5030016149999996,7.5034834640000003,56.495547039999998
4.5553418170000004,6.7581691590000004,30.78446752
13.87939574,4.1837603799999998,58.117947770000001
8.2935879400000001,3.6482641,30.286649350000001
5.0507807480000002,5.6894212350000002,28.895850710000001
6.6492664929999998,11.739819300000001,77.621581419999998
17.928782129999998,10.94583312,196.53229450000001
12.81311296,6.852447164,88.516944789999997
17.451845890000001,10.73783062,186.6943315
10.26463699,5.3014169349999998,54.437162659999998
5.1228580270000004,9.8917762079999996,50.451187189999999
11.65187613,7.5207780199999998,88.349562250000005
2.4439222360000001,3.6856139290000001,9.0186231069999998
5.931687535,6.6859194469999998,39.82977193
15.321750059999999,6.3849909299999998,97.361955859999995
9.4517396209999998,6.7633734790000002,64.06778224
6.9791331420000002,7.9967100479999997,55.784149480000004
6.3661470659999999,2.6065422329999999,16.505080169999999
8.6754677670000007,11.555043400000001,99.934633579999996
10.629953,7.8165034750000002,83.531066050000007
14.741949330000001,4.1781396879999999,61.724625250000003
5.3967657830000002,5.4915492510000004,29.606435600000001
13.19357877,9.2793071830000002,122.61621460000001
14.557406869999999,9.8303950980000003,143.930803
6.0151945959999997,8.1253569670000001,49.028944529999997
7.2099103629999997,1.758756293,12.652704679999999
15.95530164,5.7375545619999997,91.681855260000006
2.2757380509999998,7.7873784510000004,17.645101220000001
8.1065356499999996,8.2724780340000006,66.806114930000007
10.95051632,7.0913157089999999,78.257927080000002
18.12973981,5.7440018200000003,103.67197760000001
14.59255053,9.3058360370000006,137.00424150000001
3.2407253570000001,9.457402879,30.63289404
14.334965410000001,5.6552249860000003,81.269625489999996
9.6531368929999992,10.15262064,98.155635559999993
12.487317839999999,8.2609005950000007,102.97670170000001
5.6358518520000001,10.08420604,56.764580410000001
3.3614189510000001,7.5795578130000001,25.343651739999999
9.8955945570000008,5.429245892,53.155457050000003
3.1530420530000001,2.7735974799999998,8.7330221859999995
6.2124937720000002,5.353352449,33.22045206
2.7180150649999999,1.938030414,5.2805686630000004
8.519637093,6.8690466140000002,58.555117129999999
7.3684651329999999,4.9370255890000001,36.472031659999999
9.3238920010000008,1.999427705,18.617244299999999
15.22471206,3.9814833850000002,60.413021559999997
10.601201639999999,7.6022358880000001,80.210150260000006
12.14798045,8.5507915440000009,103.7595266
10.864100130000001,11.82068509,128.42016709999999
9.3089787959999999,6.3464552410000001,59.183518919999997
3.0409759140000001,8.6461608240000007,26.43395508
11.827036530000001,8.1765369159999999,96.738819520000007
12.2576219,8.8769362619999992,108.07023479999999
3.4535261230000001,2.0772201309999998,7.1685043159999999
3.458190176,10.488963890000001,36.387002629999998
13.181653409999999,6.9419109890000001,91.81335249
17.75334269,5.415731955,95.771188100000003
3.3205452869999998,3.3882950699999999,11.330299849999999
9.5301081930000002,11.029292249999999,104.8161999
16.854761669999998,5.6124792960000001,94.717330070000003
4.9936887929999996,5.2114325770000001,26.031497250000001
9.3343068860000002,2.6098897810000001,24.457599479999999
10.26147229,6.5670012340000001,67.415493530000006
4.5541154519999996,5.2196954900000003,23.77393549
12.29295351,5.7220311539999997,70.024669410000001
17.544844080000001,2.26840821,39.858200940000003
4.8002538010000002,4.2353484909999999,20.35131552
11.84011039,2.397297375,28.377138510000002
4.3126384619999998,2.0450220319999999,8.8157402989999998
18.004188490000001,3.6299305839999998,65.499536980000002
2.2911371840000001,8.1694443030000006,18.624241529999999
13.105322989999999,11.44330063,149.9128259
11.1636734,9.0945739900000007,101.3490936
17.007059529999999,2.0896321489999998,35.662172650000002
9.2843096260000006,9.8388151090000004,91.572429110000002
1.9633947009999999,8.6157497710000008,16.850773220000001
9.5843622550000003,6.4535897110000002,61.677608489999997
2.6935022480000002,2.2869069999999998,6.1844875410000002
15.77743167,2.5382921899999999,39.744020550000002
16.33608753,5.2461767500000001,85.962833200000006
3.1099743599999998,3.4350283080000001,10.736770229999999
12.301789960000001,7.3485536720000004,90.320128659999995
17.47843743,10.337971120000001,180.99486160000001
3.818847785,6.7087819030000002,25.481520660000001
16.18084155,8.2625908219999999,133.04736449999999
15.30395335,2.5533193340000002,39.223134199999997
3.8344087450000002,2.5732951079999999,9.8311843589999999
5.6793968750000001,8.4974672309999999,48.392066069999998
13.274626659999999,4.492492446,59.054451630000003
8.9292943420000004,11.53037546,103.07049170000001
9.2441279749999996,10.00689674,92.862136210000003
15.88208732,11.53304747,183.7469179
12.28423724,7.8746320020000002,96.665182830000006
14.23530835,4.9549940110000001,70.578728819999995
3.4987204059999999,5.1745896360000003,18.057727239999998
12.88047974,3.9577129640000002,50.968013259999999
17.068585129999999,3.1899707230000001,54.390049349999998
17.11297545,6.74674101,115.1141099
8.1651254029999993,3.1752420529999998,25.946315649999999
6.4646458640000004,2.4575871619999998,15.98345632
9.4856124210000008,7.4207863539999996,70.292414019999995
4.5615880029999998,9.8832318489999995,44.902955439999999
3.033835013,3.7906807740000001,11.48059991
5.1109931849999999,10.276789150000001,52.581430089999998
9.9902034149999999,10.44976336,104.3984047
15.71809466,10.872911849999999,169.3440458
2.1769619370000002,2.1392688459999998,4.6744322900000004
13.92434113,11.75381786,163.7439937
2.2434706690000001,2.6646928550000002,5.9774908289999997
8.6361900800000004,7.3818157519999996,63.84559797
5.3993818989999998,10.36692309,55.506969060000003
11.284979509999999,2.7500478199999998,31.161695099999999
3.2147339119999998,2.765175503,8.9789202079999999
6.9948233799999997,8.7047508130000004,61.089755199999999
6.207801806,8.3406754339999996,51.814750799999999
4.747482851,11.750785369999999,55.60271024
6.7345081579999997,9.9237975370000004,66.709392789999995
15.4238371,7.8610094330000004,121.0219987
8.8545117990000008,4.4590063259999999,39.482193819999999
10.73261477,11.671662299999999,125.9761316
2.3036102020000002,2.8491902730000001,6.5435377470000002
17.354595110000002,11.163702410000001,194.11757929999999
13.41629736,4.108165735,55.037308869999997
12.279974599999999,10.464802239999999,129.06335720000001
14.243366959999999,9.5918731719999997,136.2726251
6.8762155050000002,3.8222698240000001,26.153067610000001
17.23393441,5.2818150480000003,90.980928250000005
15.90638953,8.6553784940000007,137.58302399999999
3.220992452,9.3905187750000003,30.174282789999999
15.163535019999999,11.32970422,171.76975089999999
10.486179140000001,4.8057237739999996,49.962994340000002
7.7444212700000001,2.5868388539999998,20.036962259999999
14.968137179999999,5.8544517669999996,87.278526020000001
2.946537915,2.3237645300000001,6.8360702780000002
12.59225685,2.612902831,32.967032500000002
14.135658859999999,5.5600534369999997,78.634129450000003
8.0033091380000005,10.25198718,81.92989498
16.116780110000001,3.8318878390000002,61.597121680000001
10.77470864,10.21155145,110.2842739
3.9380479209999999,4.5478249059999998,17.7835058
4.7564401329999999,11.05305246,52.963199179999997
8.8356653989999998,8.1581129830000005,72.484241319999995
8.3512725759999995,1.68273191,13.960218490000001
11.639282379999999,3.1426899229999998,36.636532189999997
3.5108932730000002,11.47824001,40.248586000000003
15.78500127,9.8552834180000009,155.49091079999999
10.39024238,10.437387230000001,108.33989
12.38815694,11.222682900000001,138.6212012
11.6587677,3.2224807279999998,37.388389349999997
8.5782358540000008,10.4485435,89.474520269999999
12.295840370000001,3.8289619880000001,47.001386089999997
13.230304950000001,11.3936817,150.94552200000001
6.6569391659999999,11.535577719999999,76.621304539999997
12.514143779999999,5.1604310030000002,64.763469959999995
17.145534510000001,6.8897252699999996,118.3180723
9.4727916459999992,7.1325088599999997,67.565288260000003
2.064177178,10.263325249999999,21.10141411
8.8535244790000007,11.10956195,98.170273159999994
15.979432989999999,5.5679095470000002,88.84200414
16.447481880000002,6.1422804519999996,101.1426714
17.464591209999998,4.2326481210000004,73.898574909999994
9.6473537349999994,6.7980886040000001,65.593621600000006
15.763288579999999,3.9491276599999998,62.647729890000001
10.31960997,5.6979266529999997,58.589879799999999
