A,T,y
0.4415523253,351.6688875,383.6006148
1.482550735,799.5566449,34532.91818
0.8986807137,735.9184754,14981.26676
0.516079567,542.0445913,2501.957131
1.348237068,997.4706051,75343.44855
1.957501099,860.0494721,60496.99179
1.329792569,843.8575242,38267.10866
0.2452045664,365.5237217,246.059888
1.701261566,816.3012269,42734.67281
0.4590116048,776.0970368,9404.162177
1.082408014,923.740051,44613.27079
0.3658984152,856.54261,11208.7874
1.051596618,950.9280509,48835.69292
0.2768923922,654.9611616,2877.145318
0.2946181857,605.1634982,2243.449798
1.052548622,940.0972059,46672.5425
1.693489764,924.3460843,70352.1371
0.3532249168,788.0612186,7721.559522
0.1480980019,621.1137886,1248.324725
0.4059006716,927.6478089,17064.68282
1.270046483,944.3319514,57471.92014
1.335402194,331.2122191,913.4372353
1.99274602,506.4055861,7444.026692
1.382065729,826.7283717,36418.68504
0.1485835016,540.3670232,713.962067
1.757566442,780.9451574,37217.64625
1.874367356,740.3216913,31798.25446
1.391673078,308.4347599,714.1396158
1.280114254,649.2990814,12928.25614
1.504377923,390.6826102,1985.149923
1.246363279,435.4975265,2531.431343
1.294205415,798.6771958,29948.26629
1.056752018,719.9965882,16115.84039
1.026930807,421.7823181,1823.858184
1.501146799,925.3092377,62375.85525
0.6339055998,374.9134306,713.4845003
1.486617748,397.0815181,2100.20269
0.5970683043,327.1666342,388.6646144
1.52235776,978.8409092,79133.4497
0.9967490182,397.5313817,1405.163608
1.176891402,774.7270526,24105.15368
1.637185623,830.2481623,44050.17163
0.8789139397,970.1015679,44007.77966
0.9391401103,413.1996573,1560.444396
0.3482432365,757.3434037,6490.090144
1.773724351,582.5210739,11655.89376
0.316189385,797.4214793,7173.40058
0.1262118115,930.8550904,5373.932898
1.255597579,904.6309091,47761.73147
0.2694208642,347.1266776,222.676208
0.7612249367,501.3639739,2724.729149
0.599527651,430.962008,1178.519604
0.1937195492,550.0290664,1008.978985
1.632421967,429.648274,3145.637873
1.617031537,810.8362316,39431.0931
1.162266632,610.7485597,9150.078676
0.2999042479,532.7585167,1356.224448
1.739275923,914.5288421,69178.42934
0.1681535341,665.9172552,1878.595774
0.5964215052,320.0385086,353.5678083
0.1434652928,709.4817418,2052.928091
1.997895216,498.54165,6986.434865
1.676737244,789.9132849,37047.0142
1.395484407,831.9501362,38137.36279
0.7599603429,629.9247034,6786.528106
1.689383119,355.7459096,1542.363098
1.218514308,851.8413766,36360.03243
1.205837778,566.1963435,6953.861307
0.764875395,455.180457,1847.552334
1.927455872,466.2667141,5186.540787
0.8795636092,703.2220383,12120.42106
0.3889697873,874.5453349,12880.07289
0.5223306438,887.3887445,18399.38968
1.323340868,580.4351684,8544.010251
1.122006153,906.4197092,42799.82523
0.969170294,447.0502173,2192.47408
0.7581985914,570.2125142,4562.257696
0.7405138387,428.4130144,1419.425747
0.8050032975,834.4462954,22053.71897
0.3255801773,921.7642245,13301.48863
0.893701021,509.7856878,3392.523058
0.5267678964,342.2320595,409.443104
1.842206525,907.2711286,70577.34787
1.391538251,718.8229978,21118.84251
0.4730757254,883.0849744,16254.52431
1.052006208,603.5482534,7872.539334
0.2679801509,398.3217586,383.8420094
0.9144670865,399.770435,1329.306921
0.5184436768,401.0863874,761.5275623
1.039975188,966.3305925,51577.48096
0.496095557,956.080854,23433.93739
1.88169266,520.3236279,7823.480903
0.1637385488,657.7685827,1721.350629
0.5790108297,448.3459142,1325.174584
0.608813621,658.2062339,6508.294509
1.839439181,504.6584586,6742.702845
0.1016281123,702.5404875,1402.297356
1.68507862,553.1396631,8966.357278
1.433681366,901.3773868,53469.69162
0.5734430679,549.4137602,2952.326151
1.787436246,787.6073794,38975.66459
1.069010799,906.7138988,41420.35958
0.2038134192,482.895719,628.5116349
0.787281806,602.0246315,5867.954612
0.2540649866,905.1686437,9640.078164
0.4097007492,849.6802683,12095.99265
0.3052840754,774.3278996,6218.509942
0.657748694,876.297279,22099.48432
0.8310667967,953.1124388,38776.74022
1.53136638,701.6047656,21103.3665
0.6087905948,836.6758114,16943.07329
0.8691968947,440.8202624,1839.70984
0.7364983759,494.7710835,2507.576306
0.1357469891,618.2238714,1132.017534
0.9450062511,503.9432604,3460.237966
0.4860893098,437.3105059,1006.976631
1.526413109,638.7302287,14456.49711
1.745640764,890.3921989,61821.53323
1.112575314,652.8345573,11517.63226
1.186525699,482.6589638,3656.300756
1.164330428,854.8643917,35158.73433
0.8026334007,708.1573327,11443.74885
1.575043774,683.6354638,19489.91006
0.3246217776,998.2603594,18327.87817
1.867062105,365.0516998,1880.898762
1.256335411,877.8996778,42253.37811
0.7337596986,577.3105122,4652.583234
0.2293558106,492.8937991,771.8527422
0.3442172654,575.3470989,2142.180956
0.6611639143,437.5319974,1369.392122
1.002188787,896.110245,36651.35406
1.277678456,796.1763305,29193.27057
0.6578013738,803.9728289,15440.38455
0.2012646748,867.6117898,6394.545202
0.1758505433,309.0632274,90.8815839
0.1805797633,912.8536174,7134.614589
1.422655979,879.2959989,48121.39095
0.2415201392,388.023899,311.3705981
0.3135506097,477.0873573,916.4077005
1.934726667,850.7618278,57893.06718
0.9237019327,680.2675039,11305.60953
0.2399451444,402.8343427,354.4132845
0.4348854348,566.219927,2527.929798
1.396554045,660.3649642,15078.32232
1.933471424,487.1987636,6161.626665
0.2685258339,820.3037483,6877.846056
0.5421629372,753.085812,9881.978297
1.639891682,432.7907879,3253.557029
0.4573320381,531.5820908,2058.741835
1.672133738,489.3733023,5446.371944
1.463279861,782.2213903,31128.5673
1.635011269,590.8330677,11237.25961
1.477140006,515.236671,5862.541531
1.527310923,873.0008715,50500.66094
0.9581101793,918.7658612,38814.4831
1.202709453,431.5933625,2362.126964
1.594587069,399.9382032,2321.360584
0.6751056204,745.8844778,11894.81412
1.799108845,925.6060892,74725.56538
1.639963611,941.784128,73449.82537
1.616109965,701.032061,22194.64352
0.3124033334,646.7999355,3112.135961
1.281305382,635.4696761,11873.18132
0.1406079304,961.417084,6816.186253
1.463415626,528.5905139,6500.330172
1.03227337,953.3685375,48562.49831
1.690650467,597.3037789,12207.36278
1.858161025,535.8372513,8658.911854
1.593637265,324.0076149,990.9269865
1.903945964,655.2670842,19846.87871
1.578516239,936.37987,68942.07878
1.418646514,612.0028059,11265.33257
0.3180151441,980.8388835,16809.48944
0.2960006724,728.1714716,4729.63986
0.1988824914,474.7649493,573.8145677
1.549212409,492.6144724,5165.173544
0.7439283246,527.2282803,3261.090416
1.183226855,921.4892456,48503.88697
0.4610516465,930.5345726,19803.75323
1.222940039,632.833467,11039.33942
1.903717807,941.1198593,84442.23029
0.4553018058,966.5021906,22673.75324
1.815951164,566.8161119,10651.90183
1.805690058,448.2924428,4134.616212
0.7034209436,809.7100375,17140.12376
1.864059026,464.1824352,4920.828267
1.62713849,809.7842104,39874.23301
1.004997364,863.6711758,31851.69749
1.060088146,681.4602656,13008.75847
0.1766216876,954.9098535,8289.094418
1.113448118,960.7267817,53319.28937
0.5627051472,848.6189157,16492.30265
1.589414108,751.2022156,28646.61045
1.47510108,600.2456696,10856.53418
0.7751491074,999.854692,43792.357
0.3438094537,513.9914516,1370.778862
0.8551701122,545.098394,4282.473662
0.2425312203,552.2093147,1282.607051
1.561270288,489.8120697,5106.780646
0.3426992662,914.6572628,13622.1811
1.880302751,557.3471422,10279.69505
1.89167711,709.1850732,26975.70572
1.080666725,720.937909,16654.58021
0.4395694339,502.7282729,1583.641939
1.617176871,812.2710917,39909.904
0.9175365282,893.7068201,33064.28666
0.4274100694,852.1755533,12766.46293
1.353357979,705.0233899,18944.30021
1.452652002,397.9012249,2064.7762
1.685193369,338.2470624,1251.046808
0.8862519778,510.4488479,3395.618097
0.7274645184,862.474447,22717.28568
1.195862131,993.532754,66067.5656
0.7126634194,957.5775834,33826.68136
0.6432487672,767.1768126,12683.96765
1.788769894,377.396709,2059.584228
0.6465571782,366.9152535,665.1952697
1.912685524,788.0074006,41942.46044
0.2059026401,374.7289615,229.5410545
1.052326371,576.746,6637.948398
0.2349501961,511.679392,918.0228141
0.736339824,497.5361493,2562.640827
0.4601734202,597.5302705,3329.788226
1.340955302,571.6869982,8078.093831
0.2620904805,596.8490587,1892.789489
0.2747497966,393.8536723,375.0598989
1.459737962,984.0364395,77406.31972
1.13309362,478.9843472,3400.380361
0.5925041493,945.7336123,26790.44255
0.1745112001,772.9964535,3537.455447
0.9278942228,777.9872816,19342.85782
1.034630858,632.9250048,9406.718235
0.6436651785,636.1979012,5978.930026
1.491814416,870.4349396,48034.34035
1.353394866,322.5346817,833.7502812
1.327538625,637.2832226,12423.89354
0.8567857406,783.5928,18327.18859
1.290447702,658.1576696,13671.43674
1.208974898,941.3815959,53789.89077
1.07832952,655.8149387,11260.80915
0.3008578954,451.8274007,709.80646
0.2840248062,932.5415178,12159.43066
0.9282943418,662.2258603,10092.2557
1.426519044,569.6746423,8559.74576
0.4553075978,577.7353875,2886.019275
1.504428237,575.0033038,9327.304756
1.363099452,891.4850251,48482.40871
0.1490440685,508.3084954,562.8122025
0.3581745936,750.8582038,6446.69472
1.197024784,882.1500255,41331.26763
1.048212866,513.22649,4147.254106
1.504872382,507.0184653,5649.423347
1.893607799,919.3794577,76652.4761
1.487860031,892.3080831,53725.94154
0.5628767464,408.7417816,894.8493292
0.7689458279,943.1296523,34528.36813
0.358169197,849.728095,10565.21901
0.4051037012,961.242345,19794.23958
0.8514931791,836.2678035,23653.29877
1.628567048,653.9005109,16896.51489
1.036928746,463.2698099,2703.202577
0.1385141414,707.717775,1970.522483
0.5810504974,427.9908717,1103.407409
0.2624570716,768.6173587,5206.550736
0.4844190028,823.8836869,12631.85181
1.463443599,581.8438198,9543.237308
0.915223203,551.4586261,4794.392876
1.446274881,350.8867012,1236.210309
1.316305072,467.1047843,3541.296293
0.9764702725,471.8046933,2745.692825
1.193264318,898.4098619,43803.78992
0.7300772437,361.7246674,710.2849685
1.416436471,337.9362614,1047.094413
0.1484793232,366.8292021,151.9432792
1.179822316,647.8519698,11757.45345
1.952248498,888.6595009,69356.42854
0.446667685,668.5924122,5054.047952
1.660545626,631.0704828,14965.9241
1.356753482,356.8831536,1257.255712
0.8082305536,605.5787534,6154.291398
1.0765913,731.3448327,17481.20664
1.229754992,996.3022311,68307.95648
1.892393878,836.3967095,52692.06463
1.158392977,877.1597875,38731.72676
0.9844142394,430.0920564,1914.044218
1.550752574,342.8949443,1218.409051
1.945098136,472.5254115,5514.068944
1.435557479,521.5265626,6006.81903
0.8617936401,346.5345687,702.3285121
1.934479389,833.9885796,53038.5206
1.922309744,863.8734873,60864.76936
1.622540079,698.2695716,21989.24066
0.8174386122,926.1956475,34197.70894
1.355953169,930.4597099,57347.40068
0.6497436504,997.4518003,36489.83636
1.434317907,951.6189497,66200.32156
1.80939629,899.2891188,67263.21119
0.3822484394,872.6896159,12618.30001
0.825982968,516.754575,3331.919049
0.674048426,304.7365126,329.6913304
0.6678284737,717.999711,10033.79599
1.595791227,369.9493785,1688.901306
1.351581908,739.8291055,22988.17065
1.549352315,382.5248389,1888.333628
1.465396837,332.1086407,1003.903752
1.466590911,773.8032872,29906.63264
0.7316553419,550.9505528,3811.413837
1.067699697,625.0339912,9233.847141
1.082836386,885.2598262,37656.89477
1.964839728,307.1335468,991.4548586
1.766164506,570.2890044,10557.96309
1.785299083,689.5187572,22868.36065
0.8829086085,350.981953,759.4871519
0.3809007105,368.0684346,397.5281265
1.35103533,700.996432,18461.06098
1.915174963,977.9021534,99579.85477
0.7649623951,742.255817,13095.0125
1.074674397,900.2395164,39914.34385
0.9734851128,564.9280362,5579.398357
0.335400973,429.592932,643.8915835
1.894524284,959.0349261,90559.46712
0.9369861289,573.3110046,5714.252394
1.448573472,925.5047474,60311.26856
0.7841724558,813.8110193,19469.96326
1.992667366,493.6739081,6734.754121
1.062316385,361.6522476,1028.57864
0.6449396527,935.6003887,28090.9895
1.590761105,554.3657121,8485.206885
1.562869228,333.2347836,1101.301443
0.3190377714,767.0664972,6314.839246
0.7221270727,666.2676654,8023.698378
1.041462923,404.4900942,1582.706264
1.855141854,340.7851067,1417.7256
0.3340883301,708.4849641,4756.476834
1.200808262,579.3186426,7700.943228
0.8301137823,671.5435227,9544.079257
1.359674894,341.3885124,1044.987851
0.5994289119,520.4966313,2491.872623
1.369284274,672.6351257,15866.82997
1.674051208,901.8431055,62877.83173
1.62765924,783.3638705,34784.19452
1.901901274,511.3256196,7310.889769
1.750091427,944.4262669,78959.61301
1.61308171,670.8254079,18456.16523
1.403458927,809.3159658,34084.92646
0.8958357505,481.2826348,2729.107314
1.580138754,889.6688779,56039.39691
1.046361662,875.924447,34883.72434
1.814829609,626.2161568,15857.70585
0.4528287398,315.7462865,255.2584195
1.495833048,871.011891,48766.64304
0.8331708579,391.4900705,1115.502309
0.6962767817,439.6465793,1473.006904
0.6616773565,976.3143514,34110.11854
0.5060116168,749.8597209,9064.620186
1.614789894,817.3168518,40955.51533
0.9806284281,717.608403,14746.28877
1.157811093,517.9818847,4712.492582
1.122506497,810.7816148,27533.8736
0.5277818375,458.5038407,1318.608676
1.74439178,318.0627349,1006.732538
0.7123739007,586.4416929,4782.950276
0.2473286206,916.2950431,9876.142198
1.067682699,962.1577422,52075.58008
0.2291133818,697.0384959,3057.981802
0.6000983766,483.8728896,1859.640086
1.606884708,538.0450833,7615.615797
1.87347223,363.8163477,1859.557459
0.7068477124,901.1219204,26368.13819
1.491043983,860.834654,46365.64804
0.9988871429,724.9222939,15588.10073
1.773658166,415.9042795,3017.460078
0.9004527604,984.7961094,47952.88379
1.436920713,559.1343098,7929.698905
1.13254451,845.4339166,33009.21338
1.604041,952.7255499,74400.08477
1.820874525,439.6733009,3849.981908
1.531924825,703.8699322,21307.77924
1.319657131,903.1068016,49884.92866
1.819512815,317.1243947,1038.431056
0.4506938434,340.8754119,344.8576453
1.905858925,522.528038,8069.927431
1.866496303,476.6799392,5476.190981
0.3482042131,688.926549,4442.614989
0.8702897143,482.9238618,2691.027967
0.9226591394,816.2491492,23179.23049
0.1284963831,618.1502633,1072.221674
1.221332585,979.8050883,63969.09536
1.928021233,612.2491411,15430.29553
1.352227447,657.542309,14207.12585
1.428745619,536.7128604,6725.397807
1.625952051,365.7317051,1650.307538
0.4084573655,378.5108986,476.2703194
0.1339593025,811.6135902,3296.276206
0.9517983128,896.2138624,34672.98705
1.25067622,309.7102082,653.8376338
1.238321059,722.116862,19183.60585
1.781380007,703.5033597,24667.96938
0.9639522299,560.6461193,5388.687888
1.690809764,984.2058747,89798.6226
