rho,V,g,y
1101.838957,0.004479127813,9.062900009,44.70561664
1086.65415,0.01048862822,10.17926563,115.4790005
1183.647318,0.01814675531,10.32491925,222.7534863
1170.994951,0.00790267539,9.37366576,86.54419021
916.905606,0.0168975081,9.325826514,145.1988111
832.1953761,0.01438194037,10.29668548,123.0380771
958.3417367,0.00165930668,9.137200069,14.58626522
848.2395762,0.01120692124,10.06324849,95.81068605
1133.787914,0.009571258977,10.28185029,110.7114374
1053.735815,0.009636487873,9.650437777,97.42602793
904.4187788,0.004738520317,9.794667424,42.1527716
909.0282973,0.002876824634,10.07192376,26.22355724
1002.956943,0.01795157608,10.10024808,181.800579
1087.445567,0.006139673735,9.649909865,64.43503912
1029.324778,0.01394761702,9.851372361,141.5954722
962.7670564,0.01160326534,9.762667372,108.4200846
855.2787484,0.01535130785,10.12965181,134.4491906
1040.269473,0.01899027387,9.125538691,181.2284937
803.2726307,0.00934162007,9.149453467,68.52161526
849.7513882,0.01379945716,10.22753383,119.7500892
967.2659584,0.01827117917,9.744091626,171.7065843
1164.090706,0.01484066349,9.483614317,163.2345213
1188.417061,0.01898032962,9.780050109,220.7638061
803.8247999,0.00141684863,9.193703601,10.49418307
1046.349559,0.01209526534,10.11373235,127.7908848
980.1294784,0.01931895069,9.056189698,172.1472198
947.0563919,0.003371507535,10.22329192,32.69127073
996.0213852,0.01168232093,9.044480419,105.5022852
927.3321398,0.006370128007,10.41347092,61.92087322
933.3431426,0.003654539719,10.13603772,34.6072012
1006.501212,0.009001089793,9.457499141,85.76191526
825.9874271,0.01733439909,9.439786802,135.1731367
1145.809371,0.01705556825,10.13121542,197.791507
906.5759945,0.01654978007,10.27230181,153.4485
870.3251361,0.01307246317,10.42466555,118.2852421
882.1185167,0.009233700217,9.986810779,81.0955183
1042.629872,0.005196606166,9.069976716,49.33304616
1156.373206,0.005912593916,9.353700903,63.9432665
1018.679334,0.0170878647,10.41059767,181.0602869
835.6081086,0.01107632079,9.918772387,91.31448055
1076.129172,0.009224550503,9.887040752,98.09450332
801.0062428,0.002803148716,9.210055642,20.62849484
1130.243247,0.01135127172,9.25173805,118.7124319
859.8067146,0.001484185755,9.722115623,12.4653362
1173.640907,0.01226007268,9.92953995,142.6938952
873.2736653,0.01595685004,9.676845635,134.3336881
878.7731162,0.01619402238,9.044248165,128.1665754
1119.991985,0.004676825351,9.775709141,51.38834912
954.2692946,0.007194099342,9.879062187,67.61060679
820.975882,0.002116100201,9.386492905,16.30389392
1114.537865,0.004640421169,9.132809087,47.09475687
805.8595552,0.01468866105,10.41056772,123.0713887
1041.278637,0.01210556252,9.050784221,114.8385575
1193.621568,0.01364495581,10.45617418,169.2235994
1092.026726,0.006105813592,9.878278084,65.59884797
839.5678883,0.01610994477,9.655002315,130.8547929
929.6347067,0.01003881481,9.715141605,91.23272199
1049.916481,0.002953201511,10.01936784,30.97672466
1149.734792,0.0187596239,9.699612237,209.7594897
1017.84843,0.005242652644,9.635224298,51.26067098
972.6070494,0.01161000117,10.31741175,116.7790601
916.4437196,0.006507074346,10.00408374,59.66713821
914.8960786,0.01426060058,9.548437063,124.2404476
1048.497132,0.01287146347,10.00554046,134.3560701
932.3389517,0.007215523176,9.141019907,61.64606968
1096.875716,0.006470889069,10.08234516,71.21534677
1050.500495,0.01543706963,10.20470218,166.0001348
1108.951294,0.009832702911,10.14820923,110.0613237
886.1692774,0.004214296905,10.23771806,37.94399307
1055.473333,0.004419794576,9.676465355,44.83517447
1103.166685,0.008202989093,9.257245722,83.39344894
1022.550761,0.007614446414,9.165439343,71.33418574
921.8303523,0.00169262733,9.664928791,15.19763022
1113.600781,0.006206662948,9.689257907,67.04023722
1145.007881,0.009690438614,10.23522699,114.692505
1122.483499,0.004310984668,9.750523861,47.34919437
849.2385343,0.01900461538,10.13336165,162.8519454
1115.765329,0.01503460385,10.44809539,175.0686932
956.682464,0.007491061908,10.13607596,72.53446579
834.4479511,0.00889503397,9.282151485,69.16946499
838.1096974,0.008531045987,10.43411579,74.59425286
850.2142539,0.01897894091,9.015441412,144.73103
848.0589289,0.001764807938,9.425980285,14.06727177
990.9096137,0.001769591952,10.09946009,17.80485573
915.868744,0.01370180711,9.50538131,120.253431
884.2026251,0.01333365173,9.232651007,108.9358395
1139.106198,0.01282298972,10.34478188,152.066493
956.4369684,0.01686759164,9.115691727,146.3658329
844.3425458,0.01539870286,9.411963955,122.8273313
1183.401707,0.01446836833,9.417754462,162.0526249
1075.181662,0.01381575515,9.576166982,141.9963864
1077.729476,0.003460703352,9.963542835,37.05834239
923.3092276,0.01389093795,10.40026791,134.2980407
857.9414509,0.01419467406,9.890424731,121.2005165
1172.570883,0.01937133797,9.587424179,216.8280321
990.3555892,0.0156524549,10.45371603,161.4253219
848.8846212,0.005920267746,10.34195366,51.98551377
1083.803034,0.00895131789,9.676627861,94.76141347
1162.106383,0.006143937897,9.048767212,64.91610685
1024.786448,0.0125618711,10.43090219,134.1414636
1087.420969,0.01121629703,10.42232831,126.5792236
931.6034209,0.01487566314,10.31616003,142.2995593
1145.054037,0.003161480139,10.36636287,37.45261769
867.8559011,0.00314437714,9.068343134,24.67411145
1170.914982,0.006050632214,10.28345793,72.82183347
806.5787948,0.01347108267,10.33233811,112.2013176
1183.318163,0.00847372496,10.32079822,103.7420641
880.9472852,0.01306065571,9.594227941,110.3229596
1185.275433,0.01215587352,9.227375267,133.2151145
827.6866826,0.01722481434,9.500583885,134.954201
1196.0323,0.009211898984,9.326188964,102.7245896
1107.963688,0.001953930018,9.225504396,19.97802108
1133.038955,0.001138437061,10.03912758,12.87135876
1157.483527,0.008277083897,10.16817591,97.54976653
1139.460255,0.01604811219,10.44168213,192.1418263
964.4240686,0.01283453488,9.219264995,114.6946867
1175.287264,0.01360959156,10.19678525,163.0986938
1038.052659,0.00391941544,10.32594896,41.86106344
968.7568387,0.01475402575,10.45220596,149.0352776
1003.271307,0.01022698976,10.2955177,105.61266
881.4642363,0.004674952423,9.317060811,38.41879399
1105.584829,0.007364549086,9.211489991,75.19202779
860.8659176,0.004468604317,9.046786985,34.86531944
1129.319634,0.003152632071,9.191298231,32.68402785
990.8601663,0.009809016637,9.946690218,96.29705677
972.3396877,0.005503674404,10.00706564,53.54881847
955.8085936,0.00504978499,10.32365634,49.58015966
829.9627504,0.00875699592,10.39665887,75.38089789
1180.855033,0.01747066373,9.977631161,206.3269945
1187.094958,0.01774335254,9.923624356,210.7348924
1106.939206,0.00196250569,9.506675798,20.66072855
1184.19063,0.002488636111,10.01664505,29.41513614
1195.443682,0.0132763677,9.003773102,143.1074747
1043.938982,0.01289221137,9.701181416,130.930141
970.1025176,0.01775102693,9.315889664,159.392974
1029.736468,0.004413339269,9.606585113,43.64553447
991.7192407,0.009080475561,10.03794147,91.23109034
941.3432439,0.003861382323,10.31252825,37.29191635
855.6602394,0.007212654076,9.358729189,57.70192777
807.9343895,0.007652430546,9.91589686,61.38128251
1074.657078,0.01773634481,9.532030561,180.2680048
821.5356241,0.01984084449,9.14813956,149.6957092
860.8540145,0.01644818633,10.43805272,146.9465547
1010.966276,0.0138901449,9.813857829,137.821085
1042.081969,0.01584345017,9.469709471,155.9626645
971.0261546,0.005825575819,9.447666373,53.66108639
1063.121965,0.01668602898,9.410288754,168.0061824
1147.138387,0.01212491134,9.480074565,130.5278173
1195.631719,0.007883215528,9.350880311,87.89329145
1093.468683,0.007673848217,10.17049095,85.07574592
998.6963845,0.01195752778,10.37708557,123.4623987
807.5844853,0.0103151858,10.29727915,85.41566847
809.9814086,0.007994982849,9.367518036,61.21928019
1142.319573,0.009493710227,9.506429535,102.6638431
1026.774143,0.01281294549,9.465343594,123.8898548
870.3470814,0.007090360514,9.576813525,59.41133255
973.0179274,0.01428849422,10.17115876,140.7801123
906.8807317,0.008913523577,10.24031787,83.25902712
1127.961423,0.009343538827,9.106792719,95.82011199
1056.079128,0.002237913063,10.45387955,24.76111489
1067.332425,0.0145591255,10.00565689,155.741418
956.7190591,0.0114926808,10.44367299,114.7540867
910.588976,0.01813873917,9.920845516,163.2153328
990.9561003,0.002730238178,9.163521789,24.76880925
1100.385836,0.005376763663,9.403381363,55.73831336
995.033135,0.00879115052,9.46962751,82.94314522
861.2431839,0.003068503366,9.179294216,24.36314698
976.4166853,0.003684667122,9.719302282,35.04821194
812.8391484,0.01751626611,9.144003143,130.3858723
1037.66808,0.001747023341,9.080650765,16.4870246
1162.990615,0.01186998933,10.06952987,140.3662422
1100.756824,0.01614238799,9.745582416,172.4159902
864.844149,0.01457702532,10.3807177,130.8031195
1173.085045,0.01898660581,10.0121144,221.691065
1074.67313,0.004023099377,9.06424487,39.10460277
858.5757622,0.01640422907,10.38543977,146.0986102
1158.29887,0.009229999943,9.16639623,97.79815982
853.9293512,0.001615836002,10.38183738,14.32253455
855.9207435,0.01859958962,9.995790446,158.8246526
1140.946548,0.0164351103,9.012347041,170.5315998
998.3002357,0.01828131728,9.481475218,173.2932716
1058.806409,0.006146820145,9.555827117,62.32810814
1114.28163,0.0045843043,10.01931509,51.22947505
845.8131142,0.006026110371,9.545631518,48.23276432
1005.228572,0.002778718218,9.773756542,27.4666889
978.199564,0.008928427291,10.32607241,89.57754925
926.1828289,0.01124812853,9.259938182,96.66981359
846.7620917,0.01342961695,9.892636027,112.2453444
817.7297751,0.003170866275,9.808104393,25.4805054
1039.503615,0.01801726427,10.38934786,194.6481731
1038.595236,0.01706777893,10.1968496,180.3483068
841.1780616,0.01520873848,10.27834561,132.1089073
1055.04498,0.004824670615,9.915005756,50.87537127
948.4819235,0.01670504376,10.38038663,165.4053858
1016.498722,0.01115722619,9.779972251,111.1391377
1091.875753,0.0192215744,9.952432743,208.8891902
875.1009387,0.01687629831,10.37682185,153.3324787
802.8257685,0.01126966623,9.227081685,83.00902844
1174.392854,0.008861130541,9.64371041,101.2294666
1052.151511,0.009290563753,9.197403368,90.12794224
1103.34789,0.01116597559,9.501016552,116.6700935
810.0193325,0.01999958258,9.360801934,152.1332777
1076.614206,0.00105421774,10.23829644,11.64085318
896.5322627,0.008982481458,9.715287557,78.02877117
1052.771257,0.003618097916,10.17384698,38.67387959
1152.18795,0.01244081311,9.063505043,130.4018405
1074.083835,0.01493953481,9.922214872,159.4066273
1076.093125,0.01108000448,9.047539104,108.359817
860.4037508,0.007190001558,10.35937385,64.063414
902.0573276,0.0170812053,10.39578635,161.0538233
1092.372949,0.01895614767,9.49842662,198.106426
1001.596894,0.01349594384,10.16867903,137.9785012
822.2782014,0.01893433974,9.492592335,148.4938806
1048.826104,0.001204354264,9.407163158,11.86343826
834.1307167,0.009195556905,10.17579784,78.16202792
1145.812482,0.007184332065,9.38126264,77.47882444
1078.011881,0.007174938112,9.926420025,76.40542133
968.5623603,0.002473319416,10.40831497,25.05016511
845.7912303,0.01157014155,9.500338503,92.71134621
863.9591279,0.01887530437,10.49745346,170.8429461
953.943852,0.01358338686,9.620566254,124.5939493
903.9798912,0.007307941649,9.626737432,63.75026896
1076.422712,0.0117592447,9.925771624,125.1178723
1148.3306,0.002716954203,9.666222644,30.08025348
967.8054662,0.007808476531,10.48753317,79.32856502
1053.083953,0.01469341597,10.31563748,160.3590088
982.3256833,0.01481355837,10.402519,150.5762005
1032.835408,0.001536227771,9.322017134,14.84396642
854.2485992,0.01627749736,9.093289502,125.4855071
1178.107278,0.001642778228,10.0427299,19.40862482
1083.350737,0.004578529528,10.30156764,51.14143176
841.035383,0.01588889105,9.137590531,122.2130244
982.2711851,0.007839912429,10.42157236,80.25289728
899.2800803,0.009611223034,10.44841982,90.35255234
1146.616703,0.009045340008,10.37325134,107.4028433
1144.302731,0.008237940759,9.098269234,85.17285373
873.4872121,0.01305511677,10.01139183,114.2687156
823.1725067,0.004178247312,9.327394185,32.16142506
1087.491315,0.001489405134,9.551641035,15.51351126
956.4589031,0.00253755874,9.831102137,23.77007209
1199.587732,0.01484189742,10.17298797,181.2645428
1025.081855,0.002690614777,9.363541772,25.68911997
1170.314744,0.01175418319,9.074871881,125.3299556
1103.703396,0.01736462847,9.948263279,189.6557597
828.5151831,0.00849910533,9.481442475,66.79477025
921.8472823,0.001889784273,10.45197971,18.12483057
1010.647167,0.01720174282,9.147374198,158.8266223
1038.779163,0.003215753173,9.419109572,31.7573958
957.5713358,0.01981705449,10.13481277,192.3436495
1089.724275,0.00607542233,10.13542279,67.25363549
998.4823827,0.009972906927,9.442241066,94.30373376
987.3455499,0.01559554703,9.770724676,151.3002461
1044.043476,0.001675392942,9.27510429,16.14659935
868.7851941,0.01421402585,9.367324283,114.2521325
910.4736808,0.01969768639,9.853130585,177.6877196
1021.4857,0.01418489004,9.846447777,142.5091618
929.074516,0.005823899473,9.65809935,52.43687061
1128.190871,0.003009537751,10.32257527,34.8786765
1131.670474,0.009349927883,9.778495195,103.6528845
985.0749709,0.006480443316,9.845167761,63.13132572
1138.574737,0.01786091681,10.48210021,213.6646303
1064.267608,0.01863151558,10.25970848,203.4849911
833.8524862,0.01280914324,9.922004263,105.6986279
876.3051812,0.01899890226,9.768509319,163.9420635
1140.296948,0.01405134126,9.627868391,155.1456799
1085.709786,0.008438191342,9.73190165,89.29796168
889.6182081,0.001070377431,9.963806571,9.494597167
978.2474832,0.002427275349,9.202381757,21.77965767
1153.188226,0.01373773503,10.48507278,166.0182398
851.5467981,0.00817928357,10.08994729,70.707569
1116.83739,0.00749153383,9.788486223,82.21857814
1077.372747,0.006116853756,9.45760888,62.72968165
839.0129798,0.01100203285,9.200848591,85.02474499
806.4739666,0.002444368625,10.29302292,20.37243447
897.5625973,0.0155282281,10.09212027,140.4029447
1112.795874,0.01364608051,9.770956933,148.9701587
804.7816965,0.009533743814,9.22720788,70.87877058
1150.430516,0.01817786666,10.15899757,213.7425325
1095.168502,0.008791197049,10.12284034,97.1106817
981.5264494,0.003424280281,9.478022756,31.90152586
934.4903281,0.006930286626,9.784014918,63.48389862
886.5873151,0.01213719181,9.332892288,100.927606
1116.000717,0.007699240022,9.207586513,79.18467514
1158.095749,0.009875786581,9.915336585,114.292079
1080.016688,0.004121536983,10.03783189,44.40567368
821.06191,0.01332688881,9.121453739,100.1435869
984.8586986,0.01954451058,9.026662868,172.9346387
937.434789,0.01851314135,10.35270182,180.4244864
963.5065202,0.007338023237,9.987065811,70.52066686
991.8658587,0.001766358684,9.285276653,16.2024876
983.2247437,0.00648107776,10.1212865,64.67189481
924.9726147,0.0173532677,9.994203693,161.1229379
1104.536105,0.006066262085,10.1172475,67.90750129
1090.06453,0.005517627635,9.771795964,59.05914831
1186.653966,0.007036068594,10.113985,84.05988662
940.5481668,0.0197033949,9.244475543,170.6301802
871.3809457,0.01407331521,9.466482085,115.9393018
936.5112866,0.01654142113,9.256670534,143.2545141
834.7899291,0.01674061427,9.53154235,134.3009131
1029.788754,0.01280337962,10.44226807,136.9173969
907.6171996,0.01929377493,10.10583229,176.9867669
1150.266546,0.0140199895,10.09661274,162.8602892
994.3479376,0.006883997096,9.668548603,66.35807191
890.8122835,0.01697449094,10.05669563,152.177625
908.9231613,0.01007187927,9.825189792,89.62855939
827.5661654,0.01871739838,9.907705386,153.3453526
1058.883725,0.01955375921,10.11739126,208.0172355
1012.346339,0.008224515907,9.96453556,83.13959781
1106.144314,0.01568955321,10.25256119,178.3828492
918.3283656,0.001113160556,9.218754037,9.404112405
1018.855448,0.01689121766,9.913304704,171.674099
1102.290171,0.002533428256,9.223729886,25.80392536
1192.024976,0.01290884767,9.222648605,142.0590817
919.5759852,0.009002761974,9.39896571,77.51011754
909.198406,0.01949406081,10.30204663,183.3567261
1017.954224,0.004875315183,10.00103359,49.66562782
847.5435134,0.009148809931,9.396605403,72.50439895
933.8474674,0.01270379717,9.573260269,113.6695193
922.8790349,0.01167627601,9.204531301,99.48821224
984.1599956,0.01463982311,9.845568976,141.7163442
990.0781087,0.004478337257,9.903961844,43.69946549
911.4723643,0.01239411596,10.46022205,118.7122328
1187.237261,0.01912059888,10.00976608,226.5205602
890.1898721,0.001728733969,10.2034808,15.71826059
1057.113254,0.007269027511,9.332836316,71.5068082
1007.832204,0.00535871866,9.903314219,53.42141287
1102.422796,0.01781837633,9.110437031,178.7594885
927.4059193,0.01232290013,9.765349157,111.5340645
894.7541066,0.01022016992,9.033857815,81.78083106
817.965445,0.002905851732,9.30887965,22.22128105
1104.879111,0.01921430267,9.621171453,204.0622734
859.3893,0.001268214047,9.818615315,10.66273019
1005.269321,0.01123595008,10.14125668,114.2604718
966.8267898,0.0142967995,9.952870154,137.1670433
931.5548967,0.004644481493,9.355145379,40.62916195
1104.671701,0.001456320358,9.563877045,15.30603234
862.4619409,0.01886563129,9.13351361,149.2646575
1016.538306,0.005556507478,9.934399971,56.11011295
1054.043919,0.01863602058,10.46753156,206.2073747
1035.098346,0.001459353826,9.176395777,13.8052222
940.4026131,0.006988415323,10.26204051,67.60357792
947.4413127,0.008051672287,10.20436548,78.07456339
963.6335651,0.01152397008,9.506354582,106.2685898
1148.543395,0.008964937914,9.083523083,93.55887459
1047.110315,0.01580237688,10.11913966,168.1101786
811.3825371,0.007434657132,9.627250231,58.14844902
1065.568955,0.01873046182,10.03268331,199.5436617
1147.132669,0.008454744157,9.135571793,88.80097829
854.2964402,0.003975246418,10.05853343,33.95684063
1049.337702,0.01536734052,10.12207847,163.8085983
970.1875179,0.01986073115,10.18756253,196.4665985
936.9209336,0.01292727801,9.774732191,117.0110692
913.7659305,0.01472579282,9.621716721,129.3613316
1160.149232,0.01387808884,9.774236613,156.6920785
819.1624015,0.01674941523,9.574963224,131.1247102
932.8939202,0.01630146489,9.539947755,145.8904048
816.826533,0.01507526908,9.486784679,116.1569977
963.3822966,0.01129831659,10.19444153,111.0618081
853.7771153,0.0133171352,9.026534381,103.2171211
859.5401086,0.01052397465,10.37631795,94.21040389
862.7062256,0.009651651707,9.650936079,80.81522639
894.9433135,0.01633733471,9.597581759,139.5745238
1057.871942,0.007796198866,9.651188498,79.63692486
862.7483567,0.008850184779,9.034675117,69.20677915
1103.455869,0.003452891146,9.345764836,35.78057186
959.7272905,0.0137567463,9.418820211,124.1508436
980.4318563,0.01381605795,9.513842696,128.9710185
828.3928045,0.01806057178,9.610324097,143.9682642
805.0157126,0.01818390144,10.03883283,146.7149077
1126.214059,0.01115643131,10.19952933,129.2015862
1092.371591,0.01003589139,10.05247398,109.772335
1122.688728,0.01668670607,9.21226957,171.7761739
826.380994,0.001532742469,9.441600016,12.02628419
930.1584993,0.007796209608,9.954018025,72.2518374
1035.707554,0.01577462758,9.228886584,150.5256191
962.8323097,0.002080313727,9.916522548,19.89574398
1024.047022,0.00447340878,9.038192184,41.24326526
909.7414375,0.001303050514,10.04707476,11.92181274
958.205496,0.01424032259,9.522261032,129.8672963
928.3187237,0.002482711227,9.034134453,20.7199768
849.2090013,0.01605698664,9.552025585,129.7062743
1137.231228,0.01041937772,9.134251784,107.8111201
1148.390062,0.0164837506,9.099429097,172.1960503
1198.500684,0.01707565284,10.10294927,207.9594722
925.068696,0.01553380296,10.30471091,148.8058082
1175.014823,0.01966544734,9.811651908,227.1641786
907.2116097,0.01455717924,9.918233098,131.0304998
1118.652302,0.01698937203,9.597761252,182.095302
803.4785304,0.006676597494,9.698703671,51.61958243
910.3797272,0.0129565498,10.02178599,118.3754222
868.9647765,0.009689726251,9.041688443,76.07774631
817.9183174,0.00440422519,9.039343534,32.63477869
972.0602269,0.0199822765,9.445521105,184.6743726
869.7117638,0.003560782633,10.03887031,30.95130247
1074.054461,0.005532668397,9.112192625,54.34565782
935.7800129,0.01751043592,9.587636319,157.9783307
901.1989307,0.01890502308,9.810084571,165.3813031
871.4126853,0.01631972974,9.364526233,134.1115529
851.7927328,0.01481831352,9.610743147,121.8011282
1103.137056,0.0107286278,10.43793056,123.448132
