x,k,PE
0.1044059527247658,268.78341331163347,1.4649506359586058
0.05702783518519286,364.0248303393514,0.5919360417273828
0.012240864853076114,321.48999158581773,0.024085832831220188
0.04655640735720902,128.82251649670715,0.13961134209386017
0.14148610296754946,155.0581997189289,1.552002123524264
0.04811527755752909,355.74370588869164,0.4117875576527728
0.08021189901441927,51.842856597951155,0.1667771410339036
0.010709505989894431,337.4299464339682,0.019350513909917422
0.16770906866233168,328.97430006321616,4.626420144082535
0.03934760540167357,213.77723349530228,0.16548859609652133
0.06084386786711924,156.06134938675973,0.2888677050350383
0.17726310925635747,147.44896423527067,2.3165861521073614
0.1068602538750004,139.2043556789436,0.7947951935296692
0.1709585468095152,205.7767070589263,3.00709987507799
0.13154626171908,226.59189063528365,1.9605205056352637
0.15093647999875287,243.72407322607236,2.7762391041329058
0.027384164961978673,398.4250992020374,0.14938799499200495
0.11281732606153286,327.43167172481355,2.083734075951527
0.10647672489706649,267.76273030440694,1.5178522565810157
0.17555448157164733,396.13605168865973,6.104332962052305
0.07864017121268994,125.35804438245964,0.3876244057578526
0.12365497276937047,106.07421185024559,0.8109666414898499
0.02125781204564569,264.3888614955608,0.05973794583151593
0.08365004221103844,65.37970278648417,0.22874166352832906
0.07137690578905927,62.48809757075865,0.1591778893196038
0.03853794852338586,230.2110870949796,0.17095170026231696
0.16510423972562438,213.17210886385118,2.905472955417649
0.08209477259455937,371.0087206174983,1.2502162245300608
0.1959620980381321,270.2291890718536,5.188554983373933
0.12209842167201594,229.94117630982984,1.7139843535923838
