k,x,y
12.77594064,0.207623644,0.27654620079999997
11.208103879999999,0.38890836470000001,0.84667083310000002
193.57834020000001,0.43582675110000002,18.480989839999999
15.936749730000001,0.1759569094,0.24653810179999999
197.18799870000001,0.1816299012,3.2747012039999999
191.86195720000001,0.24324616769999999,5.6952311959999999
18.455354620000001,0.14560991440000001,0.19589140720000001
190.42148520000001,0.17208173539999999,2.8326592490000002
24.173483910000002,0.4459194112,2.4084068099999998
199.561082,0.4943093596,24.40127244
23.704797360000001,0.40088733250000003,1.9086367099999999
22.636305539999999,0.34201753940000001,1.3284155950000001
14.559005450000001,0.1522148878,0.16935841430000001
188.1663973,0.35275327820000002,11.735544640000001
195.92140230000001,0.31886509810000002,9.967666844
196.9300566,0.36121205220000002,12.90793362
194.8439367,0.199751975,3.9007267040000002
197.84584269999999,0.4509034187,20.177802119999999
25.628819910000001,0.14737462609999999,0.27796163210000002
185.308019,0.48382994460000001,21.803104439999998
19.083627580000002,0.090588618600000004,0.078171869869999994
14.92830403,0.35835307979999997,0.95953912679999998
188.41486649999999,0.46271580499999998,20.137552209999999
194.27612579999999,0.077965720449999998,0.5899655586
185.1006702,0.035381385180000002,0.1152938904
15.635455350000001,0.17950432429999999,0.25324961109999999
25.913254519999999,0.24564249360000001,0.78524214179999996
10.940604950000001,0.31101863190000001,0.5318404524
185.8117589,0.42673222350000001,16.832201090000002
23.807129660000001,0.31891801310000001,1.216523142
10.03086165,0.32768181880000002,0.53842963700000002
198.341093,0.1816363466,3.2604538889999999
185.9985064,0.01765686285,0.029024160390000001
189.44712699999999,0.45258674989999997,19.37126714
27.103761810000002,0.3966837621,2.153926743
196.75430679999999,0.14472662410000001,2.0570198529999999
27.01762368,0.47244261459999998,3.0221875649999999
10.91966912,0.29613739900000002,0.47981375370000001
183.4335021,0.1028883711,0.96547001909999997
188.43735459999999,0.4347263193,17.854852990000001
190.5448342,0.31739381550000001,9.6180988319999994
15.85183486,0.1132205466,0.10136083479999999
187.76601400000001,0.2201990543,4.5313788549999998
18.423458360000001,0.13642574960000001,0.17091582159999999
10.51620318,0.33726702089999999,0.59524815070000003
11.07078239,0.1192238244,0.079190065190000006
186.2686588,0.053852543580000002,0.26983510729999999
15.662808679999999,0.19325722300000001,0.29398415639999997
24.039821910000001,0.41453646030000002,2.0700548350000001
189.76487510000001,0.16097041840000001,2.4813217060000001
12.98003198,0.093203951879999997,0.05643862752
199.70062619999999,0.24734479270000001,6.09827283
197.55067990000001,0.2136578469,4.5119574800000004
10.79329149,0.3546723188,0.67666334039999998
191.6972446,0.2977437336,8.5447412979999999
13.94992633,0.20377866419999999,0.2892252501
11.69536216,0.48681763459999999,1.382838856
186.00090789999999,0.1266157816,1.484376675
10.252617600000001,0.1004625276,0.051753984400000001
184.13208320000001,0.4253216064,16.868323239999999
